id,CodeEH,LibelleEH,OrdreAbsEH,NiveauEH,InclusEH,EtatEH,NatureEH,MilieuEH,ThemeEH,OrigineEH
"1",974AH,Formations volcaniques de la planèze Sud,,"2","974","3","3","6","5","1"
"2",974AT,Formations volcaniques de Pierrefonds Ravine Blanche,,"2","974","4","3","4","5","1"
"3","974",Grand système aquifère volcanique de l'Ile de la Réunion,,"1",,X,"1",X,"5","4"
"4",974AB03,Formations volcaniques sommitales du Mazerin,"10","3",974AB,"3","5","6","5","1"
"5",974AB04,Formations volcaniques du paléocirque de Bébour Bélouve,"10","3",974AB,"3","5","6","5","1"
"6",974AB05,Formations volcaniques de l'aquifère perché de l'Ilet Patience,"10","3",974AB,"3","5","6","5","1"
"7",974AC01,Formations volcano-détritiques de Cilaos,"10","3",974AC,"3","5","6","5","1"
"8",974AG01,Formations volcaniques du littoral de la plaine des Cocos,"10","3",974AG,"2","5","6","5","1"
"9",974AG02,Formations volcaniques du littorales de la plaine du Gol,"10","3",974AG,"3","5","6","5","1"
"10",974AG03,Formations volcaniques sommitale et de transition des Makes,"10","3",974AG,"3","5","6","5","1"
"11",974AJ01,Formations volcaniques du littoral de Saint Gilles,"10","3",974AJ,"3","6","6","5","1"
"12",974AJ02,Formations volcaniques sommitales et de transition de Saint-Gilles,"10","3",974AJ,"3","5","6","5","1"
"13",974AL01,Formations volcaniques du littoral de La Montagne,"10","3",974AL,"3","5","6","5","1"
"14",974AL02,Formations volcaniques sommitales et de transition de La Montagne,"10","3",974AL,"3","5","6","5","1"
"15",974AM01,Formations volcano-détritiques de Mafate,"10","3",974AM,"3","5","6","5","1"
"16",974AP01,Formations volcaniques du littoral de l'Etang Saint Paul Plaine des Galets,"10","3",974AP,"3","5","6","5","1"
"17",974AP02,Formations volcaniques sommitales et de transition de Saint Paul,"10","3",974AP,"3","5","6","5","1"
"18",974AP03,Formations volcaniques sommitales et de transition de Sainte-Thérèse,"10","3",974AP,"3","5","6","5","1"
"19",974AS01,Formations volcano-détritiques de Salazie,"10","3",974AS,"3","5","6","5","1"
"20",974AW01,Formations volcaniques du  littoral de l'Etang Salé,"10","3",974AW,"3","5","6","5","1"
"21",974AW02,Formations volcaniques du littoral de la planèze Ouest,"10","3",974AW,"3","5","6","5","1"
"22",974AW03,Formations volcaniques sommitales et de transition de la planèze Ouest,"10","3",974AW,"3","5","6","5","1"
"23",974AE01,Formations volcaniques du littoral de la planèze Est,"10","3",974AE,"3","5","6","5","1"
"24",974AE02,Formations volcaniques sommitales et de transition de la planèze Est,"10","3",974AE,"3","5","6","5","1"
"25",974AE03,Formations volcaniques du paléocirque de la Plaine des Palmistes,"10","3",974AE,"3","5","6","5","1"
"26",974AF01,Formations volcaniques du littoral de Sainte-Rose Saint-Philippe Saint-Joseph,"10","3",974AF,"3","5","6","5","1"
"27",974AF02,Formations volcaniques de Sainte-Rose Saint-Philippe Saint-Joseph,"10","3",974AF,"3","5","6","5","1"
"28",974AH01,Formations volcaniques du littoral de Petite Ile Saint-Pierre,"10","3",974AH,"3","5","6","5","1"
"29",974AH02,Formations volcaniques sommitales et de transition de Petite Ile - Saint-Pierre,"10","3",974AH,"3","5","6","5","1"
"30",974AT01,Formations volcaniques de Pierrefonds,"10","3",974AT,"3","5","6","5","1"
"31",974AT02,Formations volcaniques sommitales set de transition du Tampon,"10","3",974AT,"3","5","6","5","1"
"32",974AT03,Formations volcaniques de l'Entre-Deux,"10","3",974AT,"3","5","6","5","1"
"33",974AA01,Formations volcaniques du littoral de Saint-Denis Sainte-Marie Sainte-Suzanne Saint-André,"10","3",974AA,"3","5","6","5","1"
"34",974AA02,Formations volcaniques sommitales de Saint-Denis Sainte-Marie Sainte-Suzanne Saint-André,"10","3",974AA,"3","5","6","5","1"
"35",974AB01,Formations volcaniques du littoral de Bras Panon Saint-Benoit,"10","3",974AB,"3","5","6","5","1"
"36",974AB02,Formations volcaniques du volcan bouclier ancien de Bras-Panon - Saint-Benoit,"10","3",974AB,"3","6","6","5","1"
"37",974AA,Formations volcaniques de la planèze Nord,,"2","974","4","3","4","5","4"
"38",974AB,Formations volcaniques de Bras-Panon Saint-Benoit,,"2","974","4","3","4","5","4"
"39",974AC,Formations volcaniques du cirque de  Cilaos,,"2","974","4","3","4","5","4"
"40",974AG,Formations volcaniques des Makes Cocos Gol,,"2","974","3","3","6","5","4"
"41",974AJ,Formations volcaniques de Saint-Gilles,,"2","974","4","3","6","5","4"
"42",974AL,Formations volcaniques de La Montagne,,"2","974","4","3","6","5","4"
"43",974AM,Formations volcaniques du cirque de Mafate,,"2","974","4","3","6","5","4"
"44",974AP,Formations volcaniques de Saint-Paul La Possession,,"2","974","4","3","4","5","4"
"45",974AS,Formations volcaniques du cirque de Salazie,,"2","974","4","3","4","5","4"
"46",974AW,Formations volcaniques de la planèze Ouest,,"2","974","3","3","6","5","4"
"47",974AE,Formations volcaniques de la planèze Est,,"2","974","4","3","4","5","1"
"48",974AF,Formations volcaniques de Sainte-Rose Saint-Philippe Saint-Joseph,,"2","974","4","3","4","5","1"
"49","101",Grand domaine hydrogéologique des formations sableuses du littoral en Artois Picardie et dépôts holocènes du Quaternaire en Loire-Atlantique et Vendée,,"1",,X,"2","1","2","4"
"50",101AA,Dépôts holocènes en Pays de la Loire et en Poitou-Charentes,,"2","101",X,"4","1","2","4"
"51",101AA01,Sables dunaires en Loire-Atlantique et Vendée (bassin Loire-Bretagne),"100","3",101AA,"2","5","1","2","1"
"52",101AA03,Vases flandriennes de Loire-Atlantique et Vendée (bassin Loire-Bretagne),"150","3",101AA,X,"6","1","2","1"
"53",101AA11,Sables dunaires en Charente-Maritime (bassin Loire-Bretagne),"200","3",101AA,"2","5","1","2","1"
"54",101AA13,Vases flandriennes en Charente-Maritime (bassin Loire-Bretagne),"250","3",101AA,X,"6","1","2","1"
"55",101AC,Sables du Quaternaire en Artois-Picardie,,"2","101","2","3","1","2","4"
"56",101AC01,Sables pissards dans le bassin Artois-Picardie,"500","3",101AC,"2","5","1","2","1"
"57","104",Grand domaine hydrogéologique du Mio-Pliocène du Bassin Parisien,,"1",,X,"2","1","2","4"
"58",104AA,Sables et argiles du Mio-Pliocène du Bassin Parisien,,"2","104","2","4","1","2","4"
"59",104AA01,Sables argileux d'Ardentes du Pliocène en région Centre (bassin Loire-Bretagne),"1000","3",104AA,"2","6","1","2","1"
"60",104AA04,Sables et argiles du Mio-Pliocène du Bassin Parisien (Bassin Seine-Normandie),"1010","3",104AA,X,"6","1","2","1"
"61",104AA05,Argiles à meulières et meulières de Montmorency du Mio-Pliocène du Bassin Parisien (bassin Loire-Bretagne),"1020","3",104AA,X,"7","1","2","1"
"62",104AA13,Sables et argiles du Bourbonnais du Mio-Pliocène dans le bassin Loire-Bretagne,"1010","3",104AA,"2","6","1","2","1"
"63",104AB,Sables du Pliocène en Bretagne et Pays de la Loire,,"2","104","2","3","1","2","4"
"64",104AB01,Sables du Pliocène en Bretagne et Pays-de-la-Loire (bassin Loire-Bretagne),"1500","3",104AB,"2","5","1","2","1"
"3320",712HA03,Alluvions de la haute vallée du Fier,"2","3",712HA,"2","5","1","1","1"
"65",104AC,"Faluns, Sables, et formations argilo-sableuses du Miocène (bassin Loire-Bretagne)",,"2","104","2","3","1","2","4"
"66",104AC08,Faluns et sables du Miocène moyen à supérieur (bassin Loire-Bretagne),"2000","3",104AC,"2","5","1","2","1"
"67",104AC10,"Formations argilo-sableuses du Miocène inférieur, faciès laguno-marin (bassin Loire-Bretagne)","2050","3",104AC,"2","6","1","2","1"
"68",104AE,"Sables, argiles et marnes du Miocène au Pliocène inférieur de l'Orléanais et de Sologne",,"2","104",X,"4","1","2","4"
"69",104AE01,Sables de Montreuil du Serravillien (Miocène moyen) en Indre et Loire (bassin Loire-Bretagne),"2400","3",104AE,"2","5","1","2","1"
"70",104AE03,Sables et argiles de Sologne du Miocène au Pliocène inférieur du Bassin Parisien (bassin Seine-Normandie et bassin Loire-Bretagne),"2410","3",104AE,"3","6","1","2","1"
"71",104AE05,"Marnes, argiles et sables de l'Orléanais et du Blésois du Burdigalien (Miocène inférieur) du Bassin Parisien (bassin Seine-Normandie et bassin Loire-Bretagne)","2420","3",104AE,"3","6","1","2","1"
"72",104AG,Sables et faluns du Mio-Pléistocène en Normandie,,"2","104","2","3","1","2","4"
"73",104AG01,Sables du Plio-Pléistocène de la partie profonde du bassin de Lessay,"2500","3",104AG,"3","5","1","2","1"
"74",104AG02,Sables du Plio-Pléistocène en plaquage du bassin de Lessay,"2502","3",104AG,"2","5","1","2","1"
"75",104AG03,Sables et faluns du Pliocène de la partie profonde du bassin de Saint-Sauveur-le-Vicomte,"2503","3",104AG,"3","5","1","2","1"
"76",104AG04,Sables et faluns du Pliocène en plaquage du bassin de Saint-Sauveur-le-Vicomte,"2504","3",104AG,"2","5","1","2","1"
"77",104AG05,Sables et faluns de l'Eocène au Pléistocène de la partie profonde du bassin du Merderet,"2500","3",104AG,"3","5","1","2","1"
"78",104AG06,Sables et faluns de l'Eocène au Pléistocène en plaquage du bassin du Merderet,"2500","3",104AG,"2","5","1","2","1"
"79",104AG07,Sables et faluns du Plio-Pléistocène du bassin de la vallée de l'Aure,"2500","3",104AG,"3","5","1","2","1"
"80",104AG08,Sables de Saint-Vigor du Quaternaire du bassin de Sainteny-Marchésieux,"2500","3",104AG,"2","5","1","2","1"
"81",104AG09,Marnes et argiles indifférenciés du Quaternaire du bassin de Sainteny-Marchésieux,"2520","3",104AG,X,"7","1","2","1"
"82",104AG10,Marnes de Saint-Nicolas-de-Pierrepont du Quaternaire du bassin de Sainteny-Marchésieux,"2540","3",104AG,X,"7","1","2","1"
"83",104AG11,Faluns de Bohon du Quaternaire du bassin de Sainteny-Marchésieux,"2560","3",104AG,"3","5","1","2","1"
"84",104AG12,Complexe du Bosq d'Aubigny du Plio-Quaternaire du sous-bassin de Marchésieux,"2580","3",104AG,"3","5","1","2","1"
"85",104AG13,Sables et grès de Marchésieux du Plio-Quaternaire du sous-bassin de Marchésieux,"2600","3",104AG,"3","5","1","2","1"
"86",104AG14,Faluns de Bléhou du Néogène du sous-bassin de Sainteny,"2620","3",104AG,"3","5","1","2","1"
"87","107",Grand système multicouche de l'Oligo-Miocène du Bassin Parisien,,"1",,X,"12",X,"2","4"
"88",107AA,Calcaires de Pithiviers et de l'Orléanais de l'Aquitanien (Miocène inf.) du Bassin Parisien,,"2","107","3","3","5","2","4"
"89",107AA01,"Calcaires de Beauce, de Pithiviers et de l'Orléanais de l'Aquitanien (Miocène inf.) du Bassin Parisien, bassin de la Seine (bassin Seine-Normandie)","3000","3",107AA,"3","5","5","2","1"
"90",107AA02,"Calcaires de Beauce, de Pithiviers et de l'Orléanais de l'Aquitanien (Miocène inf.) du Bassin Parisien, secteur de la Beauce et du Val d'Orléans (bassin Loire-Bretagne)","3000","3",107AA,"3","5","5","2","1"
"91",107AA03,"Calcaires de Pithiviers et de l'Orléanais de l'Aquitanien, bassin du Cosson (bassin Loire-Bretagne)","3010","3",107AA,"1","5","5","2","1"
"92",107AA05,"Calcaires de Pithiviers et de l'Orléanais de l'Aquitanien, bassin du Beuvron (bassin Loire-Bretagne)","3020","3",107AA,"1","5","5","2","1"
"93",107AA07,"Calcaires de Pithiviers et de l'Orléanais de l'Aquitanien, bassin du Cher et de la Sauldre (bassin Loire-Bretagne)","3030","3",107AA,"1","5","5","2","1"
"94",107AC,Sables et grès de Fontainebleau de l'Oligo-Miocène du Bassin Parisien (bassin Seine-Normandie et Loire-Bretagne),,"2","107","3","3","1","2","4"
"95",107AC03,Sables et grès de Fontainebleau de l'Oligo-Miocène du Bassin Parisien de l'Hurepoix au Mantois (bassin Seine-Normandie),"4000","3",107AC,"3","5","1","2","1"
"96",107AC04,Sables et grès de Fontainebleau de l'Oligo-Miocène : Buttes entre Loing et Yonne (bassin Seine-Normandie),"4000","3",107AC,"3","5","1","2","1"
"97",107AC05,Sables et grès de Fontainebleau de l'Oligo-Miocène du Bassin Parisien en rive droite de la Seine (bassin Seine-Normandie),"4000","3",107AC,"3","5","1","2","1"
"98",107AC07,Sables et grès de Fontainebleau (faciès éolien) de l'Oligo-Miocène du Bassin Parisien en Beauce (bassin Seine-Normandie et Loire-Bretagne),"4000","3",107AC,"3","5","1","2","1"
"99",107AC09,Sables et grès de Fontainebleau (faciès marin) de l'Oligo-Miocène du Bassin Parisien en Beauce (bassin Seine-Normandie et Loire-Bretagne),"4050","3",107AC,"3","5","1","2","1"
"100",107AE,Molasse du Gatinais de l'Oligo-Miocène du Bassin Parisien,,"2","107",X,"4","1","2","4"
"101",107AE01,Molasse du Gâtinais de l'Oligo-Miocène (bassins Loire-Bretagne et Seine-Normandie),"3100","3",107AE,X,"7","1","2","1"
"102",107AF,Calcaires d'Etampes du Rupélien (Oligocène inf.) du Bassin Parisien,,"2","107","3","3","5","2","4"
"103",107AF01,Calcaires d'Etampes du Rupélien (Oligocène inférieur) du Bassin Parisien (bassin Seine-Normandie),"3500","3",107AF,"3","5","5","2","1"
"104",107AF02,"Calcaires d'Etampes du Rupélien (Oligocène inférieur) du Bassin Parisien, secteur de la Beauce et du Val d'Orléans (bassin Loire-Bretagne)","3500","3",107AF,"3","5","5","2","1"
"105",107AF03,"Calcaires d'Etampes du Rupélien, bassin du Cosson (bassin Loire-Bretagne)","3510","3",107AF,"1","5","5","2","1"
"106",107AF04,Calcaires d'Etampes du Rupélien (Oligocène inférieur) du Bassin Parisien : Buttes entre le Loing et l'Yonne (Bassin Seine-Normandie),"3500","3",107AF,"3","5","5","2","1"
"107",107AF05,"Calcaires d'Etampes du Rupélien, bassin du Beuvron (bassin Loire-Bretagne)","3520","3",107AF,"1","5","5","2","1"
"108",107AF07,"Calcaires d'Etampes du Rupélien, bassin du Cher et de la Sauldre (bassin Loire-Bretagne)","3530","3",107AF,"1","5","5","2","1"
"109",107AI,"Marnes à Huitres du Stampien (Rupélien, Oligocène inf.) du Bassin Parisien",,"2","107",X,"4","1","2","4"
"110",107AI01,"Marnes à Huitres du Stampien (Rupélien, Oligocène inf.) du Bassin Parisien","5000","3",107AI,X,"6","1","2","1"
"111",107AJ,"Marnes à Huîtres ou Molasse d'Etrechy du Stampien (Rupélien, Oligocène inf.) du Bassin Parisien",,"2","107",X,"4","1","2","4"
"112",107AJ01,"Marnes à Huîtres ou Molasse d'Etrechy du Stampien (Rupélien, Oligocène inf.) du Bassin Parisien","5000","3",107AJ,X,"7","1","2","1"
"113",107AK,"Calcaires de Brie, de Sannois et d'Orgemont du Rupélien (Oligocène inf.) du Bassin Parisien (bassin Seine-Normandie et Loire-Bretagne)",,"2","107","3","3","4","2","4"
"163",113AO01,"Marnes et caillasses du Lutétien sup. du Bassin Parisien, contenant localement du gypse","11000","3",113AO,X,"6","4","2","1"
"114",107AK01,"Calcaires de Brie, de Sannois et d'Orgemont du Rupélien (Oligocène inf.) du Bassin Parisien (bassin Seine-Normandie et Loire-Bretagne)","6000","3",107AK,"3","5","4","2","1"
"115","110",Grand domaine hydrogéologique de l'Oligocène inf. à l'Eocène sup. (Sannoisien au Ludien) du Bassin Parisien,,"1",,X,"2","1","2","4"
"116",110AA,"Marnes supra-gypseuses (dont d'Argenteuil, de Pantin et de Romainville) du Rupélien (Oligocène inf.) du Bassin Parisien (bassin Seine-Normandie majoritairement et bassin Loire-Bretagne)",,"2","110",X,"4","1","2","4"
"117",110AA01,"Marnes supra-gypseuses (dont d'Argenteuil, de Pantin et de Romainville) du Rupélien (Oligocène inf.) du Bassin Parisien (bassin Seine-Normandie majoritairement et bassin Loire-Bretagne)","7000","3",110AA,X,"7","1","2","1"
"118","113",Grand système multicouche de l'Eocène du Bassin Parisien,,"1",,X,"12",X,"2","4"
"119",113AA,Calcaire Ludien de l'Eocène sup. du Bassin Parisien,,"2","113","3","3","5","2","4"
"120",113AA01,Calcaire Ludien de l'Eocène sup. du Bassin Parisien,"8000","3",113AA,"3","5","5","2","1"
"121",113AA03,Calcaire Ludien de l'Eocène sup. du Bassin Parisien en Brie à dominante karstique,"8000","3",113AA,"2","5","5","2","1"
"122",113AB,Marnes calcaires du Bartonien-Rupélien et poudingues de l'Yprésien de Poitou-Charentes,,"2","113",X,"4","1","2","4"
"123",113AB01,Marnes calcaires du Bartonien-Rupélien et poudingues de l'Yprésien du bassin de la Vienne (bassin Loire-Bretagne),"6500","3",113AB,X,"7","1","2","1"
"124",113AB03,Marnes calcaires du Bartonien-Rupélien et poudingues de l'Yprésien du bassin du Clain (bassin Loire-Bretagne),"6500","3",113AB,X,"7","1","2","1"
"125",113AC,"Calcaires de l'Eocène-Oligocène inf., majoritairement lacustres, du Bassin Parisien",,"2","113","2","3","4","2","4"
"126",113AC01,Calcaires lacustres de l'Eocène en région Centre (bassins Loire-Bretagne et Seine-Normandie),"8010","3",113AC,"2","6","2","2","1"
"127",113AC03,Calcaires de Briare de l'Eocène supérieur dans le Loiret (bassin Loire-Bretagne),"8020","3",113AC,"2","6","2","2","1"
"128",113AC05,Calcaires lacustres de l'Eocène en Bourgogne (Nièvre et Yonne) (bassin Loire-Bretagne),"8060","3",113AC,X,"6","2","2","1"
"129",113AC07,Calcaires lacustres du Berry du Priabonien (bassin Loire-Bretagne),"8100","3",113AC,"2","5","2","2","1"
"130",113AC09,Calcaires lacustres de Touraine et d’Anjou de l'Eocène supérieur (bassin Loire-Bretagne),"8120","3",113AC,"2","5","2","2","1"
"131",113AC11,Calcaires lacustres de l'Eocène supérieur à l'Oligocène inférieur du bassin de la Vienne (bassin Loire-Bretagne),"8030","3",113AC,"2","5","1","2","1"
"132",113AC13,Calcaires lacustres de l'Eocène supérieur à l'Oligocène inférieur du bassin du Clain (bassin Loire-Bretagne),"8040","3",113AC,"2","5","1","2","1"
"133",113AC15,Calcaires du Rupélien supérieur en Bretagne,"7500","3",113AC,"2","5","3","2","1"
"134",113AD,Grès du Bartonien dans le Maine et Loire (bassin Loire-Bretagne),,"2","113","2","3","1","2","4"
"135",113AD01,Grès du Bartonien dans le Maine et Loire (bassin Loire-Bretagne),"8500","3",113AD,"2","5","1","2","1"
"136",113AE,Sables et argiles de Brenne du Bartonien dans le bassin Loire-Bretagne,,"2","113",X,"4","1","2","4"
"137",113AE01,Sables et Argiles de Brenne du Bartonien en régions Centre et Poitou-Charentes (bassin Loire-Bretagne),"9000","3",113AE,X,"6","1","2","1"
"138",113AF,"Calcaires sableux, sables et argiles sableuses de l'Eocène inférieur dans le bassin Loire-Bretagne",,"2","113",X,"4","1","2","4"
"139",113AF01,Calcaires sableux du Lutétien supérieur de Loire-Atlantique et Vendée (bassin Loire-Bretagne),"12000","3",113AF,"2","5","1","2","1"
"140",113AF03,Argiles sableuses du Lutétien en Bretagne et Pays de la Loire (bassin Loire-Bretagne),"12100","3",113AF,X,"6","1","2","1"
"141",113AF05,"Sables de l'Yprésien en Ille-et-Vilaine, Loire-Atlantique et Vendée (bassin Loire-Bretagne)","12300","3",113AF,"2","5","1","2","1"
"142",113AG,Masses et marnes du Gypse de l'Eocène du Bassin Parisien,,"2","113",X,"4","1","2","4"
"143",113AG01,"Argiles de Lignières et Cailloutis à Chailles de l'Eocène, Sud région Centre (bassin Loire-Bretagne)","12400","3",113AG,X,"7","1","2","1"
"144",113AG03,Masses et marnes du gypse de l'Eocène du Bassin Parisien,"8000","3",113AG,X,"6","1","2","1"
"145",113AH,"Formations à chailles de l'Eocène, Poudingues de Nemours et de Gien",,"2","113",X,"4","1","2","4"
"146",113AH01,"Cailllasses de silex de l'Eocène inférieur, Poudingues de Gien (bassin Loire-Bretagne)","12500","3",113AH,X,"6","1","2","1"
"147",113AH02,"Formations à chailles de l'Eocène, Poudingues de Nemours (bassin Seine-Normandie)","16100","3",113AH,X,"6","4","2","1"
"148",113AI,Marnes Infra-gypseuses de l'Eocène du Bassin Parisien,,"2","113",X,"4","1","2","4"
"149",113AI01,Marnes Infra-gypseuses de l'Eocène du Bassin Parisien,"9005","3",113AI,X,"7","1","2","1"
"150",113AJ,Argiles sableuses du Bartonien (Eocène sup.) et du Rupélien (Oligocène inf.) dans le bassin Loire-Bretagne,,"2","113",X,"4","1","2","4"
"151",113AJ01,Argiles sableuses du Bartonien-Rupélien en Bretagne et Pays de la Loire (bassin Loire-Bretagne),"7020","3",113AJ,X,"7","1","2","1"
"152",113AK,"Sables, calcaires et grès du Bartonien (Eocène) du Bassin Parisien",,"2","113","3","3","1","2","4"
"153",113AK01,"Sables de Monceau, de Marines, de Cresnes du Marinésien supérieur (Bartonien inf.) du Bassin Parisien","10000","3",113AK,"3","6","1","2","1"
"154",113AK03,Calcaires de Saint-Ouen du Bartonien inf. du Bassin Parisien,"10010","3",113AK,"3","6","1","2","1"
"155",113AK05,"Sables du Marinésien (sables de Mortefontaine, Calcaire de Ducy, Sables d'Ezanville ) et de l'Auversien (Sables de BeauChamps, d'Auvers) du Bassin Parisien","10020","3",113AK,"3","6","1","2","1"
"156",113AL,Formations des sables et argiles de type Limagne et calcaires lacustres de l'Eocène-Oligocène dans le bassin Loire-Bretagne,,"2","113",X,"4","1","2","4"
"157",113AL01,Formations des sables et argiles de type Limagne et calcaires lacustres de l'Eocène-Oligocène dans le bassin de la Loire de sa source au Rhins,"12100","3",113AL,X,"6","1","2","1"
"158",113AL03,Formations des sables et argiles de type Limagne et calcaires lacustres de l'Eocène-Oligocène dans le bassin de la Loire du Rhins à l'Allier,"12110","3",113AL,X,"6","1","2","1"
"159",113AL05,Formations des sables et argiles de type Limagne et calcaires lacustres de l'Eocène-Oligocène dans le bassin de l'Allier de sa source à la Dore,"12120","3",113AL,"3","6","4","2","1"
"160",113AL07,Formations des sables et argiles de type Limagne et calcaires lacustres de l'Eocène-Oligocène dans le bassin de l'Allier de la Dore à la Loire,"12130","3",113AL,"3","6","4","2","1"
"161",113AL09,Formations des sables et argiles de type Limagne et calcaires lacustres de l'Eocène-Oligocène dans le bassin du Cher de sa source à l'Arnon,"12140","3",113AL,X,"6","1","2","1"
"162",113AO,"Marnes et caillasses du Lutétien sup. du Bassin Parisien, contenant localement du gypse",,"2","113",X,"4","4","2","4"
"3321",712HA05,Alluvions du Chéran,"2","3",712HA,"2","5","1","1","1"
"164",113AQ,Calcaires et sables du Lutétien du Bassin Parisien et du Bassin des Flandres,,"2","113","3","3","4","2","4"
"165",113AQ01,Calcaires des Monts des Flandres du Lutétien du bassin Artois-Picardie,"12000","3",113AQ,"2","5","2","2","1"
"166",113AQ03,Sables des Monts des Flandres de l'Yprésien supérieur du bassin Artois-Picardie,"12900","3",113AQ,"2","5","1","2","1"
"167",113AQ04,Calcaires et sables du Lutétien du sud du Bassin Parisien : Buttes entre le Loing et l'Yonne,"12000","3",113AQ,"3","5","4","2","1"
"168",113AQ13,Calcaires et marnes de l'Eocène et de l'Oligocène inférieur dans la Manche,"12000","3",113AQ,"3","5","4","2","1"
"169",113AQ21,Calcaires grossiers du Lutétien du sud du Bassin Parisien,"12000","3",113AQ,"3","5","4","2","1"
"170",113AQ25,Calcaires grossiers du Lutétien du bassin de l'Oise amont et de l'Aisne,"12000","3",113AQ,"3","5","4","2","1"
"171",113AQ27,Calcaires grossiers du Lutétien du bassin de l'Oise aval,"12000","3",113AQ,"3","5","4","2","1"
"172",113AQ29,Calcaires grossiers du Lutétien du bassin de l'Ourcq,"12000","3",113AQ,"3","5","4","2","1"
"173",113AQ31,Sables glauconnieux du Lutétien du sud du Bassin Parisien,"12050","3",113AQ,"3","5","4","2","1"
"174",113AQ35,Sables glauconnieux du Lutétien du bassin de l'Oise amont et de l'Aisne,"12050","3",113AQ,"3","5","4","2","1"
"175",113AQ37,Sables glauconnieux du Lutétien du bassin de l'Oise aval,"12050","3",113AQ,"3","5","4","2","1"
"176",113AQ39,Sables glauconnieux du Lutétien du bassin de l'Ourcq,"12050","3",113AQ,"3","5","4","2","1"
"177",113AT,Argiles de Laon de l'Yprésien sup. du Bassin Parisien (bassin Seine-Normandie),,"2","113",X,"4","1","2","4"
"178",113AT01,Argiles de Laon imperméables de l'Yprésien sup. du Bassin Parisien (bassin Seine-Normandie),"13000","3",113AT,X,"7","1","2","1"
"179",113AT03,Argiles de Laon semi-perméables de l'Yprésien sup. du Bassin Parisien (bassin Seine-Normandie),"13000","3",113AT,X,"6","1","2","1"
"180",113AV,Sables de Cuise et de Breuillet de l'Yprésien du Bassin Parisien (bassin Seine-Normandie et le sud du bassin Artois-Picardie),,"2","113","3","3","1","2","4"
"181",113AV01,Sables de Cuise sous couverture des argiles de Laon de l'Yprésien sup. du Bassin Parisien (bassin Seine-Normandie et sud du bassin Artois-Picardie),"13100","3",113AV,"1","5","1","2","1"
"182",113AV03,Sables de Cuise de l'Yprésien sup. du Bassin Parisien (bassin Seine-Normandie),"13100","3",113AV,"3","5","1","2","1"
"183",113AV04,Sables de Cuise de l'Yprésien sup. du Bassin Parisien : Buttes entre le Loing et l'Yonne (bassin Seine-Normandie),"13100","3",113AV,"3","5","1","2","1"
"184",113AV06,Sables et grès de Breuillet de l'Yprésien du Bassin Parisien (bassin Seine-Normandie et sud du bassin Artois-Picardie),"13050","3",113AV,"3","5","1","2","1"
"185",113BA,Faciès marneux du Ludien moyen de l'Eocène sup. du Bassin Parisien (bassin Seine-Normandie),,"2","113",X,"4","1","2","4"
"186",113BA01,Faciès de transition (marnes et calcaires) du Ludien de l'Eocène sup. du Bassin Parisien,"8000","3",113BA,X,"7","1","2","1"
"187",113CR,Eocène continental détritique du nord Limousin,,"2","113","2","3","1","2","1"
"188",113CR01,Formation à dominante sableuse de l'Eocène continental détritique du bassin de Gouzon,"0","3",113CR,"2","5","1","2","1"
"189","117",Grand domaine hydrogéologique des Argiles de l'Yprésien inf. du Bassin Parisien,,"1",,X,"2","1","2","4"
"190",117AA,Argiles de Flandres et de Roubaix de l'Yprésien du bassin Artois-Picardie,,"2","117",X,"4","1","2","4"
"191",117AA01,Argiles de Flandres et de Roubaix de l'Yprésien du bassin Artois-Picardie,"16500","3",117AA,X,"7","1","2","1"
"192",117AC,Argiles et sables de l'Yprésien inférieur du Bassin Parisien (bassin Seine-Normandie et Sud du bassin Artois-Picardie),,"2","117",X,"4","1","2","4"
"193",117AC03,"Argiles, sables et lignites de l'Yprésien inf. du Bassin Parisien (bassin Seine-Normandie et sud du bassin Artois-Picardie)","16010","3",117AC,X,"6","1","2","1"
"194",117AC05,Argiles plastiques de l'Yprésien inf. du Bassin Parisien (bassin Seine-Normandie),"16020","3",117AC,X,"7","1","2","1"
"195","119",Grand système multicouche du Paléocène du Bassin Parisien,,"1",,X,"12","1","2","4"
"196",119AA,Sables du Thanétien du Bassin Parisien (bassin Artois-Picardie et nord du bassin Seine-Normandie),,"2","119","3","3","1","2","4"
"197",119AA01,Sables du Thanétien du Bassin Parisien (bassin Artois-Picardie et nord du bassin Seine-Normandie),"16750","3",119AA,"3","5","1","2","1"
"198",119AC,Sables et calcaires du Paléocène du Bassin Parisien (bassin Seine-Normandie et sud du bassin Artois-Picardie),,"2","119","3","3","1","2","4"
"199",119AC01,"Sables, marnes et calcaires de l'Yprésien basal et du Paléocène du Bassin Parisien (bassin Seine-Normandie et sud du bassin Artois-Picardie)","16700","3",119AC,"3","5","1","2","1"
"200",119AC03,Argiles et tuffeaux du Thanétien du Bassin Parisien (bassin Seine-Normandie et sud du bassin Artois-Picardie),"16710","3",119AC,X,"7","1","2","1"
"201",119AE,"Formations détritiques continentales, Sables et Argiles à silex post-Campanien du Bassin Parisien",,"2","119",X,"4","1","2","4"
"202",119AE01,"Formations détritiques continentales, sables, argiles à silex post-Campanien dans le bassin Loire-Bretagne","16810","3",119AE,X,"6","1","2","1"
"203",119AE02,Formations à silex aquifères post-Campanien du secteur d'Aubigny-sur-Nère,"16810","3",119AE,"3","5","1","2","1"
"204",119AE03,Formations tertiaires indifférenciées de Poitou-Charentes,"16800","3",119AE,X,"7","1","2","1"
"205",119AE05,Formations résiduelles à silex de Normandie d'épaisseur supérieure à 5 m,"16810","3",119AE,X,"6","1","2","1"
"206",119AE07,Formations résiduelles à silex de Normandie d’épaisseur comprise entre 15 et 2 m,"16810","3",119AE,X,"6","1","2","1"
"207",119AE11,Formations résiduelles à silex de Bourgogne,"16810","3",119AE,X,"6","1","2","1"
"208",119AE15,"Formations résiduelles à silex, couverture Cénozoïque au centre du Bassin Parisien","16809","3",119AE,X,"6","1","2","1"
"209",119AE17,Formations résiduelles à silex du nord de la France de faible épaisseur inférieure à 2 m,"16810","3",119AE,X,"6","1","2","1"
"210",119AG,Argiles à silex sur calcaires jurassiques en Normandie,,"2","119",X,"4","1","2","4"
"211",119AG01,Argiles à silex sur calcaires jurassiques en Normandie,"17000","3",119AG,X,"7","1","2","1"
"212",119AI,Argiles et tuffeaux du Thanétien du bassin Artois-Picardie,,"2","119",X,"4","1","2","4"
"213",119AI01,Argiles et tuffeaux du Thanétien du bassin Artois-Picardie,"16850","3",119AI,X,"7","1","2","1"
"214","121",Grand système multicouche du Campanien au Turonien (Séno-Turonien) du Bassin Parisien,,"1",,X,"12",X,"2","4"
"215",121AA,"Craie du Séno-Turonien, bassin de la Maine",,"2","121","3","3","4","2","4"
"216",121AA01,"Craie du Sénonien, bassin de la Maine (bassin Loire-Bretagne)","18000","3",121AA,"3","5","4","2","1"
"217",121AA03,"Craie du Turonien, bassin de la Maine (bassin Loire-Bretagne)","18010","3",121AA,"3","5","4","2","1"
"218",121AA05,"Tuffeau jaune du Turonien moyen à supérieur, bassin de la Maine (bassin Loire-Bretagne)","18020","3",121AA,"3","5","4","2","1"
"219",121AA07,"Craie micacée et tuffeau du Turonien moyen à inférieur, bassin de la Maine (bassin Loire-Bretagne)","18030","3",121AA,"3","5","4","2","1"
"220",121AA11,"Sables et faluns du Turonien supérieur au Sénonien, bassin de la Maine (bassin Loire-Bretagne)","18040","3",121AA,"3","5","4","2","1"
"221",121AA30,"Craie marneuse et marnes du Turonien inférieur, bassin de la Maine (bassin Loire-Bretagne)","19000","3",121AA,"2","5","9","2","1"
"222",121AB,"Craie du Séno-Turonien, bassin de la Loire du Cosson à la Maine",,"2","121","3","3","4","2","4"
"223",121AB01,"Craie du Sénonien, bassin de la Loire du Cosson à la Maine (bassin Loire-Bretagne)","18050","3",121AB,"3","5","4","2","1"
"224",121AB03,"Craie du Turonien, bassin de la Loire du Cosson à la Maine (bassin Loire-Bretagne)","18070","3",121AB,"3","5","4","2","1"
"225",121AB05,"Tuffeau jaune du Turonien moyen à supérieur, bassin de la Loire du Cosson à la Maine (bassin Loire-Bretagne)","18080","3",121AB,"3","5","4","2","1"
"226",121AB06,"Tuffeau jaune du Turonien moyen à supérieur, bassin du Cher (bassin Loire-Bretagne)","18090","3",121AB,"3","5","4","2","1"
"227",121AB07,"Craie micacée et tuffeau du Turonien moyen à inférieur, bassin de la Loire du Cosson à la Maine (bassin Loire-Bretagne)","18100","3",121AB,"3","5","4","2","1"
"228",121AB08,"Craie micacée et tuffeau du Turonien moyen à inférieur, bassin du Cher (bassin Loire-Bretagne)","18110","3",121AB,"3","5","4","2","1"
"229",121AB11,"Sables et faluns du Turonien supérieur au Sénonien, bassin de la Loire de l'Authion à la Maine (bassin Loire-Bretagne)","18120","3",121AB,"3","5","4","2","1"
"230",121AB30,"Craie marneuse et marnes du Turonien inférieur, bassin de la Loire du Cosson à la Maine (bassin Loire-Bretagne)","19001","3",121AB,"3","5","9","2","1"
"231",121AC,"Craie du Séno-Turonien, bassin de l'Indre",,"2","121","3","3","4","2","4"
"232",121AC01,"Craie du Sénonien, bassin de l'Indre (bassin Loire-Bretagne)","18130","3",121AC,"3","5","4","2","1"
"233",121AC05,"Tuffeau jaune du Turonien moyen à supérieur, bassin de l'Indre (bassin Loire-Bretagne)","18140","3",121AC,"3","5","4","2","1"
"234",121AC07,"Craie micacée et tuffeau du Turonien moyen à inférieur, bassin de l'Indre (bassin Loire-Bretagne)","18150","3",121AC,"3","5","4","2","1"
"235",121AC30,"Craie marneuse et marnes du Turonien inférieur, bassin de l'Indre (bassin Loire-Bretagne)","19000","3",121AC,"3","5","4","2","1"
"236",121AD,"Craie du Séno-Turonien, bassin de la Vienne et bassin de la Loire de la Vienne à la Maine (bassin Loire-Bretagne)",,"2","121","3","3","4","2","4"
"237",121AD01,"Craie du Sénonien, bassin de la Vienne (bassin Loire-Bretagne)","18170","3",121AD,"3","5","4","2","1"
"238",121AD05,"Tuffeau jaune du Turonien moyen à supérieur, bassin de la Vienne (bassin Loire-Bretagne)","18180","3",121AD,"3","5","4","2","1"
"239",121AD07,"Craie micacée et tuffeau du Turonien moyen à inférieur, bassin de la Vienne - rive droite (bassin Loire-Bretagne)","18190","3",121AD,"3","5","4","2","1"
"240",121AD08,"Craie micacée et tuffeau du Turonien moyen à inférieur, bassin de la Vienne - rive gauche et bassin de la Loire de la Vienne à la Maine (bassin Loire-Bretagne)","18200","3",121AD,"3","5","4","2","1"
"241",121AD11,"Sables et faluns du Turonien supérieur au Sénonien, bassin de la Loire de la Vienne à la Maine (bassin Loire-Bretagne)","18160","3",121AD,"3","5","4","2","1"
"242",121AD20,"Craie et argile sableuse du Séno-Turonien, bassin de la Vienne et du Thouet (bassin Loire-Bretagne)","18220","3",121AD,"3","5","4","2","1"
"243",121AD30,"Craie marneuse et marnes du Turonien inférieur, bassin de la Loire de la Vienne à la Maine (bassin Loire-Bretagne)","19000","3",121AD,"3","5","9","2","1"
"244",121AF,Sables du Sénonien et argiles sableuses du Cénomanien-Turonien de Loire-Atlantique et Vendée (bassin Loire-Bretagne),,"2","121","3","3","1","2","4"
"245",121AF01,Sables du Sénonien en Vendée (bassin Loire-Bretagne),"17000","3",121AF,"3","5","1","2","1"
"246",121AF03,Argiles sableuses du Cénomanien-Turonien de Loire-Atlantique et Vendée (bassin Loire-Bretagne),"17500","3",121AF,X,"6","1","2","1"
"247",121AI,Craie du Sénonien au Turonien inférieur du Bassin Parisien du Pays de Bray - bassin versant de la Béthune (bassin Seine-Normandie),,"2","121","2","3","9","2","4"
"248",121AI01,Craie du Séno-Turonien du Bassin Parisien du Pays de Bray - bassin versant de la Béthune (bassin Seine-Normandie),"18800","3",121AI,"2","5","9","2","1"
"249",121AI30,Craie marneuse et marnes du Turonien inférieur du Bassin Parisien du Pays de Bray - bassin versant de la Béthune (bassin Seine-Normandie),"19000","3",121AI,"2","5","9","2","1"
"250",121AJ,Craie du Sénonien au Turonien inférieur du Bassin Parisien du Plateau Picard - bassin versant de l'Oise du confluent de l'Aisne (exclu) au confluent de la Seine (bassin Seine-Normandie),,"2","121","2","3","4","2","4"
"251",121AJ01,Craie du Séno-Turonien du Bassin Parisien du Plateau Picard - bassin versant de l'Oise du confluent de l'Aisne (exclu) au confluent de la Seine (bassin Seine-Normandie),"18800","3",121AJ,"2","5","4","2","1"
"252",121AJ30,Craie marneuse et marnes du Turonien inférieur du Bassin Parisien du Plateau Picard - bassin versant de l'Oise du confluent de l'Aisne (exclu) au confluent de la Seine (bassin Seine-Normandie),"19000","3",121AJ,"2","5","4","2","1"
"253",121AK,"Craie du Sénonien au Turonien inférieur du Bassin Parisien du Noyonnais - bassins versants de l'Aronde, du Matz et de la Divette (bassin Seine-Normandie)",,"2","121","2","3","4","2","4"
"254",121AK01,"Craie du Séno-Turonien du Bassin Parisien du Noyonnais - bassins versants de l'Aronde, du Matz et de la Divette (bassin Seine-Normandie)","18800","3",121AK,"2","5","4","2","1"
"255",121AK30,"Craie marneuse et marnes du Turonien inférieur du Bassin Parisien du Noyonnais - bassins versants de l'Aronde, du Matz et de la Divette (bassin Seine-Normandie)","19000","3",121AK,"2","5","4","2","1"
"256",121AL,Craie du Sénonien au Turonien inférieur du Bassin Parisien de la Thiérache et du Laonnois - bassin versant amont de l'Oise (bassin Seine-Normandie),,"2","121","2","3","4","2","4"
"257",121AL01,Craie du Séno-Turonien du Bassin Parisien de la Thiérache et du Laonnois - bassin versant amont de l'Oise (bassin Seine-Normandie),"18800","3",121AL,"2","5","4","2","1"
"258",121AL30,Craie marneuse et marnes du Turonien inférieur du Bassin Parisien de la Thiérache et du Laonnois - bassin versant amont de l'Oise (bassin Seine-Normandie),"19000","3",121AL,"2","5","4","2","1"
"259",121AM,Craie du Sénonien au Turonien inférieur du Bassin Parisien du bassin versant amont de l'Aisne (bassin Seine-Normandie),,"2","121","2","3","4","2","4"
"260",121AM01,Craie du Séno-Turonien du Bassin Parisiendu bassin versant amont de l'Aisne (bassin Seine-Normandie),"18800","3",121AM,"2","5","4","2","1"
"261",121AM30,Craie marneuse et marnes du Turonien inférieur du Bassin Parisien du bassin versant amont de l'Aisne (bassin Seine-Normandie),"19000","3",121AM,"2","5","4","2","1"
"532",141AE05,Argiles à Promicroceras du Lias inf. du Bassin Parisien,"40000","3",141AE,X,"7","1","2","1"
"262",121AN,Craie du Sénonien au Turonien inférieur du Bassin Parisien du bassin versant de la Marne (bassin Seine-Normandie),,"2","121","2","3","4","2","4"
"263",121AN01,Craie du Séno-Turonien du Bassin Parisien du bassin versant de la Marne (bassin Seine-Normandie),"18800","3",121AN,"2","5","4","2","1"
"264",121AN30,Craie marneuse et marnes du Turonien inférieur du Bassin Parisien du bassin versant de la Marne (bassin Seine-Normandie),"19000","3",121AN,"2","5","4","2","1"
"265",121AO,Craie du Sénonien au Turonien inférieur du Bassin Parisien du bassin versant de l'Aube et de la Seine (bassin Seine-Normandie),,"2","121","2","3","4","2","4"
"266",121AO01,Craie du Séno-Turonien du Bassin Parisien du bassin versant de l'Aube et de la Seine (bassin Seine-Normandie),"18800","3",121AO,"2","5","4","2","1"
"267",121AO30,Craie marneuse et marnes du Turonien inférieur du bassin versant de l'Aube et de la Seine (bassin Seine-Normandie),"19000","3",121AO,"2","5","4","2","1"
"268",121AP,"Craie du Sénonien au Turonien inférieur, partie profonde au centre du Bassin Parisien (bassin Seine-Normandie et bassin Loire-Bretagne)",,"2","121","3","3","4","2","4"
"269",121AP01,Craie affleurante ou sous faible recouvrement à l'ouest de la région Ile-de-France (bassin Seine-Normandie),"18800","3",121AP,"3","5","4","2","1"
"270",121AP03,"Craie du Sénonien au Turonien inférieur, partie sous recouvrement au centre du Bassin Parisien (bassin Seine-Normandie et bassin Loire-Bretagne)","18801","3",121AP,"1","6","4","2","1"
"271",121AQ,Craie du Sénonien au Turonien inférieur du Bassin Parisien du bassin versant de l'Yonne (bassin Seine-Normandie),,"2","121","2","3","5","2","4"
"272",121AQ01,Craie du Séno-Turonien du Bassin Parisien du bassin versant de l'Yonne (bassin Seine-Normandie),"18800","3",121AQ,"2","5","5","2","1"
"273",121AQ30,Craie marneuse et marnes du Turonien inférieur du Bassin Parisien du bassin versant de l'Yonne (bassin Seine-Normandie),"19000","3",121AQ,"2","5","9","2","1"
"274",121AR,Craie du Sénonien au Turonien inférieur du Bassin Parisien du bassin versant du Loing (bassin Seine-Normandie),,"2","121","2","3","9","2","4"
"275",121AR01,Craie du Séno-Turonien du Bassin Parisien du bassin versant du Loing (bassin Seine-Normandie),"18800","3",121AR,"2","5","9","2","1"
"276",121AR30,Craie marneuse et marnes du Turonien inférieur du Bassin Parisien du bassin versant du Loing (bassin Seine-Normandie),"19000","3",121AR,"3","5","9","2","1"
"277",121AS,"Craie du Sénonien au Turonien inférieur du Bassin Parisien du Neubourg au Saint-André - bassin versant de l'Eure, Iton, Avre (bassin Seine-Normandie)",,"2","121","2","3","9","2","4"
"278",121AS01,"Craie du Séno-Turonien du Bassin Parisien du Neubourg au Saint-André - bassin versant de l'Eure, Iton, Avre (bassin Seine-Normandie)","18800","3",121AS,"2","5","9","2","1"
"279",121AS30,"Craie marneuse et marnes du Turonien inférieur du Bassin Parisien du Neubourg au Saint-André - bassin versant de l'Eure, Iton, Avre (bassin Seine-Normandie)","19000","3",121AS,"3","5","9","2","1"
"280",121AU,Craie du Sénonien au Turonien inférieur du Bassin Parisien de l'estuaire de la Seine (bassin Seine-Normandie),,"2","121","2","3","9","2","4"
"281",121AU01,Craie du Séno-Turonien du Bassin Parisien de l'estuaire de la Seine (bassin Seine-Normandie),"18800","3",121AU,"2","5","9","2","1"
"282",121AU30,Craie marneuse et marnes du Turonien inférieur du Bassin Parisien de l'estuaire de la Seine (bassin Seine-Normandie),"19000","3",121AU,"2","5","9","2","1"
"283",121AV,Craie du Sénonien au Turonien inférieur du Bassin Parisien du littoral cauchois (bassin Seine-Normandie),,"2","121","2","3","9","2","4"
"284",121AV01,Craie du Séno-Turonien du Bassin Parisien du littoral cauchois (bassin Seine-Normandie),"18800","3",121AV,"2","5","9","2","1"
"285",121AV30,Craie marneuse et marnes du Turonien inférieur du Bassin Parisien du littoral cauchois (bassin Seine-Normandie),"19000","3",121AV,"2","5","9","2","1"
"286",121AW,Craie du Sénonien au Turonien inférieur du Bassin Parisien du Lieuvin-Ouche - bassin versant de la Risle (bassin Seine-Normandie),,"2","121","2","3","9","2","4"
"287",121AW01,Craie du Séno-Turonien du Bassin Parisien du Lieuvin-Ouche - bassin versant de la Risle (bassin Seine-Normandie),"18800","3",121AW,"2","5","9","2","1"
"288",121AW30,Craie marneuse et marnes du Turonien inférieur du Bassin Parisien du Lieuvin-Ouche - bassin versant de la Risle (bassin Seine-Normandie),"19000","3",121AW,"2","5","9","2","1"
"289",121AX,Craie du Sénonien au Turonien inférieur du Bassin Parisien du Lieuvin-Ouche - Pays d'Auge - bassin versant de la Touques (bassin Seine-Normandie),,"2","121","2","3","9","2","4"
"290",121AX01,Craie du Séno-Turonien du Bassin Parisien du Lieuvin-Ouche - Pays d'Auge - bassin versant de la Touques (bassin Seine-Normandie),"18800","3",121AX,"2","5","9","2","1"
"291",121AX30,Craie marneuse et marnes du Turonien inférieur du Bassin Parisien du Lieuvin-Ouche - Pays d'Auge - bassin versant de la Touques (bassin Seine-Normandie),"19000","3",121AX,"2","5","9","2","1"
"292",121AY,"Craie marneuse du Turonien, bassin de la Loire, du Cher à la Sauldre (bassin Loire-Bretagne)",,"2","121","2","3","4","2","4"
"293",121AY01,"Craie marneuse aquifère du Turonien, bassin de la Sauldre et du Cher (bassin Loire-Bretagne)","18610","3",121AY,"2","6","4","2","1"
"294",121AY05,"Craie marneuse aquifère du Turonien, bassin de la Loire (bassin Loire-Bretagne)","18620","3",121AY,"2","6","4","2","1"
"295",121AZ,Craie du Sénonien au Turonien inférieur du Bassin Parisien du Vexin normand et picard - bassin versant de l'Andelle et de l'Epte (bassin Seine-Normandie),,"2","121","2","3","9","2","4"
"296",121AZ01,Craie du Séno-Turonien du Bassin Parisien du Vexin normand et picard - bassin versant de l'Andelle et de l'Epte (bassin Seine-Normandie),"18800","3",121AZ,"2","5","9","2","1"
"297",121AZ30,Craie marneuse et marnes du Turonien inférieur du Bassin Parisien du Vexin normand et picard - bassin versant de l'Andelle et de l'Epte (bassin Seine-Normandie),"19000","3",121AZ,"2","5","9","2","1"
"298",121BA,Marnes bleues et vertes (dièves) du Turonien moyen et inférieur dans le bassin Artois-Picardie et le nord du bassin Seine-Normandie,,"2","121",X,"4","1","2","4"
"299",121BA01,Marnes bleues (dièves bleues) du Turonien moyen et marnes vertes (dièves vertes) du Turonien inférieur dans le bassin Artois-Picardie et le nord du bassin Seine-Normandie,"20000","3",121BA,X,"7","1","2","1"
"300",121BB,Craie du Sénonien au Turonien du bassin versant de la Somme (baéssin Artois-Picardie),,"2","121","2","3","4","2","1"
"301",121BB01,Craie du Séno-Turonien du bassin versant de la Somme (bassin Artois-Picardie),"18800","3",121BB,"2","5","4","2","1"
"302",121BB30,Craie marneuse du Turonien du bassin versant de la Somme (bassin Artois-Picardie),"19000","3",121BB,"2","6","4","2","1"
"303",121BC,Craie du Sénonien au Turonien des bassins versants de l'Authie et de la Canche (bassin Artois-Picardie),,"2","121","2","3","4","2","1"
"304",121BC01,Craie du Séno-Turonien du bassin versant de l'Authie et de la Canche (bassin Artois-Picardie),"18800","3",121BC,"2","5","4","2","1"
"305",121BC30,Craie marneuse du Turonien des bassins versants de l'Authie et de la Canche (bassin Artois-Picardie),"19000","3",121BC,"2","6","4","2","1"
"306",121BD,Craie du Sénonien au Turonien des bassins versants des cours d'eau de la Mer du Nord (bassin Artois-Picardie),,"2","121","3","3","4","2","1"
"307",121BD01,Craie du Séno-Turonien des bassins versants des cours d'eau de la Mer du Nord (bassin Artois-Picardie),"18800","3",121BD,"3","5","4","2","1"
"308",121BD30,Craie marneuse du Turonien des bassins versants des cours d'eau de la Mer du Nord (bassin Artois-Picardie),"19000","3",121BD,"3","6","4","2","1"
"309",121BE,"Craie du Sénonien au Turonien, partie sous recouvrement, des Flandres (bassin Artois-Picardie)",,"2","121","1","4","4","2","1"
"310",121BE01,"Craie du Séno-Turonien, partie sous recouvrement, des Flandres (bassin Artois-Picardie)","18800","3",121BE,"1","6","4","2","1"
"311",121BE30,"Craie marneuse du Turonien, partie sous recouvrement, des Flandres (bassin Artois-Picardie)","19000","3",121BE,"1","6","4","2","1"
"312","123",Grand système multicouche du Cénomanien à l'Albien supérieur du Bassin Parisien,,"1",,X,"12",X,"2","4"
"313",123AA,Marnes à Ostracées du Cénomanien supérieur au Turonien inférieur (bassin Loire-Bretagne),,"2","123",X,"4","1","2","4"
"314",123AA10,Marnes à Ostracées du Cénomanien supérieur au Turonien inférieur (bassin Loire-Bretagne),"23010","3",123AA,X,"7","1","2","1"
"315",123AB,Sables du Cénomanien dans le bassin de la Sarthe,,"2","123","3","3","2","2","4"
"316",123AB01,"Sable du Perche du Cénomanien supérieur, bassin de la Sarthe de sa source au Loir (bassin Loire-Bretagne)","23020","3",123AB,"3","5","2","2","1"
"317",123AB03,"Marnes de Bouffry et de Nogent le Bernard du Cénomanien moyen à supérieur, bassin de la Sarthe de sa source au Loir (bassin Loire-Bretagne)","23030","3",123AB,X,"7","2","2","1"
"318",123AB05,"Sables et grès, sables et marnes glauconieux du Cénomanien inférieur à moyen, bassin de la Sarthe de sa source au Loir (bassin Loire-Bretagne)","23050","3",123AB,"3","5","2","2","1"
"319",123AC,"Sables du Cénomanien du Bassin Parisien, bassin du Loir et de l'Eure",,"2","123","3","3","1","2","4"
"320",123AC01,"Sables du Perche du Cénomanien supérieur du Bassin Parisien, bassin du Loir et de l'Eure","23020","3",123AC,"3","5","1","2","1"
"321",123AC03,"Marnes de Bouffry et de Nogent le Bernard du Cénomanien moyen à supérieur, bassin du Loir et de ses affluents (bassin Loire-Bretagne)","23030","3",123AC,X,"7","1","2","1"
"322",123AC05,"Sables et grès, sables et marnes glauconieux du Cénomanien inf. à moyen, bassin du Loir et de l'Eure","23050","3",123AC,"3","5","1","2","1"
"323",123AC07,"Craie de Theligny du Cénomanien moyen, bassin du Loir et de ses affluents (bassin Loire-Bretagne)","23040","3",123AC,"3","5","4","2","1"
"324",123AE,Sables du Cénomanien dans les bassins de l'Indre et du Cher (bassin Loire-Bretagne),,"2","123","3","3","1","2","4"
"325",123AE01,"Sables du Perche du Cénomanien supérieur, bassin du Cher, de l'Indre et de la Loire de l'Authion à la Maine (bassin Loire-Bretagne)","23020","3",123AE,"1","5","1","2","1"
"326",123AE05,"Sables et grès, sables et marnes glauconieux du Cénomanien inférieur à moyen, bassins du Cher, de l'Indre et de la Loire de l'Authion à la Maine (bassin Loire-Bretagne)","23050","3",123AE,"3","5","1","2","1"
"327",123AG,Sables du Cénomanien du bassin de la Vienne (bassin Loire-Bretagne),,"2","123","3","3","1","2","4"
"328",123AG05,"Sables et grès, sables et marnes glauconieux du Cénomanien inférieur à moyen, bassins de la Creuse et de la Vienne (bassin Loire-Bretagne)","23090","3",123AG,"3","5","1","2","1"
"329",123AH,Sables du Cénomanien en Pays de la Loire (bassin Loire-Bretagne),,"2","123","3","3","1","2","4"
"330",123AH01,Sables de Bousse et Sables et Grès à Catopygus du Cénomanien supérieur en Pays de la Loire (bassin Loire-Bretagne),"23000","3",123AH,"3","5","1","2","1"
"331",123AK,"Marnes, craie et craie marneuse, sableuse et glauconieuse du Cénomanien en Artois (bassin Artois-Picardie)",,"2","123",X,"4","1","2","4"
"332",123AK03,"Craie et craie marneuse, sableuse et glauconieuse du Cénomanien sur sables grossiers glauconieux (Tourtia) en Artois et Hainaut (bassin Artois-Picardie)","23610","3",123AK,"1","5","1","2","1"
"333",123AK05,Marnes (Dièves blanches) du Cénomanien sur sables grossiers glauconieux (Tourtia) en Artois et Hainaut (bassin Artois-Picardie),"23500","3",123AK,"0","7","1","2","1"
"334",123BA,"Marnes et craie marneuse, sableuse et glauconieuse du Cénomanien, bassin de la Maine (bassin Loire-Bretagne)",,"2","123",X,"4","1","2","4"
"335",123BA01,"Marnes et craie marneuse, sableuse et glauconieuse du Cénomanien, bassin de la Maine (bassin Loire-Bretagne)","23500","3",123BA,X,"6","1","2","1"
"336",123BI,"Marnes et craie marneuse, sableuse et glauconieuse du Cénomanien du Bassin Parisien du Pays de Bray - bassin versant de la Béthune (bassin Seine-Normandie)",,"2","123","2","3","9","2","4"
"337",123BI01,"Marnes et craie marneuse, sableuse et glauconieuse du Cénomanien du Bassin Parisien du Pays de Bray - bassin versant de la Béthune (bassin Seine-Normandie)","23500","3",123BI,"2","5","9","2","1"
"338",123BJ,"Marnes et craie marneuse, sableuse et glauconieuse du Cénomanien du Bassin Parisien du Plateau Picard - bassin versant de l'Oise du confluent de l'Aisne (exclu) au confluent de la Seine (bassin Seine-Normandie)",,"2","123","3","3","4","2","4"
"339",123BJ01,"Marnes et craie marneuse, sableuse et glauconieuse du Cénomanien du Bassin Parisien du Plateau Picard - bassin versant de l'Oise du confluent de l'Aisne (exclu) au confluent de la Seine (bassin Seine-Normandie)","23500","3",123BJ,"3","5","4","2","1"
"340",123BK,"Marnes et craie marneuse, sableuse et glauconieuse du Cénomanien du Bassin Parisien du Noyonnais - bassins versants de l'Aronde, du Matz et de la Divette (bassin Seine-Normandie)",,"2","123","3","3","4","2","4"
"341",123BK01,"Marnes et craie marneuse, sableuse et glauconieuse du Cénomanien du Bassin Parisien du Noyonnais - bassins versants de l'Aronde, du Matz et de la Divette (bassin Seine-Normandie)","23500","3",123BK,"3","5","4","2","1"
"342",123BL,"Marnes et craie marneuse, sableuse et glauconieuse du Cénomanien du Bassin Parisien de la Thiérache et du Laonnois - bassin versant amont de l'Oise (bassin Seine-Normandie)",,"2","123","3","3","4","2","4"
"343",123BL01,"Marnes et craie marneuse, sableuse et glauconieuse du Cénomanien du Bassin Parisien de la Thiérache et du Laonnois - bassin versant amont de l'Oise (bassin Seine-Normandie)","23510","3",123BL,"3","5","4","2","1"
"344",123BM,"Marnes et craie marneuse, sableuse et glauconieuse du Cénomanien du Bassin Parisien du bassin versant amont de l'Aisne (bassin Seine-Normandie)",,"2","123","3","3","4","2","4"
"345",123BM01,"Marnes et craie marneuse, sableuse et glauconieuse du Cénomanien du Bassin Parisien du bassin versant amont de l'Aisne (bassin Seine-Normandie)","23500","3",123BM,"3","5","4","2","1"
"346",123BN,"Marnes et craie marneuse, sableuse et glauconieuse du Cénomanien du Bassin Parisien du bassin versant de la Marne (bassin Seine-Normandie)",,"2","123","3","3","4","2","4"
"3399",718BP03,Alluvions récentes du Reart,"2","3",718BP,"2","5","1","1","1"
"347",123BN01,"Marnes et craie marneuse, sableuse et glauconieuse du Cénomanien du Bassin Parisien du bassin versant de la Marne (bassin Seine-Normandie)","23500","3",123BN,"3","5","4","2","1"
"348",123BO,"Marnes et craie marneuse, sableuse et glauconieuse du Cénomanien du Bassin Parisien du bassin versant de l'Aube et de la Seine (bassin Seine-Normandie)",,"2","123","2","3","4","2","4"
"349",123BO01,"Marnes et craie marneuse, sableuse et glauconieuse du Cénomanien du Bassin Parisien du bassin versant de l'Aube et de la Seine (bassin Seine-Normandie)","23500","3",123BO,"2","5","4","2","1"
"350",123BP,"Marnes et craie marneuse, sableuse et glauconieuse du Cénomanien, partie profonde au centre du Bassin Parisien (bassin Seine-Normandie et bassin Loire-Bretagne)",,"2","123",X,"4","1","2","4"
"351",123BP01,"Marnes et craie marneuse, sableuse et glauconieuse du Cénomanien, partie profonde au centre du Bassin Parisien (bassin Seine-Normandie et bassin Loire-Bretagne)","23500","3",123BP,X,"7","1","2","1"
"352",123BQ,"Marnes et craie marneuse, sableuse et glauconieuse du Cénomanien du Bassin Parisien du bassin versant de l'Yonne (bassin Seine-Normandie)",,"2","123","2","3","9","2","4"
"353",123BQ01,"Marnes et craie marneuse, sableuse et glauconieuse du Cénomanien du Bassin Parisien du bassin versant de l'Yonne (bassin Seine-Normandie)","23500","3",123BQ,"2","5","9","2","1"
"354",123BR,"Marnes et craie marneuse, sableuse et glauconieuse du Cénomanien du Bassin Parisien du bassin versant du Loing (bassin Seine-Normandie)",,"2","123","2","3","8","2","4"
"355",123BR01,"Marnes et craie marneuse, sableuse et glauconieuse du Cénomanien du Bassin Parisien du bassin versant du Loing (bassin Seine-Normandie)","23500","3",123BR,"2","5","8","2","1"
"356",123BS,"Marnes et craie marneuse, sableuse et glauconieuse du Cénomanien du Bassin Parisien du Neubourg au Saint-André - bassin versant de l'Eure, Iton, Avre (bassin Seine-Normandie)",,"2","123","2","3","9","2","4"
"357",123BS01,"Marnes et craie marneuse, sableuse et glauconieuse du Cénomanien du Bassin Parisien du Neubourg au Saint-André - bassin versant de l'Eure, Iton, Avre (bassin Seine-Normandie)","23500","3",123BS,"2","5","9","2","1"
"358",123BU,"Marnes et craie marneuse, sableuse et glauconieuse du Cénomanien du Bassin Parisien de l'estuaire de la Seine (bassin Seine-Normandie)",,"2","123","2","3","9","2","4"
"359",123BU01,"Marnes et craie marneuse, sableuse et glauconieuse du Cénomanien du Bassin Parisien de l'estuaire de la Seine (bassin Seine-Normandie)","23500","3",123BU,"2","5","9","2","1"
"360",123BV,"Marnes et craie marneuse, sableuse et glauconieuse du Cénomanien du Bassin Parisien du littoral cauchois (bassin Seine-Normandie)",,"2","123","2","3","9","2","4"
"361",123BV01,"Marnes et craie marneuse, sableuse et glauconieuse du Cénomanien du Bassin Parisien du littoral cauchois (bassin Seine-Normandie)","23501","3",123BV,"2","5","9","2","1"
"362",123BW,"Marnes et craie marneuse, sableuse et glauconieuse du Cénomanien du Bassin Parisien du Lieuvin-Ouche - bassin versant de la Risle (bassin Seine-Normandie)",,"2","123","2","3","9","2","4"
"363",123BW01,"Marnes et craie marneuse, sableuse et glauconieuse du Cénomanien du Bassin Parisien du Lieuvin-Ouche - bassin versant de la Risle (bassin Seine-Normandie)","23500","3",123BW,"2","5","9","2","1"
"364",123BX,"Marnes et craie marneuse, sableuse et glauconieuse du Cénomanien du Bassin Parisien du Lieuvin-Ouche - Pays d'Auge - bassin versant de la Touques (bassin Seine-Normandie)",,"2","123","2","3","9","2","4"
"365",123BX01,"Marnes et craie marneuse, sableuse et glauconieuse du Cénomanien du Bassin Parisien du Lieuvin-Ouche - Pays d'Auge - bassin versant de la Touques (bassin Seine-Normandie)","23500","3",123BX,"2","5","9","2","1"
"366",123BY,"Marnes et craie marneuse, sableuse et glauconieuse du Cénomanien, bassin de la Loire, du Cher à la Sauldre (bassin Loire-Bretagne)",,"2","123","2","4","1","2","4"
"367",123BY01,"Marnes et craie marneuse, sableuse et glauconieuse du Cénomanien, bassin de la Loire, du Cher à la Sauldre (bassin Loire-Bretagne)","23500","3",123BY,"2","7","1","2","1"
"368",123BZ,"Marnes et craie marneuse, sableuse et glauconieuse du Cénomanien du Bassin Parisien du Vexin normand et picard - bassin versant de l'Andelle et de l'Epte (bassin Seine-Normandie)",,"2","123","2","3","9","2","4"
"369",123BZ01,"Marnes et craie marneuse, sableuse et glauconieuse du Cénomanien du Bassin Parisien du Vexin normand et picard - bassin versant de l'Andelle et de l'Epte (bassin Seine-Normandie)","23500","3",123BZ,"2","5","9","2","1"
"370",123CA,"Gaize de l'Argonne, Gaize de Vouziers, Gaize de Marlemont, Marnes de Givron, Sables de la Hardoye du Cénomanien supérieur de l'est du Bassin Parisien",,"2","123","3","3","1","2","4"
"371",123CA01,"Gaize de l'Argonne, Gaize de Vouziers, Gaize de Marlemont, Marnes de Givron, Sables de la Hardoye du Cénomanien supérieur de l'est du Bassin Parisien","23400","3",123CA,"3","5","1","2","1"
"372",123CB,"Marnes et craie marneuse, sableuse et glauconieuse du Cénomanien du bassin versant de la Somme (bassin Artois-Picardie)",,"2","123","3","3","4","2","4"
"373",123CB01,"Marnes et craie marneuse, sableuse et glauconieuse du Cénomanien du bassin versant de la Somme (bassin Artois-Picardie)","23500","3",123CB,"3","5","4","2","1"
"374","125","Grand domaine hydrogéologique des argiles, marnes et gaizes du Cénomanien inf. et de l'Albien sup. du Bassin Parisien",,"1",,X,"2","1","2","4"
"375",125AA,"Argiles du Gault, Marnes et Gaizes du Cénomanien inférieur à moyen et de l'Albien supérieur du Bassin parisien",,"2","125",X,"4","1","2","4"
"376",125AA01,"Argiles du Gault, Marnes et Gaizes du Cénomanien inférieur à moyen et de l'Albien supérieur du Bassin Parisien","24900","3",125AA,X,"7","1","2","1"
"377","127",Grand système multicouche du Crétacé inf. du Bassin Parisien,,"1",,X,"12","1","2","4"
"378",127AA,Sables verts de l'Aptien-Albien du Bassin parisien,,"2","127","3","3","1","2","4"
"379",127AA01,"Sables de la Puisaye, de Frécambault et des Drillons de l'Albien moyen du sud-est du Bassin Parisien","26910","3",127AA,"3","5","1","2","1"
"380",127AA03,Argiles de Myennes et de l'Armance de l'Albien inférieur du sud-est du Bassin Parisien,"26920","3",127AA,X,"7","1","2","1"
"381",127AA05,Sables verts de l'Apto-Albien du sud-est du Bassin Parisien,"26930","3",127AA,"3","5","1","2","1"
"382",127AA99,Sables indifférenciés et argiles de l'Apto-Albien du Bassin Parisien,"26900","3",127AA,"3","5","1","2","1"
"383",127AC,Argiles de l'Aptien-Barrémien du Bassin Parisien,,"2","127",X,"4","1","2","4"
"384",127AC01,Argiles de l'Aptien-Barrémien du Bassin Parisien,"27910","3",127AC,X,"7","1","2","1"
"385",127AC03,Sables argileux du Barrémien supérieur du Bassin Parisien,"27920","3",127AC,"3","5","1","2","1"
"386",127AC05,"Lumachelles, argiles et marnes ostréennes du Barrémien inférieur du Bassin Parisien","27930","3",127AC,X,"7","1","2","1"
"387",127AC99,Argiles et sables indifférenciés de l'Aptien-Barrémien du Bassin Parisien,"27900","3",127AC,X,"6","1","2","1"
"388",127AE,Sables et grès du Crétacé inférieur (Néocomien) au nord du bassin Artois-Picardie,,"2","127","2","3","1","2","4"
"389",127AE01,"Sables, grès et argiles d'origine continentale du Néocomien (Crétacé inférieur), en ""poches"" dans les terrains sous-jacents, dans le bassin Artois-Picardie","28800","3",127AE,"2","5","1","2","1"
"390",127AG,"Sables, grès et calcaires du Crétacé inférieur (Néocomien) dans les bassins Seine-Normandie (majoritairement), nord-Loire Bretagne et sud Artois-Picardie",,"2","127","3","3","1","2","4"
"391",127AG01,Sables et grès de l'Hauterivien du Bassin Parisien,"28910","3",127AG,"1","5","1","2","1"
"392",127AG03,Calcaires du Néocomien de l'Hauterivien-Barrémien du Bassin Parisien,"28920","3",127AG,"3","5","2","2","1"
"393",127AG05,"Sables et argiles du Wealdien (Néocomien), sables blancs, grès ferrugineux et marnes du Valanginien calcaires marneux (Hauterivien) du Bassin Parisien","28930","3",127AG,"3","6","1","2","1"
"394","131",Grand système aquifère du Tithonien du Bassin Parisien,,"1",,"2","1","4","2","4"
"395",131AA,Calcaires du Tithonien du Bassin Parisien,,"2","131","2","3","4","2","4"
"396",131AA13,"Grès, calcaires, sables et argiles de la ""Pointe aux Oies"" du Boulonnais dans le bassin Artois-Picardie","29970","3",131AA,"2","5","1","2","1"
"397",131AA15,"Assise de Croï, Argiles de Wimereux et de la Crèche du Boulonnais dans le bassin Artois-Picardie","29980","3",131AA,X,"7","1","2","1"
"398",131AA17,"Grès de la ""Crèche"", sables et calcaires gréseux du Boulonnais dans le bassin Artois-Picardie","29990","3",131AA,"2","5","2","2","1"
"399",131AA91,Sables du Tithonien supérieur du Pays de Bray,"30000","3",131AA,"3","5","4","2","1"
"400",131AA93,Argiles du Tithonien supérieur et moyen du Pays de Bray,"30010","3",131AA,X,"7","4","2","1"
"401",131AA94,Dolomies du Tithonien du Bassin Parisien,"30015","3",131AA,"3","6","5","2","1"
"402",131AA95,Calcaires marneux du Tithonien en Lorraine et Champagne,"30020","3",131AA,X,"7","4","2","1"
"403",131AA97,Calcaires du Tithonien inférieur du Bassin Parisien,"30030","3",131AA,"3","5","2","2","1"
"404","133",Grand domaine hydrogéologique des Marnes du Kimmeridgien du Bassin Parisien,,"1",,X,"2","1","2","4"
"405",133AA,Marnes du Kimméridgien du Bassin Parisien,,"2","133",X,"4","1","2","4"
"406",133AA01,Marnes à exogyres supérieures et marnes et calcaires indifférenciés du Kimméridgien en Lorraine (bassin Seine-Normandie),"31010","3",133AA,X,"7","1","2","1"
"407",133AA02,Marnes et calcaires indifférenciés du Kimméridgien supérieur B en Lorraine (bassin Seine-Normandie),"31020","3",133AA,X,"7","1","2","1"
"408",133AA04,Marnes à exogyres moyennes et marnes et calcaires indifférenciés du Kimméridgien en Lorraine (bassin Seine-Normandie),"31030","3",133AA,X,"7","1","2","1"
"409",133AA05,Calcaires blancs supérieurs du Kimmeridgien en Lorraine (bassin Seine-Normandie),"31020","3",133AA,"3","5","1","2","1"
"410",133AA06,Marnes et calcaires indifférenciés du Kimméridgien supérieur D en Lorraine (bassin Seine-Normandie et bassin Rhin-Meuse),"31040","3",133AA,X,"7","4","2","1"
"411",133AA07,Marnes à exogyres et marno-calcaires supérieurs B du Kimmeridgien en Lorraine (bassin Seine-Normandie et bassin Rhin-Meuse),"31011","3",133AA,"3","6","1","2","1"
"412",133AA08,Marnes à exogyres inférieures et marnes et calcaires indifférenciés du Kimméridgien en Lorraine (bassin Seine-Normandie et bassin Rhin-Meuse),"31050","3",133AA,X,"7","1","2","1"
"413",133AA09,Marnes à exogyres et marno-calcaires supérieurs A du Kimmeridgien en Lorraine (bassin Seine-Normandie et bassin Rhin-Meuse),"31021","3",133AA,X,"6","1","2","1"
"414",133AA13,Calcaires blancs inférieurs du Kimmeridgien en Lorraine (bassin Seine-Normandie et bassin Rhin-Meuse),"31040","3",133AA,"3","5","2","2","1"
"415",133AA21,Marnes et calcaires du Kimméridgien du sud de la région Centre (bassin Loire-Bretagne),"31050","3",133AA,X,"7","1","2","1"
"416",133AA99,Marnes indifférenciées du Kimméridgien du Bassin Parisien,"31000","3",133AA,X,"7","1","2","1"
"417","135",Grand système aquifère du Kimmeridgien à l'Oxfordien sup. du Bassin Parisien,,"1",,X,"1",X,"2","4"
"418",135AA,Calcaires de l'Oxfordien supérieur au Kimméridgien du Bassin Parisien,,"2","135","3","3","4","2","4"
"419",135AA13,"Grès de Châtillon, Calcaire du Moulin Vibert, Grès de Connincthun, Argile du Moulin Vibert du Boulonnais dans le bassin Artois-Picardie","31870","3",135AA,"2","5","2","2","1"
"420",135AA15,"Calcaire de Brecquerecque, Caillasses d'Hesdigneul, Oolithe d'Hesdin-l'Abbé, Grès de Brunembert du Boulonnais dans le bassin Artois-Picardie","31880","3",135AA,"2","5","2","2","1"
"421",135AA51,"Calcaires de l'Oxfordien supérieur et du Kimméridgien inférieur du Bassin Parisien, calcaires rocailleux à ptérocères, Calcaires à Astartes, Oolithe de Lamothe, Calcaires sublithographiques et Argiles à Ostrea","31100","3",135AA,"3","5","4","2","1"
"422",135AA53,Argiles et Marnes de Villerville et de Criqueboeuf de l'Oxfordien supérieur du Bassin Parisien (Normandie),"31200","3",135AA,"0","7","1","2","1"
"423",135AA55,"Calcaires affleurants de l'Oxfordien et du Kimméridgien inférieur du sud-est du Bassin Parisien (bassins de l'Yonne, de l'Aube, de la Seine et de la Blaise)","31800","3",135AA,"2","5","5","2","1"
"424",135AA57,Marnes et calcaires crayeux de l'Oxfordien et du Kimméridgien inférieur du Bassin Parisien,"31800","3",135AA,"3","6","4","2","1"
"425",135AA59,Sables et grès de l'Oxfordien supérieur du Bassin Parisien,"31850","3",135AA,"3","5","1","2","1"
"426",135AA61,Calcaire corallien de l'Oxfordien moyen à supérieur du Bassin Parisien,"31900","3",135AA,"3","5","5","2","1"
"427",135AA63,Calcaires d'Auberville de l'Oxfordien moyen du Bassin Parisien,"31899","3",135AA,"3","5","2","2","1"
"428",135AA65,"Roussier de Gacé, sables ferrugineux du Perche et de Mortagne et sables de Vairais de l'Oxfordien inférieur à moyen du Bassin Parisien","31950","3",135AA,"3","5","1","2","1"
"429",135AC,Calcaires affleurants de l'Oxfordien supérieur au Kimméridgien du sud du bassin Loire-Bretagne (Indre et Cher),,"2","135","2","3","2","2","4"
"430",135AC01,"Calcaires affleurants du Kimméridgien et de l'Oxfordien, bassin de l'Indre (bassin Loire-Bretagne)","31800","3",135AC,"2","5","2","2","1"
"431",135AC03,"Calcaires affleurants du Kimméridgien et de l'Oxfordien , bassin de l'Arnon et du Cher (de l'Aumance à l'Yèvre) (bassin Loire-Bretagne)","31840","3",135AC,"2","5","2","2","1"
"432",135AC05,"Calcaires affleurants du Kimméridgien et de l'Oxfordien, bassin de l'Yèvre-Auron (bassin Loire-Bretagne)","31860","3",135AC,"2","5","2","2","1"
"433",135AC07,"Calcaires peu aquifères du Kimméridgien et de l'Oxfordien sous couverture, et marnes et calcaires marneux de l'Oxfordien, dans l'Indre et le Cher (bassin Loire-Bretagne)","31880","3",135AC,"3","6","2","2","1"
"434",135AC09,"Calcaires affleurants du Kimméridgien et de l'Oxfordien, bassin de la Loire entre l'Yonne et le Loiret (bassin Loire-Bretagne)","31890","3",135AC,"2","5","2","2","1"
"435",135AE,Calcaires argileux et fracturés du Jurassique supérieur dans le bassin de la Vienne au nord de Poitiers,,"2","135","3","3","4","2","4"
"628","153",Massif volcanique de la Chaîne des Puys (Massif central),,"1",,"3","1","4","5","4"
"436",135AE01,"Calcaires argileux de l'Oxfordien et Calcaires altérés du Kimméridgien inférieur (formation de Villedoux), bassin de la Loire (de la Vienne à l'Authion) et de la Vienne (de la Creuse à la Loire) (bassin Loire-Bretagne)","32100","3",135AE,"3","6","2","2","1"
"437",135AE03,Calcaires argileux de l'Oxfordien et Calcaires altérés du Kimméridgien inférieur (formation de Villedoux) bassin de la Vienne (du Clain à la Creuse) (bassin Loire-Bretagne),"32120","3",135AE,"3","6","4","2","1"
"438",135AE05,"Calcaires argileux de l'Oxfordien et des Calcaires altérés du Kimméridgien inférieur (Formation de Marans au Sud et de Villedoux au Nord), bassin du Clain (bassin Loire-Bretagne)","32140","3",135AE,"3","6","2","2","1"
"439",135AG,"Calcaires argileux et fracturés du Jurassique supérieur dans le bassin du Clain, zones de Saint Maixent et Lezay",,"2","135",X,"4","1","2","4"
"440",135AG01,"Marnes et calcaires argileux altérés, fracturés du Jurassique supérieur du Bassin Parisien dans le bassin du Clain (bassin Loire-Bretagne)","32160","3",135AG,X,"7","1","2","1"
"441","137",Grand domaine hydrogéologique des Marnes du Callovien du Bassin Parisien,,"1",,X,"2","1","2","4"
"442",137AB,Marnes du Callovo-Oxfordien du Bassin Parisien,,"2","137",X,"4","1","2","4"
"443",137AB01,"Terrains à chailles, oolithe ferrugineuse et calcaires marneux du Callovo-Oxfordien du Bassin Parisien","32900","3",137AB,X,"7","1","2","1"
"444",137AB03,Calcaires argileux du Callovien-Oxfordien dans le bassin Loire-Bretagne,"33120","3",137AB,X,"7","1","2","1"
"445",137AB05,Marnes à Pernes et des marnes sableuses de la Vacherie et de la Buraisiaire (Callovien supérieur - Oxfordien inférieur) dans la Sarthe (bassin Loire-Bretagne),"33140","3",137AB,X,"6","1","2","1"
"446",137AB09,Sables de Saint-Fulgent-des-Ormes du Callovien supérieur dans la Sarthe (bassin Loire-Bretagne),"33160","3",137AB,"3","5","1","2","1"
"447",137AB11,Marnes de Montmarlo et de Montbizot du Callovien supérieur dans la Sarthe (bassin Loire-Bretagne),"33180","3",137AB,X,"7","1","2","1"
"448",137AB13,Calcaires sableux de Teillé du Callovien moyen dans la Sarthe (bassin Loire-Bretagne),"33200","3",137AB,"3","5","1","2","1"
"449",137AB15,Marnes de Maresché et de Saint-Calez-en-Saosnois du Callovien moyen dans la Sarthe (bassin Loire-Bretagne),"33220","3",137AB,X,"7","1","2","1"
"450",137AB17,Marnes d'Assé le Riboul et des oolithes du Callovien inférieur et moyen dans la Sarthe (bassin Loire-Bretagne),"33240","3",137AB,X,"6","1","2","1"
"451",137AB19,"Marnes de Domfront en Champagne, du Chevain et des oolites de Suré du Callovien inférieur dans la Sarthe (bassin Loire-Bretagne)","33260","3",137AB,X,"6","1","2","1"
"452",137AB21,Calcaires marneux à brachiopodes du Callovien inférieur dans la Sarthe (bassin Loire-Bretagne),"33280","3",137AB,X,"6","1","2","1"
"453",137AB25,Argiles du Mont des Boucards du Boulonnais dans le bassin Artois-Picardie,"32960","3",137AB,X,"7","1","2","1"
"454",137AB27,Calcaire du Mont des Boucards du Boulonnais dans le bassin Artois-Picardie,"32970","3",137AB,"2","5","2","2","1"
"455",137AB29,"Argiles de Selles et Calcaire d'Houllefort, Marnes et Argiles du Coquillot, Argiles de Montaubert et Marnes de Belle du Boulonnais dans le bassin Artois-Picardie","32980","3",137AB,X,"7","1","2","1"
"456",137AB99,Marnes indifférenciées du Callovo-Oxfordien du Bassin Parisien et Argiles de la Woëvre à l’est du Bassin Parisien,"32920","3",137AB,X,"7","1","2","1"
"457",137AC,"Calcaires argileux du Callovo-Oxfordien dans le bassin du Clain, zones de Saint Maixent, Lezay",,"2","137",X,"4","1","2","4"
"458",137AC01,"Marnes et calcaires argileux du Jurassique supérieur dans le bassin du Clain, zones de St Maixent, Lezay (bassin Loire-Bretagne)","33300","3",137AC,X,"7","1","2","1"
"459","139",Grand système multicouche du Jurassique moyen (Dogger) du Bassin Parisien et de ses bordures,,"1",,X,"12",X,"2","4"
"460",139AC,Calcaires du Bathonien-Callovien inférieur (Dogger) à l'ouest du sillon marneux du Bathonien-Callovien (bassin Seine-Normandie),,"2","139","3","3","5","2","4"
"461",139AC01,Calcaires du Bathonien-Callovien inférieur (Dogger) dans l'aquifère libre du bassin versant de la Vire en Basse-Normandie,"33800","3",139AC,"2","5","5","2","1"
"462",139AC02,Calcaires du Bathonien-Callovien inférieur (Dogger) dans l'aquifère libre du bassin versant de la Seulles en Basse-Normandie,"33800","3",139AC,"2","5","5","2","1"
"463",139AC03,Calcaires du Bathonien-Callovien inférieur (Dogger) dans l'aquifère captif du bassin versant de l'Orne en Basse-Normandie,"33800","3",139AC,"1","5","5","2","1"
"464",139AC04,Calcaires du Bathonien-Callovien inférieur (Dogger) dans l'aquifère libre du bassin versant de l'Orne en Basse-Normandie,"33800","3",139AC,"2","5","5","2","1"
"465",139AC05,Calcaires du Bathonien-Callovien inférieur (Dogger) dans l'aquifère captif du bassin versant de la Dives en Basse-Normandie,"33800","3",139AC,"1","5","5","2","1"
"466",139AC06,Calcaires du Bathonien-Callovien inférieur (Dogger) dans l'aquifère libre du bassin versant de la Dives en Basse-Normandie,"33800","3",139AC,"2","5","5","2","1"
"467",139AC07,Calcaires du Bathonien-Callovien inférieur (Dogger) dans l'aquifère du bassin versant de la Touques en Basse-Normandie,"33800","3",139AC,"1","6","5","2","1"
"468",139AD,"Calcaires du Bajocien et du Bathonien (Dogger), partie profonde du Bassin Parisien",,"2","139","1","3","4","2","4"
"469",139AD01,"Calcaires du Bajocien et du Bathonien (Dogger), partie profonde du Bassin Parisien","33800","3",139AD,"1","5","4","2","1"
"470",139AE,"Calcaires, marnes et sables du Bajocien-Bathonien dans le bassin Loire-Bretagne",,"2","139","3","3","3","2","4"
"471",139AE01,Calcaires du Bajocien et du Bathonien du bassin de la Loire de la Vienne à l'authion (bassin Loire-Bretagne),"33720","3",139AE,"3","5","3","2","1"
"472",139AE03,Calcaires du Bajocien et du Bathonien du bassin de la Vienne (bassin Loire-Bretagne),"33740","3",139AE,"3","5","3","2","1"
"473",139AE05,Calcaires du Bajocien et du Bathonien (Dogger) dans le bassin du Clain (bassin Loire-Bretagne),"33760","3",139AE,"3","5","3","2","1"
"474",139AF,Calcaires du Bajocien-Bathonien (Dogger) dans le Maine-et-Loire et la Sarthe,,"2","139","3","3","2","2","4"
"475",139AF01,Calcaires et oolithes du Bajocien-Bathonien dans le Maine et Loire (bassin Loire-Bretagne),"33800","3",139AF,"3","5","3","2","1"
"476",139AF03,Marnes de Bourg le Roi du Bathonien supérieur dans la Sarthe (bassin Loire-Bretagne),"33820","3",139AF,X,"6","1","2","1"
"477",139AF05,Calcaires noduleux à silex du Bajocien-Bathonien dans le Maine-et-Loire (bassin Loire-Bretagne),"33840","3",139AF,"3","5","2","2","1"
"478",139AL,Sillon marneux du Bathonien-Callovien dans les bassins Seine-Normandie et Loire-Bretagne,,"2","139",X,"4","1","2","4"
"479",139AL01,Sillon marneux du Bathonien-Callovien dans les bassins Seine-Normandie et Loire-Bretagne,"33880","3",139AL,X,"7","1","2","1"
"480",139AM,"Calcaires du Bathonien-Callovien inférieur (Dogger) du Bassin parisien, à l'est du sillon marneux du Bathonien-Callovien",,"2","139","3","3","4","2","4"
"629",153AA,Massif volcanique de la Chaîne des Puys (Massif central),,"2","153","3","3","4","5","4"
"481",139AM01,Dalle nacrée du Callovien inférieur et calcaires marneux et oolitiques du Bathonien supérieur à l'est du Bassin Parisien,"34000","3",139AM,"3","5","2","2","1"
"482",139AM03,Dalle d'Etain du Bathonien du Nord de la Lorraine à l'est du Bassin Parisien (bassin Rhin-Meuse),"34100","3",139AM,"3","5","6","2","1"
"483",139AM05,Marnes et caillasses à Rhynchonelles du Bathonien-Callovien à l’est du Bassin Parisien,"34200","3",139AM,"3","6","2","2","1"
"484",139AM07,Dalle oolithique du Bathonien-Callovien (Sud Lorraine) en Lorraine et Champagne à l'est du Bassin Parisien (bassin Rhin-Meuse),"34301","3",139AM,"3","5","4","2","1"
"485",139AM09,Caillasses à Anabacia et marnes à Térébratules du Bathonien à l'est du Bassin Parisien,"34300","3",139AM,"3","6","2","2","1"
"486",139AM13,Calcaires du Bathonien-Callovien (Dogger) du bassin Artois-Picardie,"33910","3",139AM,"1","7","2","2","1"
"487",139AM15,"Oolithe de Marquise, Calcaire de Rinxent, Marnes et Sables d'Hydrequent du Bajocien-Bathonien du Boulonnais dans le bassin Artois-Picardie","33930","3",139AM,"2","5","2","2","1"
"488",139AM19,"Oolithes avec passées marneuses, Oolithe miliaire, Oolithe de Jaumont, Oolithe de Doncourt, Oolithe blanche et Grande Oolithe du Bathonien inférieur et Bajocien supérieur","34400","3",139AM,"3","5","5","2","1"
"489",139AM99,Calcaires indifférenciés du Bathonien-Callovien inférieur (Dogger) du Bassin Parisien,"33900","3",139AM,"2","5","5","2","1"
"490",139AN,Marnes du Bajocien-Bathonien du Bassin parisien,,"2","139",X,"4","1","2","4"
"491",139AN01,Marnes et calcaires marneux du Bathonien en Basse-Normandie de la Vire en Basse-Normandie,"36900","3",139AN,"3","7","1","2","1"
"492",139AN02,Marnes et calcaires marneux du Bathonien en Basse-Normandie de la Seulles en Basse-Normandie,"36900","3",139AN,X,"7","1","2","1"
"493",139AN03,Marnes et calcaires marneux du Bathonien en Basse-Normandie de l'Orne en Basse-Normandie,"36900","3",139AN,X,"7","1","2","1"
"494",139AN04,Marnes et calcaires marneux du Bathonien en Basse-Normandie de la Dives en Basse-Normandie,"36900","3",139AN,X,"7","1","2","1"
"495",139AN05,Marnes et calcaires marneux du Bathonien en Basse-Normandie de la Touques en Basse-Normandie,"36901","3",139AN,X,"7","1","2","1"
"496",139AN99,"Marnes et calcaires marneux indifférenciés, Marnes de Longwy en Lorraine et Marnes à Liostrea acuminata en Champagne du Bajocien supérieur-Bathonien du Bassin Parisien","36900","3",139AN,X,"7","1","2","1"
"497",139AO,Calcaires jurassiques entre Ouche et Vingeanne dans le bassin Rhône-Méditerranée,,"2","139","2","3","3","2","1"
"498",139AO01,Système karstique de la source du Creux Bleu,"36930","3",139AO,"2","5","3","2","1"
"499",139AO02,Système karstique du Val Suzon rive gauche amont,"36950","3",139AO,"2","5","3","2","1"
"500",139AO03,Système karstique de la source de la Bèze,"36970","3",139AO,"2","5","3","2","1"
"501",139AO05,Calcaires jurassiques entre Ouche et Vingeanne,"33510","3",139AO,"2","5","3","2","1"
"502",139AP,Calcaires de l'Aalénien-Bajocien du Bassin Parisien,,"2","139","3","3","4","2","4"
"503",139AP01,Calcaires de l'Aalénien-Bajocien dans l'aquifère captif du bassin versant de la Vire en Basse-Normandie,"37500","3",139AP,"1","5","5","2","1"
"504",139AP02,Calcaires de l'Aalénien-Bajocien dans l'aquifère libre du bassin versant de la Vire en Basse-Normandie,"37500","3",139AP,"2","5","5","2","1"
"505",139AP03,Calcaires de l'Aalénien-Bajocien dans l'aquifère captif du bassin versant de la Seulles en Basse-Normandie,"37500","3",139AP,"1","5","5","2","1"
"506",139AP04,Calcaires de l'Aalénien-Bajocien dans l'aquifère libre du bassin versant de la Seulles en Basse-Normandie,"37500","3",139AP,"2","5","5","2","1"
"507",139AP05,Calcaires de l'Aalénien-Bajocien dans l'aquifère captif du bassin versant de l'Orne en Basse-Normandie,"37500","3",139AP,"1","5","5","2","1"
"508",139AP06,Calcaires de l'Aalénien-Bajocien dans l'aquifère libre du bassin versant de l'Orne en Basse-Normandie,"37500","3",139AP,"2","5","5","2","1"
"509",139AP07,Calcaires de l'Aalénien-Bajocien dans le bassin versant de la Dives en Basse-Normandie,"37500","3",139AP,"1","6","5","2","1"
"510",139AP08,Calcaires de l'Aalénien-Bajocien dans le bassin versant de la Touques en Basse-Normandie,"37500","3",139AP,"2","6","5","2","1"
"511",139AP10,Formation ferrugineuse (minerai de fer oolithique) de l’Aalénien de l'est du Bassin Parisien (bassin Rhin-Meuse),"37510","3",139AP,"3","6","2","2","1"
"512",139AP12,"Arkoses d'Alençon, Sables et Grès de Tessé de l'Aalénien (bassin Loire-Bretagne)","37100","3",139AP,"3","5","1","2","1"
"513",139AP14,"Calcaires graveleux de la Champagne, de Conlie de l'Aalénien moyen au Bathonien (bassin Loire-Bretagne)","37510","3",139AP,"3","5","3","2","1"
"514",139AP16,Formation ferrifère (Minette de Lorraine) de l'Aalénien-Bajocien dans le bassin de Briey-Longwy (bassin Rhin-Meuse),"37510","3",139AP,"3","0","2","0","1"
"515",139AP18,Formation ferrifère (Minette de Lorraine) de l'Aalénien-Bajocien dans le bassin de Nancy (bassin Rhin-Meuse),"37510","3",139AP,"3","0","2","0","1"
"516",139AP99,Calcaires du Bajocien du Bassin Parisien,"37500","3",139AP,"3","5","4","2","1"
"517",139AZ,"Calcaires, marnes et grès du Jurassique et du Trias de la région du Charolais en Bourgogne (bassin Loire-Bretagne)",,"2","139","3","4","2","2","4"
"518",139AZ01,"Calcaires, marnes et grès du Jurassique et du Trias de la région du Charolais en Bourgogne (bassin Loire-Bretagne)","33500","3",139AZ,"3","6","2","2","1"
"519","141",Grand domaine hydrogéologique du Jurassique inf. (Lias) du Bassin Parisien et de ses bordures,,"1",,X,"2",X,"2","4"
"520",141AB,Marnes du Toarcien (Lias sup.) du Bassin Parisien,,"2","141","2","4","1","2","4"
"521",141AB01,"Grès supraliasiques, marnes et schistes carton du Lias sup. du Bassin Parisien","38890","3",141AB,X,"7","1","2","1"
"522",141AB03,Marnes et argiles du Toarcien (Lias sup.) dans la Sarthe (bassin Loire-Bretagne),"38900","3",141AB,X,"7","1","2","1"
"523",141AB05,Marnes et argiles du Toarcien (Lias sup.) dans la Nièvre (bassin Loire-Bretagne),"38901","3",141AB,X,"7","1","2","1"
"524",141AB09,Calcaires et marnes à ammonites (calcaires marneux) du Toarcien en Normandie,"38910","3",141AB,"2","6","1","2","1"
"525",141AB11,Argiles à Poisson avec des intercalations de schistes cartons du Toarcien en Normandie,"38920","3",141AB,X,"6","1","2","1"
"526",141AB99,Marnes du Toarcien (Lias sup.) du Bassin Parisien,"38900","3",141AB,X,"7","1","2","1"
"527",141AC,"Grès, marnes et calcaires du Pliensbachien (Lias moyen) du Bassin Parisien",,"2","141","3","4","1","2","4"
"528",141AC01,"Grès médioliasique du Domérien, grès et calcaire gréseux et marnes du Pliensbachien du Bassin Parisien","39500","3",141AC,"3","6","1","2","1"
"529",141AC03,"Marnes à Amaltheus margaritatus du Domérien en Lorraine, Marnes et argiles du Pliensbachien du Bassin Parisien","39600","3",141AC,"3","6","1","2","1"
"530",141AE,Marnes et calcaires argileux du Lias inf. du Bassin Parisien,,"2","141","3","4","1","2","4"
"531",141AE01,Marnes sableuses de Hondelange (Grès de Linay) du Lias inf. en Champagne et Nord Lorraine (bassin Rhin-Meuse),"39980","3",141AE,"3","6","2","2","1"
"533",141AG,"Calcaires, grès, calcaires argileux et argiles de l'Hettangien-Sinémurien (Lias inf.) du Bassin Parisien",,"2","141","3","3","4","2","4"
"534",141AG01,Grès de Virton du Sinémurien en Champagne et Lorraine (bassin Rhin-Meuse),"41000","3",141AG,"3","6","1","2","1"
"535",141AG03,"Grès d'Hettange, Grès et calcaires sableux d'Orval et de Florenville (Hettangien) au nord de la Champagne et de la Lorraine (bassin Seine-Normandie et bassin Rhin-Meuse)","41100","3",141AG,"3","5","1","2","1"
"536",141AG04,"Calcaires, grès, calcaires argileux et argiles de l'Hettangien-Sinémurien (Lias inf.) au contact du massif armoricain","41120","3",141AG,"3","5","4","2","1"
"537",141AG05,"Calcaires, grès, calcaires argileux et argiles de l'Hettangien-Sinémurien (Lias inf.) du Bassin Parisien","41120","3",141AG,"3","5","4","2","1"
"538",141AG07,Grès d'Hettange sous Calcaires à gryphées de l'Hettangien au nord de la Lorraine (bassin Rhin-Meuse),"41140","3",141AG,"3","5","1","2","1"
"539",141AG11,"Calcaires marneux à Gryphées du Sinémurien, argiles et calcaires d'Huberville, calcaires de Baupte et calcaires de Valognes de l’Hettangien en Normandie","41160","3",141AG,"3","5","4","2","1"
"540",141AI,"Calcaires, dolomies et calcaires à oolithes de l'Hettangien au Pliensbachien (Infra-Toarcien) dans les bassins de la Gartempe, de la Vienne et de la Dive (bassin Loire-Bretagne)",,"2","141","3","3","2","2","4"
"541",141AI01,Calcaires et dolomies et calcaires à oolithes de l'Hettangien au Pliensbachien dans le bassin de la Loire (de la Vienne à l'Authion) (bassin Loire-Bretagne),"41300","3",141AI,"3","5","2","2","1"
"542",141AI03,"Calcaires et dolomies et calcaires à oolithes de l'Hettangien au Pliensbachien dans le bassin de la Vienne, partie superficielle (bassin Loire-Bretagne)","41320","3",141AI,"3","5","2","2","1"
"543",141AI05,"Calcaires et dolomies et calcaires à oolithes de l'Hettangien au Pliensbachien (Infra-Toarcien) dans le bassin de la Vienne, partie profonde (bassin Loire-Bretagne)","41340","3",141AI,"3","5","2","2","1"
"544",141AJ,Marnes du Lias du Pays d'Arnay-le-Duc dans le bassin Rhône-Méditerranée,,"2","141","3","4","2","2","1"
"545",141AJ01,Marnes du Lias du Pays d'Arnay-le-Duc,"41360","3",141AJ,"3","7","2","2","1"
"546",141AK,"Calcaires, dolomies et calcaires à oolithes de l'Hettangien au Pliensbachien (Infra-Toarcien) dans le bassin du Clain (bassin Loire-Bretagne)",,"2","141","3","3","2","2","4"
"547",141AK01,Calcaires et dolomies et calcaires à oolithes de l'Hettangien au Plienbachien (Infra-Toarcien) dans le bassin du Clain (bassin Loire-Bretagne),"41400","3",141AK,"3","5","2","2","1"
"548",141CA,Domaine marneux du Lias du bassin Nord-Ouest de la Saône dans le bassin Rhône-Méditerranée,,"2","141","3","3","1","2","1"
"549",141CA03,Calcaires et grès du Plienbsachien (Domérien),"39430","3",141CA,"3","5","1","2","1"
"550",141CA05,Marnes et calcaires argileux du Lias inférieur,"39450","3",141CA,"3","5","1","2","1"
"551","143",Grand système multicouche du Trias du bassin Parisien et de ses bordures,,"1",,X,"12",X,"2","4"
"552",143AB,Grès rhétiens et argiles rouges (Trias supérieur) du Bassin Parisien et de ses bordures,,"2","143","3","4","1","2","4"
"553",143AB01,"Argiles rouges de Levallois du Rhétien en Lorraine et Champagne à l'est du Bassin Parisien (bassin Rhin-Meuse, majoritairement)","41450","3",143AB,X,"7","1","2","1"
"554",143AB03,"Grès rhétiens en Lorraine et Champagne à l'est du Bassin Parisien (bassin Rhin-Meuse, majoritairement)","41451","3",143AB,"3","5","1","2","1"
"555",143AB99,Grès et argiles indifférenciés du Rhétien (Trias sup.) du Bassin Parisien et de ses bordures,"41450","3",143AB,"3","6","1","2","1"
"556",143AD,"Dolomies, grès et marnes du Keuper (Trias sup.) du Bassin Parisien",,"2","143","3","3","1","2","4"
"557",143AD01,Marnes irisées supérieures et Argiles de Chanville du Keuper en Lorraine et Champagne à l'est du Bassin Parisien (bassin Seine-Normandie et bassin Rhin-Meuse),"41800","3",143AD,X,"7","1","2","1"
"558",143AD03,"Dolomie de Beaumont, Marnes irisées moyennes et Grès à roseaux du Keuper en Lorraine et Champagne à l'est du Bassin Parisien (bassin Seine-Normandie et bassin Rhin-Meuse)","41850","3",143AD,"3","5","4","2","1"
"559",143AD05,Marnes irisées inférieures du Keuper de Lorraine et d'Alsace en Lorraine et Champagne à l'est du Bassin Parisien (bassin Seine-Normandie et bassin Rhin-Meuse),"41900","3",143AD,X,"7","2","2","1"
"560",143AD99,Argiles et grès indifférenciés du Keuper (Trias supérieur) à l’ouest et au sud du Bassin Parisien,"41440","3",143AD,"3","5","1","2","1"
"561",143AE,"Calcaires du Muschelkalk supérieur (Trias moyen) et Dolomies et Argiles de la Lettenkohle (Keuper inf., Trias moyen) du Bassin Parisien",,"2","143","3","3","4","2","4"
"562",143AE01,"Dolomie limite (si différenciée), Dolomie et Marnes bariolées de la Lettenkohle en Lorraine, Alsace et Chamagne à l'est du Bassin Parisien (bassin Seine-Normandie et bassin Rhin-Meuse)","42000","3",143AE,"3","6","2","2","1"
"563",143AE03,"Dolomie inférieure de la Lettenkohle d'Alsace et de Lorraine en Lorraine, Alsace et Champagne à l'est du Bassin Parisien (bassin Seine-Normandie et bassin Rhin-Meuse)","42100","3",143AE,"3","5","5","2","1"
"564",143AE05,"Calcaires à cératites, calcaires à entroques et couches blanches du Muschelkalk en Lorraine, Alsace et Champagne à l'est du Bassin Parisien (bassin Seine-Normandie et bassin Rhin-Meuse)","42200","3",143AE,"3","5","5","2","1"
"565",143AE99,"Calcaires du Muschelkalk supérieur (Trias moyen) et Dolomies et Argiles de la Lettenkohle (Keuper inf., Trias moyen) du Bassin Parisien","41950","3",143AE,"1","5","5","2","1"
"566",143AF,Formations variées du Muschelkalk supérieur et de la Lettenkohle (Trias moyen) Nord Franche-Comté (bassin Rhône-Méditerranée),,"2","143","3","3","5","2","1"
"567",143AF01,Formations variées du Muschelkalk supérieur et Lettenkohle Nord Franche-Comté,"42250","3",143AF,"3","5","5","2","1"
"568",143AI,Marnes et argiles du Muschelkalk moyen et inférieur (Trias moyen) du Bassin Parisien,,"2","143",X,"4","1","2","4"
"569",143AI01,Couches grises et rouges du Muschelkalk moyen et inférieur du Bassin Parisien,"42400","3",143AI,"3","6","1","2","1"
"570",143AI03,"Dolomie à Myophoria orbicularis, Marnes à Myacites (et Grès coquillier indifférencié) du Muschelkalk inférieur du Bassin Parisien","42500","3",143AI,"3","6","2","2","1"
"571",143AI99,"Marnes et argiles du Muschelkalk moyen et inférieur (Trias moyen) du Bassin Parisien, partie indifférenciée du Bassin Parisien","42599","3",143AI,X,"7","1","2","1"
"572",143AJ,"Domaine marneux du Muschelkalk moyen (Trias moyen), Nord Franche-Comté dans le bassin Rhône-Méditerranée",,"2","143","3","4","1","2","1"
"573",143AJ01,"Domaine marneux du Muschelkalk moyen (Trias moyen), Nord Franche-Comté dans le bassin Rhône-Méditerranée","42520","3",143AJ,"3","7","1","2","1"
"574",143AK,Grès du Trias inf. du Bassin Parisien,,"2","143","3","3","1","2","4"
"575",143AK01,Grès coquilliers du Muschelkalk inférieur et Grès à Voltzia (Trias inférieur) à l'est du Bassin Parisien (bassin Seine-Normandie et bassin Rhin-Meuse),"42600","3",143AK,"3","5","1","2","1"
"576",143AK03,Couches intermédiaires et Conglomérat principal du Buntsandstein supérieur à l'est du Bassin Parisien (bassin Seine-Normandie et bassin Rhin-Meuse),"42700","3",143AK,"3","5","4","2","1"
"577",143AK05,Grès vosgien s.s. et Conglomérat inférieur de Lorraine et Grès Vosgiens indifférenciés du Buntsandstein et du Permien d'Alsace en Lorraine,"42800","3",143AK,"3","5","4","2","1"
"578",143AK07,Grès d'Annweiler et Grès de Senones du Buntsandstein en Lorraine dans le bassin Rhône Méditerranée,"42900","3",143AK,"3","6","1","2","1"
"579",143AK09,Grès du Trias inférieur Nord Franche-Comté,"42950","3",143AK,"3","5","4","2","1"
"580",143DA,Dolomies et marnes du Keuper dans le bassin Rhône-Méditerranée,,"2","143","3","3","9","2","1"
"581",143DA00,"NV3 absent, nom de l'entité NV2 : Dolomies et marnes du Keuper dans le bassin Rhône-Méditerranée","42240","3",143DA,"3","5","9","2","2"
"582","144",Formations du Trias inférieur en Normandie,,"1",,"3","1","1","2","4"
"583",144AA,Sables et grès du Trias moyen à supérieur en Basse-Normandie,,"2","144","3","3","1","2","4"
"584",144AA01,Sables et grès du Trias moyen à supérieur dans le bassin de la Saire en Basse-Normandie,"42498","3",144AA,"3","5","1","2","1"
"585",144AA02,Sables et grès du Trias moyen à supérieur dans le bassin de la Sinope en Basse-Normandie,"42500","3",144AA,"3","5","1","2","1"
"586",144AA03,Sables et grès du Trias moyen à supérieur dans le bassin de la Douves en Basse-Normandie,"42499","3",144AA,"3","5","1","2","1"
"587",144AA04,Sables et grès du Trias moyen à supérieur dans le bassin de l'Aure en Basse-Normandie,"42500","3",144AA,"3","5","1","2","1"
"588",144AA05,Sables et grès du Trias moyen à supérieur dans le bassin de la Vire en Basse-Normandie,"42500","3",144AA,"3","5","1","2","1"
"589",144AA06,Sables et grès du Trias moyen à supérieur dans le bassin de la Seulles en Basse-Normandie,"42500","3",144AA,"3","5","1","2","1"
"590",144AA07,Sables et grès du Trias moyen à supérieur dans le bassin de l'Orne en Basse-Normandie,"42500","3",144AA,"3","5","1","2","1"
"591",144AA08,Sables et grès du Trias moyen à supérieur dans le bassin de la Dives en Basse-Normandie,"42501","3",144AA,"3","5","1","2","1"
"592","145","Formations du Dévonien au Carbonifère supérieur (""Houiller"") du bassin Rhin-Meuse",,"1",,"3","1","5","2","4"
"593",145AA,Houiller du Carbonifère supérieur dans le bassin Rhin-Meuse,,"2","145","3","3","5","2","4"
"594",145AA01,"Couches de Champenay, de Frapelle et Couches de St-Dié du Permien en Lorraine","43000","3",145AA,"2","5","2","2","1"
"595",145AA02,Réservoir minier de Folschviller du Carbonifère supérieur du bassin houiller lorrain,"50000","3",145AA,"1","5","5","2","1"
"596",145AA03,Réservoir minier de Faulquemont du Carbonifère supérieur du bassin houiller lorrain,"50000","3",145AA,"1","5","5","2","1"
"597",145AA04,Réservoir minier Centre-Est du Carbonifère supérieur du bassin houiller lorrain,"50000","3",145AA,"1","5","5","2","1"
"598",145AA05,Réservoir minier Ouest du Carbonifère supérieur du bassin houiller lorrain,"50000","3",145AA,"1","5","5","2","1"
"599","147",Sédimentaire ancien du Bassin Parisien,,"1",,X,"2","2","2","4"
"600",147AA,Schistes et grès du Carbonifère et du Permien en Basse-Normandie,,"2","147",X,"4","2","2","4"
"601",147AA01,Schistes et grès du Permien affleurant en Basse-Normandie,"49000","3",147AA,X,"7","2","2","1"
"602",147AA02,Schistes et grès du Carbonifère affleurant en Basse-Normandie,"49000","3",147AA,X,"7","2","2","1"
"603",147AA03,Schistes et grès du Carbonifère et du Permien sous couverture en Basse-Normandie,"49000","3",147AA,X,"7","2","2","1"
"604",147AA04,Calcaires et grès du Tournaisien-Viséen (formation de Montmartin-sur-mer),"49000","3",147AA,"2","5","3","2","1"
"605","149",Calcaires du Dévonien moyen et supérieur dans le bassin Artois-Picardie,,"1",,X,"2","2","3","4"
"606",149AA,Houiller du Carbonifère supérieur dans le bassin Artois-Picardie,,"2","149",X,"4","2","3","4"
"607",149AA01,Houiller du bassin Artois-Picardie,"49000","3",149AA,X,"7","2","3","1"
"608",149AC,Calcaires du Dinantien (Carbonifère inférieur) dans le bassin Artois-Picardie,,"2","149","3","3","2","3","4"
"609",149AC01,"Schistes, phtanites, calcaires et dolomies dans le bassin Artois-Picardie","49100","3",149AC,"1","5","9","3","1"
"610",149AC03,"Schistes, phtanites, calcaires et dolomies (bassin versant des affluents du Rhin)) dans le bassin Artois-Picardie","49100","3",149AC,"2","5","2","3","1"
"611",149AE,"Schistes, psammites et calcaires du Struno-Faménnien (Dévonien supérieur, Carbonifère inférieur) dans le bassin Artois-Picardie",,"2","149",X,"4","2","3","4"
"612",149AE01,"Schistes, psammites, grès calcareux et calcaires dans le bassin Artois-Picardie","49200","3",149AE,X,"7","2","3","1"
"613",149AE03,"Schistes, psammites, grès calcareux et calcaires (bassin versant des affluents du Rhin) dans le bassin Artois-Picardie","49200","3",149AE,X,"7","2","3","1"
"614",149AG,Calcaires du Dévonien moyen et supérieur dans le bassin Artois-Picardie,,"2","149","2","3","2","3","4"
"615",149AG01,Schistes et calcaires récifaux dans le bassin Artois-Picardie,"49300","3",149AG,"1","5","2","3","1"
"616",149AG03,Schistes et calcaires récifaux (bassin versant des affluents du Rhin) dans le bassin Artois-Picardie,"49300","3",149AG,"2","5","2","3","1"
"617","151","Formations du Carbonifère au Permien (grès,schistes, niveaux houillers) dans le Massif central",,"1",,X,"2","2","2","4"
"618",151AA,"Formations gréseuses, Schistes et Conglomérats du Permien du Bec d'Allier et du Massif central",,"2","151",X,"4","2","2","4"
"619",151AA01,"Formations gréseuses, Schistes et Conglomérats du Permien du Bec d'Allier et du Massif central (bassin Loire-Bretagne)","49000","3",151AA,X,"6","2","2","1"
"620",151AC,Formations schisto-géseuses et niveaux houillers du Carbonifère du Massif central,,"2","151",X,"4","2","2","4"
"621",151AC01,Formations schisto-géseuses et niveaux houillers du Carbonifère du Massif central (bassin Loire-Bretagne),"49500","3",151AC,X,"6","2","2","1"
"622",151AE,"Conglomérats, grès, pélites, schistes et charbon du Carbonifère du bassin houiller stéphanois",,"2","151","3","4","2","2","4"
"623",151AE01,"Conglomérats, grès, pélites, schistes et charbon du Carbonifère du bassin houiller stéphanois","49500","3",151AE,"3","6","2","2","1"
"624",151AG,"Formations gréseuses, schistes et conglomérats du Permien du bassin d'Autun (Massif central)",,"2","151","2","4","2","2","4"
"625",151AG01,"Formations gréseuses, schistes et conglomérats du Permien du bassin d'Autun du Massif central (bassin Loire-Bretagne)","49000","3",151AG,"2","6","2","2","1"
"626",151AI,"Formations gréseuses, schistes et conglomérats du Stéphanien (Carbonifère supérieur) du bassin de Monceau-Les-Mines (Massif central)",,"2","151","3","4","2","2","4"
"627",151AI01,"Formations gréseuses, schistes et conglomérats du Stéphanien (Carbonifère supérieur) du bassin de Monceau-Les-Mines dans le Massif central) (bassin Loire-Bretagne)","49500","3",151AI,"3","6","2","2","1"
"630",153AA01,Massif volcanique de la Chaîne des Puys du Massif central,"1120","3",153AA,"3","5","4","5","1"
"631","154",Massif volcanique du Sancy-Mont-Dore (Massif central),,"1",,"3","1","4","5","4"
"632",154AA,Massif volcanique du Sancy-Mont-Dore (Massif central),,"2","154","3","3","4","5","4"
"633",154AA01,Massif volcanique plio-quaternaire du Sancy-Mont-Dore du Massif central dans le bassin Loire-Bretagne,"1140","3",154AA,"3","5","4","5","1"
"634",154AA02,Massif volcanique plio-quaternaire du Sancy-Mont-Dore du Massif central dans le bassin Adour-Garonne,"3010100","3",154AA,"3","5","4","5","1"
"635","155",Massif volcanique du Cézallier (Massif central),,"1",,"3","1","4","5","4"
"636",155AA,Massif volcanique du Cézallier (Massif central),,"2","155","3","3","4","5","4"
"637",155AA01,Massif volcanique du Cézallier du Massif central dans le bassin Loire-Bretagne,"1160","3",155AA,"3","5","4","5","1"
"638",155AA02,Massif volcanique du Cézallier du Massif central dans le bassin Adour-Garonne,"3010200","3",155AA,"3","5","4","5","1"
"639","156",Massif volcanique des Monts du Cantal (Massif central),,"1",,"3","1","4","5","4"
"640",156AA,Massif volcanique des Monts du Cantal (Massif central),,"2","156","3","3","4","5","4"
"641",156AA01,Massif volcanique des monts du Cantal dans le bassin Loire-Bretagne,"1180","3",156AA,"3","5","4","5","1"
"642",156AA02,Massif volcanique des monts du Cantal dans le bassin Adour-Garonne,"3010300","3",156AA,"3","5","4","5","1"
"643","158",Massif volcanique du Deves (Massif central),,"1",,"3","1","4","5","4"
"644",158AA,Massif volcanique du Deves (Massif central),,"2","158","3","3","4","5","4"
"645",158AA01,Massif volcanique du Deves du Massif central dans le bassin Loire-Bretagne,"1220","3",158AA,"3","5","4","5","1"
"646","159",Massif volcanique du Velay oriental (Massif central),,"1",,"3","1","4","5","4"
"647",159AA,Massif volcanique du Velay oriental (Massif central),,"2","159","3","3","4","5","4"
"648",159AA01,Massif volcanique miocène du Velay oriental du Massif central dans le bassin Loire-Bretagne,"1240","3",159AA,"3","5","4","5","1"
"649","160",Massif volcanique de l'Aubrac (Massif central),,"1",,"3","1","4","5","4"
"650",160AA,Massif volcanique de l'Aubrac (Massif central),,"2","160","3","3","4","5","4"
"651",160AA01,Massif volcanique de l'Aubrac (Massif central),"3010400","3",160AA,"3","5","4","5","1"
"652","161",Sables dunaires du littoral du Cotentin,,"1",,"2","1","1","2","4"
"653",161AA,Sables dunaires du littoral du Cotentin,,"2","161","2","3","1","2","4"
"654",161AA01,Sables dunaires de la façade ouest du littoral du Cotentin,"500","3",161AA,"2","5","1","2","1"
"655",161AA03,Sables dunaires de la façade est du littoral du Cotentin,"500","3",161AA,"2","5","1","2","1"
"656","163",Socle du Massif armoricain dans le bassin versant de L'Orne de sa source à l'embouchure ainsi que ses bassins côtiers,,"1",,"2","2","2","3","4"
"657",163AA,Socle du Massif armoricain dans le bassin versant de l'Orne de sa source à l'embouchure en Normandie,,"2","163","2","4","2","3","4"
"658",163AA01,"Schistes, grès du Briovérien et autres roches associées du Massif armoricain dans le bassin versant de l'Orne de sa source à l'embouchure en Normandie","50000","3",163AA,"2","5","4","3","1"
"659",163AA02,Granites ou roches apparentées du Massif armoricain dans le bassin versant de l'Orne de sa source à l'embouchure en Normandie,"50000","3",163AA,"2","5","4","3","1"
"660",163AA03,Roches métamorphiques du Massif armoricain dans le bassin versant de l'Orne de sa source à l'embouchure en Normandie,"50000","3",163AA,"2","6","4","3","1"
"661",163AA04,"Grès, calcaires et schistes du Paléozoïque dans le bassin versant de l'Orne de sa source à l'embouchure en Normandie","50001","3",163AA,"2","5","2","3","1"
"662",163AC,Socle du Massif armoricain dans le bassin versant de l'Orne du confluent de la Rouvre (inclus) au confluent du Noireau (exclu) en Normandie,,"2","163","2","4","4","3","4"
"663",163AC01,"Schistes, grès du Briovérien et autres roches associées du Massif armoricain dans le bassin versant de l'Orne du confluent de la Rouvre (inclus) au confluent du Noireau (exclu) en Normandie","50000","3",163AC,"2","5","4","3","1"
"664",163AC02,Granites ou roches apparentées du Massif armoricain dans le bassin versant de l'Orne du confluent de la Rouvre (inclus) au confluent du Noireau (exclu) en Normandie,"50000","3",163AC,"2","5","4","3","1"
"665",163AC03,Roches métamorphiques du Massif armoricain dans le bassin versant de l'Orne du confluent de la Rouvre (inclus) au confluent du Noireau (exclu) en Normandie,"50000","3",163AC,"2","6","4","3","1"
"666",163AE,Socle du Massif armoricain dans le bassin versant du Noireau de sa source au confluent de l'Orne (exclu) en Normandie,,"2","163","2","4","2","3","4"
"667",163AE01,"Schistes, grès du Briovérien et autres roches associées du Massif armoricain dans le bassin versant du Noireau de sa source au confluent de l'Orne (exclu) en Normandie","50000","3",163AE,"2","5","4","3","1"
"668",163AE02,Granites ou roches apparentées du Massif armoricain dans le bassin versant du Noireau de sa source au confluent de l'Orne (exclu) en Normandie,"50000","3",163AE,"2","5","4","3","1"
"669",163AE03,Roches métamorphiques du Massif armoricain dans le bassin versant du Noireau de sa source au confluent de l'Orne (exclu) en Normandie,"50000","3",163AE,"2","6","4","3","1"
"670",163AE04,"Grès, calcaires et schistes du Paléozoïque dans le bassin versant du Noireau de sa source au confluent de l'Orne (exclu) en Normandie","50000","3",163AE,"2","5","2","3","1"
"671",163AG,Socle du Massif armoricain dans le bassin versant de la Dives de sa source à l'embouchure ainsi que ses bassins côtiers en Normandie,,"2","163","2","3","2","3","4"
"672",163AG01,"Schistes, grès du Briovérien et autres roches associées du Massif armoricain dans le bassin versant de la Dives de sa source à l'embouchure ainsi que ses bassins côtiers en Normandie","50000","3",163AG,"2","5","4","3","1"
"673",163AG02,"Grès, calcaires et schistes du Paléozoïque dans le bassin versant de la Dives de sa source à l'embouchure ainsi que ses bassins côtiers en Normandie","50000","3",163AG,"2","5","2","3","1"
"674","164",Socle du Massif armoricain dans le bassin versant de la Seulles de sa source à l'embouchure ainsi que ses bassins côtiers,,"1",,"2","1","2","3","4"
"675",164AA,Socle du Massif armoricain dans le bassin versant de la Seulles de sa source au confluent de la Thue (exclu) en Normandie,,"2","164","2","3","2","3","4"
"676",164AA01,"Schistes, grès du Briovérien et autres roches associées du Massif armoricain dans le bassin versant de la Seulles de sa source au confluent de la Thue (exclu) en Normandie","50000","3",164AA,"2","5","4","3","1"
"677",164AA02,"Grès, calcaires et schistes du Paléozoïque dans le bassin versant de la Seulles de sa source au confluent de la Thue (exclu) en Normandie","50000","3",164AA,"2","5","2","3","1"
"678","165",Socle du Massif armoricain dans le bassin versant de la Vire de sa source à l'embouchure,,"1",,"2","1","2","3","4"
"3400",718BP04,Alluvions récentes du Tech,"2","3",718BP,"2","5","1","1","1"
"679",165AA,Socle du Massif armoricain dans le bassin versant de la Vire de sa source au confluent de l'Aure et la Vire de sa source à l'embouchure ainsi que ses bassins côtiers en Normandie,,"2","165","2","3","2","3","4"
"680",165AA01,"Schistes, grès du Briovérien et autres roches associées du Massif armoricain dans le bassin versant de la Vire de sa source au confluent de l'Aure et la Vire de sa source à l'embouchure ainsi que ses bassins côtiers","50000","3",165AA,"2","5","4","3","1"
"681",165AA02,Granites ou roches apparentées du Massif armoricain dans le bassin versant de la Vire de sa source au confluent de l'Aure et la Vire de sa source à l'embouchure ainsi que ses bassins côtiers,"50000","3",165AA,"2","5","4","3","1"
"682",165AA03,Roches métamorphiques du Massif armoricain dans le bassin versant de la Vire de sa source au confluent de l'Aure et la Vire de sa source à l'embouchure ainsi que ses bassins côtiers,"50000","3",165AA,"2","5","4","3","1"
"683",165AA04,"Grès, calcaires et schistes du Paléozoïque dans le bassin versant de la Vire de sa source au confluent de l'Aure et la Vire de sa source à l'embouchure ainsi que ses bassins côtiers","49999","3",165AA,"2","5","2","3","1"
"684",165AC,Socle du Massif armoricain dans le bassin versant de L'Aure de sa source au confluent de la Vire (exclu) et les bassins côtiers compris entre les bassins côtiers de la Seulles (exclu) et l'embouchure de la Vire (exclu) en Normandie,,"2","165","2","3","2","3","4"
"685",165AC01,"Schistes, grès du Briovérien et autres roches associées du Massif armoricain dans le bassin versant de l'Aure jusqu'au confluent de la Vire et les bassins côtiers compris entre les bassins de la Seulles et l'embouchure de la Vire en Normandie","50000","3",165AC,"2","5","4","3","1"
"686",165AC02,"Grès, calcaires et schistes du Paléozoïque dans le bassin versant de L'Aure de sa source au confluent de la Vire (exclu) et les bassins côtiers compris entre les bassins côtiers de la Seulles (exclu) et l'embouchure de la Vire (exclu) en Normandie","50000","3",165AC,"2","5","2","3","1"
"687","167",Socle du Massif armoricain dans le bassin versant de la Douve de sa source à l'embouchure,,"1",,"2","1","2","3","4"
"688",167AA,Socle du Massif armoricain dans le bassin versant de la Douve de sa source au confluent de la Sève en Normandie,,"2","167","2","3","2","3","4"
"689",167AA01,Roche d'origine volcanique ou filonienne du Massif armoricain dans le bassin versant de la Douve de sa source au confluent de la Sève en Normandie,"50001","3",167AA,"2","5","4","3","1"
"690",167AA02,"Grès, calcaires et schistes du Paléozoïque dans le bassin versant de la Douve de sa source au confluent de la Sève en Normandie","50000","3",167AA,"2","5","2","3","1"
"691",167AC,Socle du Massif armoricain dans le bassin versant de la Douve du confluent de la Sève à l'embouchure en Normandie,,"2","167","2","3","2","3","4"
"692",167AC01,"Schistes, grès du Briovérien et autres roches associées du Massif armoricain dans le bassin versant de la Douve du confluent de la Sève à l'embouchure en Normandie","50000","3",167AC,"2","5","4","3","1"
"693",167AC02,Granites ou roches apparentées du Massif armoricain dans le bassin versant de la Douve du confluent de la Sève à l'embouchure en Normandie,"50000","3",167AC,"2","5","4","3","1"
"694",167AC03,Roches métamorphiques du Massif armoricain dans le bassin versant de la Douve du confluent de la Sève à l'embouchure en Normandie,"50000","3",167AC,"2","5","4","3","1"
"695",167AC04,Roche d'origine volcanique ou filonienne du Massif armoricain dans le bassin versant de la Douve du confluent de la Sève à l'embouchure en Normandie,"50000","3",167AC,"2","5","4","3","1"
"696",167AC05,"Grès, calcaires et schistes du Paléozoïque dans le bassin versant de la Douve du confluent de la Sève à l'embouchure en Normandie","50000","3",167AC,"2","5","2","3","1"
"697","169",Socle du Massif armoricain dans le bassin versant de la Divette de sa source à l'embouchure et bassins côtiers compris entre l'embouchure de la Douve et l'embouchure de la Sienne,,"1",,"2","1","2","3","4"
"698",169AA,Socle du Massif armoricain dans le bassin versant de la Divette de sa source à l'embouchure et bassins cotiers en Normandie,,"2","169","2","3","2","3","4"
"699",169AA01,"Schistes, grès du Briovérien et autres roches associées du Massif armoricain dans le bassin versant de la Divette de sa source à l'embouchure et bassins cotiers en Normandie","50000","3",169AA,"2","5","4","3","1"
"700",169AA02,Granites ou roches apparentées du Massif armoricain dans le bassin versant de la Divette de sa source à l'embouchure et bassins cotiers en Normandie,"50000","3",169AA,"2","5","4","3","1"
"701",169AA03,Roches métamorphiques du Massif armoricain dans le bassin versant de la Divette de sa source à l'embouchure et bassins cotiers en Normandie,"50000","3",169AA,"2","5","4","3","1"
"702",169AA04,Roche d'origine volcanique ou filonienne du Massif armoricain dans le bassin versant de la Divette de sa source à l'embouchure et bassins cotiers en Normandie,"50000","3",169AA,"2","5","4","3","1"
"703",169AA05,"Grès, calcaires et schistes du Paléozoïque dans le bassin versant de la Divette de sa source à l'embouchure et bassins cotiers en Normandie","49999","3",169AA,"2","5","2","3","1"
"704",169AC,Socle du Massif armoricain dans le bassin versant dans les bassins côtiers compris entre l'embouchure de la Diélette (exclu) et l'embouchure de l'Ay (exclu) en Normandie,,"2","169","2","3","2","3","4"
"705",169AC01,Granites ou roches apparentées du Massif armoricain dans le bassin versant dans les bassins côtiers compris entre l'embouchure de la Diélette (exclu) et l'embouchure de l'Ay (exclu) en Normandie,"50000","3",169AC,"2","5","4","3","1"
"706",169AC02,Roches métamorphiques du Massif armoricain dans le bassin versant dans les bassins côtiers compris entre l'embouchure de la Diélette (exclu) et l'embouchure de l'Ay (exclu) en Normandie,"50000","3",169AC,"2","5","4","3","1"
"707",169AC03,Roche d'origine volcanique ou filonienne (métavolcanites et paléovolcanites) du Massif armoricain dans le bassin versant dans les bassins côtiers compris entre l'embouchure de la Diélette (exclu) et l'embouchure de l'Ay (exclu) en Normandie,"50000","3",169AC,"2","5","4","3","1"
"708",169AC04,"Grès, calcaires et schistes du Paléozoïque dans le bassin versant dans les bassins côtiers compris entre l'embouchure de la Diélette (exclu) et l'embouchure de l'Ay (exclu) en Normandie","50000","3",169AC,"2","5","2","3","1"
"709",169AE,Socle du Massif armoricain dans le bassin versant de l'Ay de sa source à l'embouchure et bassins cotiers en Normandie,,"2","169","2","3","2","3","4"
"710",169AE01,"Schistes, grès du Briovérien et autres roches associées du Massif armoricain dans le bassin versant de l'Ay de sa source à l'embouchure et bassins cotiers en Normandie","50000","3",169AE,"2","5","4","3","1"
"711",169AE02,Granites ou roches apparentées du Massif armoricain dans le bassin versant de l'Ay de sa source à l'embouchure et bassins cotiers en Normandie,"50000","3",169AE,"2","5","4","3","1"
"712",169AE03,Roches métamorphiques du Massif armoricain dans le bassin versant de l'Ay de sa source à l'embouchure et bassins cotiers en Normandie,"50000","3",169AE,"2","5","4","3","1"
"1281",221AA09,Alluvions vosgiennes récentes de la Bruche en Plaine d'Alsace,"1240","3",221AA,"2","5","1","1","1"
"713",169AE04,Roche d'origine volcanique ou filonienne du Massif armoricain dans le bassin versant de l'Ay de sa source à l'embouchure et bassins cotiers en Normandie,"50000","3",169AE,"2","5","4","3","1"
"714",169AE05,"Grès, calcaires et schistes du Paléozoïque dans le bassin versant de l'Ay de sa source à l'embouchure et bassins cotiers en Normandie","49999","3",169AE,"2","5","2","3","1"
"715","170",Socle du Massif armoricain dans le bassin versant de la Sienne de sa source à l'embouchure ainsi que ses bassins côtiers,,"1",,"2","1","2","3","4"
"716",170AA,Socle du Massif armoricain dans le bassin versant de la Sienne de sa source au confluent la soulles et le Thar et bassins cotiers en Normandie,,"2","170","2","3","2","3","4"
"717",170AA01,"Schistes, grès du Briovérien et autres roches associées du Massif armoricain dans le bassin versant de la Sienne de sa source au confluent la soulles et le Thar et bassins cotiers en Normandie","50000","3",170AA,"2","5","4","3","1"
"718",170AA02,Granites ou roches apparentées du Massif armoricain dans le bassin versant de la Sienne de sa source au confluent la soulles et le Thar et bassins cotiers en Normandie,"50000","3",170AA,"2","5","4","3","1"
"719",170AA03,Roches métamorphiques du Massif armoricain dans le bassin versant de la Sienne de sa source au confluent la soulles et le Thar et bassins cotiers en Normandie,"50000","3",170AA,"2","5","4","3","1"
"720",170AA04,"Grès, calcaires et schistes du Paléozoïque dans le bassin versant de la Sienne de sa source au confluent la soulles et le Thar et bassins cotiers en Normandie","50000","3",170AA,"2","5","2","3","1"
"721",170AC,Socle du Massif armoricain dans le bassin versant de la Sienne du confluent de la Soulle (inclus) à l'embouchure en Normandie,,"2","170","2","3","2","3","4"
"722",170AC01,"Schistes, grès du Briovérien et autres roches associées du Massif armoricain dans le bassin versant de la Sienne du confluent de la Soulle (inclus) à l'embouchure en Normandie","50000","3",170AC,"2","5","4","3","1"
"723",170AC02,Granites ou roches apparentées du Massif armoricain dans le bassin versant de la Sienne du confluent de la Soulle (inclus) à l'embouchure en Normandie,"50000","3",170AC,"2","5","4","3","1"
"724",170AC03,Roches métamorphiques (métavolcanites et paléovolcanites) du Massif armoricain dans le bassin versant de la Sienne du confluent de la Soulle (inclus) à l'embouchure en Normandie,"50000","3",170AC,"2","5","4","3","1"
"725",170AC04,"Grès, calcaires et schistes du Paléozoïque dans le bassin versant de la Sienne du confluent de la Soulle (inclus) à l'embouchure en Normandie","50000","3",170AC,"2","5","2","3","1"
"726",170AE,Socle du Massif armoricain dans le bassin versant du ruisseau du Boscq de sa source à l'embouchure et bassins cotiers en Normandie,,"2","170","2","3","2","3","4"
"727",170AE01,"Schistes, grès du Briovérien et autres roches associées du Massif armoricain dans le bassin versant du ruisseau du Boscq de sa source à l'embouchure et bassins cotiers en Normandie","50000","3",170AE,"2","5","4","3","1"
"728",170AE02,"Grès, calcaires et schistes du Paléozoïque dans le bassin versant du ruisseau du Boscq de sa source à l'embouchure et bassins cotiers en Normandie","50000","3",170AE,"2","5","2","3","1"
"729","171",Socle du Massif armoricain dans le bassin versant de la Sée et la Sélune de leurs sources à leurs embouchures,,"1",,"2","1","4","3","4"
"730",171AA,Socle du Massif armoricain dans le bassin versant de la Sée de sa source à l'embouchure en Normandie,,"2","171","2","3","4","3","4"
"731",171AA01,"Schistes, grès du Briovérien et autres roches associées du Massif armoricain dans le bassin versant de La Sée de sa source à l'embouchure en Normandie","50000","3",171AA,"2","5","4","3","1"
"732",171AA02,Granites ou roches apparentées du Massif armoricain dans le bassin versant de La Sée de sa source à l'embouchure en Normandie,"50000","3",171AA,"2","5","4","3","1"
"733",171AA03,Roches métamorphiques du Massif armoricain dans le bassin versant de La Sée de sa source à l'embouchure en Normandie,"50000","3",171AA,"2","5","4","3","1"
"734",171AA04,Roche d'origine volcanique ou filonienne du Massif armoricain dans le bassin versant de La Sée de sa source à l'embouchure en Normandie,"50000","3",171AA,"2","5","4","3","1"
"735",171AC,Socle du Massif armoricain dans le bassin versant de la Sélune de sa source à l'embouchure en Normandie,,"2","171","2","3","4","3","4"
"736",171AC01,"Schistes, grès du Briovérien et autres roches associées du Massif armoricain dans le bassin versant de La Sélune de sa source à l'embouchure en Normandie","50000","3",171AC,"2","5","4","3","1"
"737",171AC02,Granites ou roches apparentées du Massif armoricain dans le bassin versant de La Sélune de sa source à l'embouchure en Normandie,"50000","3",171AC,"2","5","4","3","1"
"738",171AC03,Roches métamorphiques du Massif armoricain dans le bassin versant de La Sélune de sa source à l'embouchure en Normandie,"50000","3",171AC,"2","5","4","3","1"
"739","173",Socle du Massif armoricain dans les bassins versants côtiers du Couesnon (inclus) à la Rance (inclus),,"1",,"2","1","2","3","4"
"740",173AA,Socle du Massif armoricain dans le bassin versant du Couesnon de sa source à la mer,,"2","173","2","3","2","3","4"
"741",173AA10,Massif plutonique perméable du bassin versant du Couesnon de sa source à la mer,"50000","3",173AA,"2","5","2","3","1"
"742",173AA11,Formation méta-plutonique perméable du bassin versant du Couesnon de sa source à la mer,"50000","3",173AA,"2","5","2","3","1"
"743",173AA12,Formations méta-sédimentaires semi-perméables du bassin versant du Couesnon de sa source à la mer,"50000","3",173AA,"2","6","2","3","1"
"744",173AA13,Formations méta-sédimentaires imperméables du bassin versant du Couesnon de sa source à la mer,"50000","3",173AA,"2","7","2","3","1"
"745",173AC,"Socle du Massif armoricain dans le bassin versant du Guyoult de sa source à la mer, du Biez Jean et du Biez Brillant",,"2","173","2","3","2","3","4"
"746",173AC10,"Massifs plutoniques perméables des bassins versants du Guyoult de sa source à la mer, du Biez Jean et du Biez Brillant","50000","3",173AC,"2","5","2","3","1"
"747",173AC11,"Formations méta-plutoniques perméables des bassins versants du Guyoult de sa source à la mer, du Biez Jean et du Biez Brillant","50000","3",173AC,"2","5","2","3","1"
"748",173AE,Socle du Massif armoricain dans le bassin versant de La Rance et le Linon de leurs sources à la mer,,"2","173","2","3","2","3","4"
"749",173AE01,Socle sédimentaire et plutonique dans le bassin versant de la Rance de sa source à la mer,"50000","3",173AE,"2","5","2","3","1"
"750",173AE02,Socle plutonique dans le bassin versant du Linon de sa source à la Rance (non inclus),"50000","3",173AE,"2","5","2","3","1"
"751","174",Socle du Massif armoricain dans le bassin versant de la Vilaine de sa source à la mer et côtiers de la Vilaine à la Loire (exclus),,"1",,"2","2","2","3","4"
"752",174AA,Socle du Massif armoricain dans le bassin versant de la Vilaine de sa source à la mer et côtiers de la Vilaine à la Loire (exclus),,"2","174","2","4","2","3","4"
"753",174AA01,"Socle métamorphique dans les bassins versants de la Vilaine, la Seiche et le Don de leurs sources à la mer","50000","3",174AA,"2","5","2","3","1"
"754",174AA03,Socle sédimentaire ancien dans le bassin versant du Meu et ses affluents,"50000","3",174AA,"2","5","2","3","1"
"755",174AA04,Socle sédimentaire ancien dans le bassin versant du Semnon et ses affluents,"50000","3",174AA,"2","6","2","3","1"
"756",174AA05,Socle sédimentaire ancien dans le bassin versant de la Chère et ses affluents,"50000","3",174AA,"2","6","2","3","1"
"757",174AA06,Socle métamorphique dans le bassin versant de l'Isac de sa source à la Vilaine (non inclus),"50000","3",174AA,"2","6","2","3","1"
"758",174AA07,Socle métamorphique dans les bassins versants côtiers de la Vilaine (non inclus) à la Loire (non inclus),"50000","3",174AA,"2","6","2","3","1"
"759",174AC,Socle du Massif armoricain dans le bassin versant de l'Ille de sa source à la mer,,"2","174","2","3","2","3","4"
"760",174AC01,Massif plutonique perméable du bassin versant de l'Ille et ses affluents,"50000","3",174AC,"2","5","2","3","1"
"761",174AC02,Formations métamorphiques perméables du bassin versant de l'Ille et ses affluents,"50000","3",174AC,"2","5","2","3","1"
"762",174AC03,Formations méta-sédimentaires semi-perméables du bassin versant de l'Ille et ses affluents,"50000","3",174AC,"2","6","2","3","1"
"763",174AC04,Formations méta-sédimentaires de nature inconnue du bassin versant de l'Ille et ses affluents,"50000","3",174AC,"2","0","2","3","1"
"764",174AC05,Formations méta-sédimentaires imperméables du bassin versant de l'Ille et ses affluents,"50000","3",174AC,"2","7","2","3","1"
"765",174AC06,Complexe volcano-sédimentaire semi-perméable du bassin versant de l'Ille et ses affluents,"50000","3",174AC,"2","6","2","3","1"
"766","175",Socle du Massif armoricain dans le bassin versant de la Loire de la Vienne (exclus) à la mer (bassin versant en aval du contact,,"1",,"2","2","2","3","4"
"767",175AA,Socle du Massif armoricain dans le bassin versant de La Loire de la Vienne (exclus) à la mer (bassin versant en aval du contact socle-sédimentaire),,"2","175","2","4","2","3","4"
"768",175AA01,Socle métamorphique dans le bassin versant de la Loire de la Vienne (non inclus) à la mer (bassin versant en aval du contact Socle métamorphique -sédimentaire),"50000","3",175AA,"2","6","2","3","1"
"769",175AC,Socle du Massif armoricain dans le bassin versant de L'Evre et ses affluents et le Layon de sa source à la Loire (exclus),,"2","175","2","4","2","3","4"
"770",175AC01,Socle métamorphique dans le bassin versant du Layon de sa source à la Loire (non inclus),"50000","3",175AC,"2","6","2","3","1"
"771",175AC04,Socle métamorphique dans le bassin versant de l'Aubance et ses affluents (bassin versant en amont du contact Socle métamorphique -sédimentaire),"50001","3",175AC,"2","6","2","3","1"
"772",175AC05,Socle métamorphique dans le bassin versant de l'Evre et ses affluents,"50002","3",175AC,"2","6","2","3","1"
"773",175AE,"Socle du Massif armoricain dans les bassins versants de la Mayenne, la Sarthe de la Vieille Maine à la Maine et la Maine jusqu'à la Loire associé au bassin de l'Authion à la Maine (aval du contact socle-sédimentaire)",,"2","175","2","4","2","3","4"
"774",175AE01,Socle sédimentaire ancien dans le bassin versant de l'Authion du Changeon (inclus) à la Loire (non inclus) (bassin versant en aval du contact Socle sédimentaire ancien-sédimentaire),"50000","3",175AE,"2","6","2","3","1"
"775",175AE03,Socle métamorphique dans les bassins versants de la Mayenne et de la Sarthe de la Vieille Maine (inclus) à la Maine et de la Maine jusqu'à la Loire (non inclus),"50000","3",175AE,"2","6","2","3","1"
"776",175AG,Socle du Massif armoricain dans le bassin versant de L'Erdre et ses affluents,,"2","175","2","4","2","3","4"
"777",175AG01,Socle métamorphique dans le bassin versant l'Erdre et ses affluents,"50000","3",175AG,"2","6","2","3","1"
"778",175AI,"Socle du Massif armoricain dans le bassin versant de La Boulogne de sa source au Lac de Grand-Lieu (inclus), l'Acheneau de sa source à la Loire (exclus), l'Ognon",,"2","175","2","4","2","3","4"
"779",175AI01,"Socle métamorphique dans les bassins versants de la Boulogne de sa source au lac de Grand-Lieu (inclus), l'Acheneau de sa source à la Loire (non inclus), l'Ognon","50000","3",175AI,"2","7","2","3","1"
"780",175AK,Socle du Massif armoricain dans le bassin versant de Le Brivet et ses affluents,,"2","175","2","4","2","3","4"
"781",175AK01,Socle métamorphique dans le bassin versant du Brivet et ses affluents,"50000","3",175AK,"2","6","2","3","1"
"782","177",Socle du Massif armoricain dans le bassin versant de la Sarthe de sa source à la Maine et la Maine jusqu'à la Loire (exclus) et la Mayenne de la Vieille Maine (inclus) à la Maine (bassin versant en aval du contact socle-sédimentaire,,"1",,"2","1","2","3","4"
"783",177AA,"Socle du Massif armoricain dans le bassin versant de La Sarthe de sa source au Loir (exclus), au contact du sédimentaire associés aux affleurements disjoints dans le sédimentaire proche",,"2","177","2","3","2","3","4"
"784",177AA01,Socle plutonique et sédimentaire dans le bassin versant amont de la Sarthe (au contact du sédimentaire associés aux affleurements disjoints dans le sédimentaire proche),"50000","3",177AA,"2","5","2","3","1"
"785",177AA03,Socle plutonique et sédimentaire dans les bassins versants de la Sarthe de la Vegre (non inclus) à la Voutonne (inclus) et de l'Huisne (non inclus) à la Vegre (inclus) (au contact du sédimentaire),"50000","3",177AA,"2","5","2","3","1"
"786","179",Socle du Massif armoricain dans le bassin versant de la Mayenne de sa source à la Vieille Maine (exclus),,"1",,"2","1","2","3","4"
"787",179AA,Socle du Massif armoricain dans le bassin versant de La Mayenne de sa source à la Vieille Maine (exclus),,"2","179","2","3","2","3","4"
"788",179AA01,"Socle plutonique dans les bassins versants de la Mayenne de sa source à la Vieille Maine (non inclus), l'Ernée, l'Aron","50000","3",179AA,"2","5","2","3","1"
"789",179AA03,Socle plutonique dans le bassin versant de la Jouanne et ses affluents,"50000","3",179AA,"2","5","2","3","1"
"790",179AA05,Socle plutonique dans le bassin versant de la Mayenne de sa source à la Varenne,"50000","3",179AA,"2","5","2","3","1"
"791",179AC,"Socle du Massif armoricain dans le bassin versant de La Varenne et ses affluents, la Colmont",,"2","179","2","3","2","3","4"
"792",179AC01,Socle plutonique dans le bassin versant de la Varenne et ses affluents,"50000","3",179AC,"2","5","2","3","1"
"793",179AC02,Socle plutonique dans le bassin versant de la Colmont et ses affluents,"50000","3",179AC,"2","5","2","3","1"
"794",179AE,"Socle du Massif armoricain dans le bassin versant de L'Oudon de sa source à la Mayenne (exclus), le Vicoin, la Verzée, l'Argos",,"2","179","2","3","2","3","4"
"795",179AE01,Socle sédimentaire ancien dans le bassin versant du Vicoin et ses affluents,"50000","3",179AE,"2","5","2","3","1"
"796",179AE02,"Socle plutonique dans les bassins versants de l'Oudon de sa source à la Mayenne (non inclus), de la Verzée, l'Argos","50000","3",179AE,"2","5","2","3","1"
"797","181",Socle du Massif armoricain dans le bassin versant de la Sèvre Nantaise et ses affluents,,"1",,"2","2","2","3","4"
"1341",226AA03,Calcaires à Mélanie (Priabonien) du Horst de Mulhouse,"20000","3",226AA,"3","5","4","2","1"
"798",181AA,"Socle du Massif armoricain dans le bassin versant de La Sèvre Nantaise : de la Grande Maine (exclus) à la Loire (exclus), de l'Ouin (exclus) au Moine (exclus), du Moine (exclus) à la Grande Maine (exclus) et la Grande Maine",,"2","181","2","4","2","3","4"
"799",181AA01,Socle métamorphique dans le bassin versant de la Sèvre Nantaise de l'Ouin à la Grande Maine,"50000","3",181AA,"2","6","2","3","1"
"800",181AA02,"Socle métamorphique dans les bassins versants de la Grande Maine, de la Petite Maine et leurs affluents","30000000","3",181AA,"2","7","2","3","1"
"801",181AC,Socle du Massif armoricain dans le bassin versant du Moine et ses affluents,,"2","181","2","4","2","3","4"
"802",181AC01,Socle métamorphique dans le bassin versant du Moine et ses affluents,"50000","3",181AC,"2","7","2","3","1"
"803",181AE,Socle du Massif armoricain dans le bassin versant de La Sèvre nantaise de sa source à l'Ouin (inclus),,"2","181","2","4","2","3","4"
"804",181AE01,Socle métamorphique dans le bassin versant de la Sèvre nantaise de sa source à l 'Ouin (inclus),"50000","3",181AE,"2","6","2","3","1"
"805","183","Socle du Massif armoricain dans les bassins versants côtiers de la Loire (exclus) à la rivière du Goulet (inclus), la Vie et ses affluents, îles d'Yeu et de Noirmoutier",,"1",,"2","2","2","3","4"
"806",183AA,"Socle du Massif armoricain dans le bassin versant des Côtiers de la Loire (exclus) à la rivière du Goulet (inclus), la Vie et ses affluents, îles d'Yeu et de Noirmoutier",,"2","183","2","4","2","3","4"
"807",183AA01,Socle métamorphique dans les bassins versants du Boivre et le Canal de Haute Perche et leurs affluents,"50000","3",183AA,"2","7","2","3","1"
"808",183AA02,Socle métamorphique dans les bassins versants côtiers (dont le Falleron) et marais du Canal de Haute Perche (non inclus) au Bignon (inclus),"50000","3",183AA,"2","7","2","3","1"
"809",183AA03,"Socle métamorphique dans les bassins versants côtiers et marais du Grand Etier de Sallertaine (inclus) à la Vie (non inclus), îles d'Yeu et de Noirmoutier","50000","3",183AA,"2","7","2","3","1"
"810",183AA04,Socle métamorphique dans le bassin versant de la Vie de sa source à la mer (dont le Jaunay),"50000","3",183AA,"2","7","2","3","1"
"811",183AA05,"Socle métamorphique dans les bassins versants côtiers de la Vie (non inclus) aux Sables d'Olonne (dont l'Auzance, la Ciboule et la Vertonne)","30000000","3",183AA,"2","6","2","3","1"
"812",183AA06,Socle métamorphique dans les bassins versants côtiers des Sables d'Olonne à la rivière du Goulet (inclus),"50000","3",183AA,"2","6","2","3","1"
"813",183AC,"Socle du Massif armoricain de l'Ile de Noirmoutier, rattachée aux bassins côtiers et marais du Grand Etier de Sallertaine (inclus) à la Vie (exclus),",,"2","183","2","4","2","3","4"
"814",183AC01,Socle métamorphique dans les bassins versants Ile de Noirmoutier rattachée aux bassins côtiers et marais du Grand Etier de Sallertaine (inclus) à de la Vie (non inclus),"50000","3",183AC,"2","7","2","3","1"
"815",183AE,"Socle du Massif armoricain de l'Ile d'Yeu, rattachée aux bassins côtiers et marais du Grand Etier de Sallertaine (inclus) à la Vie (exclus), et de Noirmoutier",,"2","183","2","4","2","3","4"
"816",183AE01,"Socle métamorphique dans les bassins versants de l' Ile d'Yeu, rattachée aux bassins côtiers et marais du Grand Etier de Sallertaine (inclus) à de la Vie (non inclus), et de Noirmoutier","50000","3",183AE,"2","7","2","3","1"
"817","185",Socle du Massif armoricain dans le bassin versant du Lay et ses affluents (bassin versant en amont du contact socle-sédimentaire),,"1",,"2","2","2","3","4"
"818",185AA,"Socle du Massif armoricain dans le bassin versant du Grand Lay puis le Lay de sa source à la mer, le Petit Lay et ses affluents, la Smagne de sa source au Lay (exclus), l'Yon de sa source au Lay (exclus)",,"2","185","2","4","2","3","4"
"819",185AA01,Socle métamorphique dans le bassin versant du Grand lay puis du Lay de sa source à la mer (dont la Smagne et l'Yon) (bassin versant en amont du contact Socle métamorphique -sédimentaire),"30000000","3",185AA,"2","7","2","3","1"
"820",185AA02,Socle métamorphique dans le bassin versant du Petit de lay et ses affluents,"30000000","3",185AA,"2","7","2","3","1"
"821","186","Socle du Massif armoricain dans le bassin versant de la Sèvre Niortaise, la Vendée, l'Autise (bassin versant en amont du contact socle-sédimentaire)",,"1",,"2","2","2","3","4"
"822",186AA,"Socle du Massif armoricain dans le bassin versant de la Vendée de sa source au ruisseau Longeves, de l'Autize de sa source au Saumort et de la Sèvre niortaise du Chambon (inclus) au ruisseau du Lambon (exclus)",,"2","186","2","4","2","3","4"
"823",186AA01,"Socle métamorphique dans les bassins versants de la Vendée de sa source au ruisseau Longeves, de l'Autize de sa source au Saumort et de la Sèvre niortaise du Chambon (inclus) au ruisseau du Lambon (non inclus)","30000000","3",186AA,"2","7","2","3","1"
"824","187",Socle du Massif armoricain dans les bassins versants côtiers de la Rance (exclus) au Trieux (inclus),,"1",,"2","2","2","3","4"
"825",187AA,"Socle du Massif armoricain dans les bassins versants du Frémur, l'Arguenon, le Gouessant de leurs sources à la mer, la Rosette et côtiers",,"2","187","2","3","2","3","4"
"826",187AA01,Socle métamorphique dans les bassins versants du Frémur et du Floubalay de leurs sources à la mer et côtiers,"50000","3",187AA,"2","5","2","3","1"
"827",187AA02,Socle métamorphique dans les bassins versants de l'Arguenon et de la Rosette de leurs sources à la mer,"50000","3",187AA,"2","5","2","3","1"
"828",187AA03,Socle métamorphique dans les bassins versants du Frémur de sa source à la mer et côtiers,"50000","3",187AA,"2","5","2","3","1"
"829",187AA04,Socle métamorphique dans le bassin versant du Gouessant de sa source à la mer,"50000","3",187AA,"2","5","2","3","1"
"830",187AC,Socle du Massif armoricain dans les bassins versants de l'Urne de sa source à la mer et côtiers,,"2","187","2","3","2","3","4"
"831",187AC01,Socle métamorphique dans les bassins versants de l'Urne de sa source à la mer et côtiers,"50000","3",187AC,"2","5","2","3","1"
"832",187AE,Socle du Massif dans le bassin versant du Gouët de sa source à la mer,,"2","187","2","4","2","3","4"
"833",187AE01,Socle métamorphique dans le bassin versant du Gouët de sa source à la mer,"50000","3",187AE,"2","6","2","3","1"
"834",187AG,"Socle du Massif armoricain dans les bassins versants duTrieux, le Bouillenou, le Leff de leurs sources à la mer et côtiers",,"2","187","2","4","2","3","4"
"835",187AG01,"Socle métamorphique dans les bassins versants côtiers du Gouët (non inclus) au Trieux (non inclus), île de Bréhat","50000","3",187AG,"2","6","2","3","1"
"836",187AG02,Socle métamorphique dans les bassins versants du Trieux et du Bouillenou de leurs sources à la mer,"50000","3",187AG,"2","6","2","3","1"
"837",187AG03,Socle métamorphique dans le bassin versant du Leff et ses affluents,"50000","3",187AG,"2","5","2","3","1"
"838","189",Socle du Massif armoricain dans les bassins versants côtiers du Trieux (exclus) à la Pointe de Bloscon,,"1",,"2","2","2","3","4"
"1400",231AQ,Socle cristallophyllien des Vosges moyennes,,"2","231","2","4","2","3","4"
"839",189AA,Socle du Massif armoricain dans le bassin versant du Jaudy de sa source à la mer et côtiers du Jaudy au Léguer (exclus),,"2","189","2","4","2","3","4"
"840",189AA01,Socle métamorphique dans les bassins versants du Jaudy de sa source à la mer et côtiers,"50000","3",189AA,"2","6","2","3","1"
"841",189AA02,Socle métamorphique dans les bassins versants côtiers du Jaudy (non inclus) au Léguer (non inclus),"50000","3",189AA,"2","5","2","3","1"
"842",189AC,Socle du Massif armoricain dans les bassins versants du Léguer et du Yar de leurs sources à la mer et côtiers,,"2","189","2","4","2","3","4"
"843",189AC01,Socle métamorphique dans les bassins versants du Léguer de sa source à la mer et côtiers,"50000","3",189AC,"2","6","2","3","1"
"844",189AC02,Socle métamorphique dans les bassins versants du Yar de sa source à la mer et côtiers,"50000","3",189AC,"2","5","2","3","1"
"845",189AG,Socle du Massif armoricain dans les bassins versants du Dourduff de sa source à la mer et côtiers,,"2","189","2","3","2","3","4"
"846",189AG10,Formations méta-plutoniques perméables des bassins versants du Dourduff de sa source à la mer et côtiers,"50000","3",189AG,"2","5","2","3","1"
"847",189AG11,Formations méta-sédimentaires perméables des bassins versants du Dourduff de sa source à la mer et côtiers,"50000","3",189AG,"2","5","2","3","1"
"848",189AG12,Formation méta-plutonique de nature inconnue des bassins versants du Dourduff de sa source à la mer et côtiers,"50000","3",189AG,"2","0","2","3","1"
"849",189AG13,Massifs plutoniques semi-perméables des bassins versants du Dourduff de sa source à la mer et côtiers,"50000","3",189AG,"2","6","2","3","1"
"850",189AG14,Massifs plutoniques de nature inconnue des bassins versants du Dourduff de sa source à la mer et côtiers,"50000","3",189AG,"2","0","2","3","1"
"851",189AG15,Complexes volcano-sédimentaires perméables des bassins versants du Dourduff de sa source à la mer et côtiers,"50000","3",189AG,"2","5","2","3","1"
"852",189AG16,Complexes volcano-sédimentaires semi-perméables des bassins versants du Dourduff de sa source à la mer et côtiers,"50000","3",189AG,"2","6","2","3","1"
"853",189AG17,Formations méta-sédimentaires imperméables des bassins versants du Dourduff de sa source à la mer et côtiers,"50000","3",189AG,"2","7","2","3","1"
"854",189AI,Socle du Massif armoricain dans les bassins versants de La Penzé de sa source à la mer et côtiers,,"2","189","2","3","2","3","4"
"855",189AI10,Massifs plutoniques perméables des bassins versants de la Penzé de sa source à la mer et côtiers,"50000","3",189AI,"2","5","2","3","1"
"856",189AI11,Massifs plutoniques semi-perméables des bassins versants de la Penzé de sa source à la mer et côtiers,"50000","3",189AI,"2","6","2","3","1"
"857",189AI12,Massif plutonique de nature inconnue des bassins versants de la Penzé de sa source à la mer et côtiers,"50000","3",189AI,"2","0","2","3","1"
"858",189AI13,Formation méta-plutoniques perméables des bassins versants de la Penzé de sa source à la mer et côtiers,"50000","3",189AI,"2","5","2","3","1"
"859",189AI14,Formations métamorphiques perméables des bassins versants de la Penzé de sa source à la mer et côtiers,"50000","3",189AI,"2","5","2","3","1"
"860",189AI15,Formations méta-sédimentaires perméables des bassins versants de la Penzé de sa source à la mer et côtiers,"50000","3",189AI,"2","5","2","3","1"
"861",189AI16,Formations méta-sédimentaires semi-perméables des bassins versants de la Penzé de sa source à la mer et côtiers,"50000","3",189AI,"2","6","2","3","1"
"862",189AI17,Formations méta-sédimentaires de nature inconnue des bassins versants de la Penzé de sa source à la mer et côtiers,"50000","3",189AI,"2","0","2","3","1"
"863",189AL,Socle du Massif armoricain dans le bassin versant du Douron de sa source à la mer,,"2","189","2","3","2","3","4"
"864",189AL01,Massifs plutoniques perméables du bassin versant du Douron de sa source à la mer,"50000","3",189AL,"2","5","2","3","1"
"865",189AL02,Massifs plutoniques semi-perméables du bassin versant du Douron de sa source à la mer,"50000","3",189AL,"2","6","2","3","1"
"866",189AL03,Massifs plutoniques de nature inconnue du bassin versant du Douron de sa source à la mer,"50000","3",189AL,"2","0","2","3","1"
"867",189AL04,Formations méta-plutoniques perméables du bassin versant du Douron de sa source à la mer,"50000","3",189AL,"2","5","2","3","1"
"868",189AL05,Formation méta-plutonique de nature inconnue du bassin versant du Douron de sa source à la mer,"50000","3",189AL,"2","0","2","3","1"
"869",189AL06,Formations méta-sédimentaires perméables du bassin versant du Douron de sa source à la mer,"50000","3",189AL,"2","5","2","3","1"
"870",189AL07,Formations méta-sédimentaires semi-perméables du bassin versant du Douron de sa source à la mer,"50000","3",189AL,"2","6","2","3","1"
"871",189AL08,Formations méta-sédimentaires imperméables du bassin versant du Douron de sa source à la mer,"50000","3",189AL,"2","7","2","3","1"
"872",189AL09,Complexe volcano-sédimentaire perméable du bassin versant du Douron de sa source à la mer,"50000","3",189AL,"2","5","2","3","1"
"873",189AL10,Complexe volcano-sédimentaire semi-perméable du bassin versant du Douron de sa source à la mer,"50000","3",189AL,"2","6","2","3","1"
"874",189AM,Socle du Massif armoricain dans le bassin versant du Jarlot et côtiers,,"2","189","2","3","2","3","1"
"875",189AM01,Formations méta-sédimentaires perméables des bassins versants du Jarlot de sa source à la mer et côtiers,"50000","3",189AM,"2","5","2","3","1"
"876",189AM02,Formations méta-sédimentaires semi-perméables des bassins versants du Jarlot de sa source à la mer et côtiers,"50000","3",189AM,"2","6","2","3","1"
"877",189AM03,Formations méta-sédimentaires imperméables des bassins versants du Jarlot de sa source à la mer et côtiers,"50000","3",189AM,"2","7","2","3","1"
"878",189AM04,Formations méta-sédimentaires de nature inconnue des bassins versants du Jarlot de sa source à la mer et côtiers,"50000","3",189AM,"2","0","2","3","1"
"879",189AM05,Massifs plutoniques perméables des bassins versants du Jarlot de sa source à la mer et côtiers,"50000","3",189AM,"2","5","2","3","1"
"880",189AM06,Massif plutonique semi-perméable des bassins versants du Jarlot de sa source à la mer et côtiers,"50000","3",189AM,"2","6","2","3","1"
"881",189AM07,Massifs plutoniques de nature inconnue des bassins versants du Jarlot de sa source à la mer et côtiers,"50000","3",189AM,"2","0","2","3","1"
"882",189AM08,Formations méta-plutoniques perméables des bassins versants du Jarlot de sa source à la mer et côtiers,"50000","3",189AM,"2","5","2","3","1"
"883",189AM09,Formation méta-plutonique de nature inconnue des bassins versants du Jarlot de sa source à la mer et côtiers,"50000","3",189AM,"2","0","2","3","1"
"884",189AM10,Formations métamorphiques perméables des bassins versants du Jarlot de sa source à la mer et côtiers,"50000","3",189AM,"2","5","2","3","1"
"885","191","Socle du Massif armoricain dans le bassin versant côtier de la Pointe de Bloscon à la Pointe du Raz, îles Ouessant et Batz",,"1",,"2","2","2","3","4"
"1401",231AQ01,Socle du bassin versant du Giessen en Alsace,"50000","3",231AQ,"2","7","2","3","1"
"886",191AC,"Socle du Massif armoricain dans les bassins versants de l'Aber Ildut et la Penfeld de leurs sources à la mer et côtiers, île d'Ouessant",,"2","191","2","3","2","3","4"
"887",191AC10,"Massifs plutoniques perméables des bassins versants de L'Aber Ildut et de la Penfeld de leurs sources à la mer et côtiers, îles d'Ouessant et de Molène","50000","3",191AC,"2","5","2","3","1"
"888",191AC11,"Massifs plutoniques semi-perméables des bassins versants de L'Aber Ildut et de la Penfeld de leurs sources à la mer et côtiers, îles d'Ouessant et de Molène","50000","3",191AC,"2","6","2","3","1"
"889",191AC12,"Massifs plutoniques de nature inconnue des bassins versants de L'Aber Ildut et de la Penfeld de leurs sources à la mer et côtiers, îles d'Ouessant et de Molène","50000","3",191AC,"2","0","2","3","1"
"890",191AC13,"Formations méta-plutoniques perméables des bassins versants de L'Aber Ildut et de la Penfeld de leurs sources à la mer et côtiers, îles d'Ouessant et de Molène","50000","3",191AC,"2","5","2","3","1"
"891",191AC14,"Formation méta-plutonique semi-perméable des bassins versants de L'Aber Ildut et de la Penfeld de leurs sources à la mer et côtiers, îles d'Ouessant et de Molène","50000","3",191AC,"2","6","2","3","1"
"892",191AC15,"Formations métamorphiques perméables des bassins versants de L'Aber Ildut et de la Penfeld de leurs sources à la mer et côtiers, îles d'Ouessant et de Molène","50000","3",191AC,"2","5","2","3","1"
"893",191AC16,"Formations méta-sédimentaires perméables des bassins versants de L'Aber Ildut et de la Penfeld de leurs sources à la mer et côtiers, îles d'Ouessant et de Molène","50000","3",191AC,"2","5","2","3","1"
"894",191AE,Socle du Massif armoricain dans les bassins versants de La Mignonne et l'Hôpital Camfrout de leurs sources à la mer et côtiers,,"2","191","2","4","2","3","4"
"895",191AE10,Formations méta-sédimentaires perméables des bassins versants de la Mignonne et l'Hôpital Camfrout de leurs sources à la mer et côtiers,"50000","3",191AE,"2","5","2","3","1"
"896",191AE11,Formations méta-sédimentaires semi-perméables des bassins versants de la Mignonne et l'Hôpital Camfrout de leurs sources à la mer et côtiers,"50000","3",191AE,"2","6","2","3","1"
"897",191AE12,Formations méta-sédimentaires imperméables des bassins versants de la Mignonne et l'Hôpital Camfrout de leurs sources à la mer et côtiers,"50000","3",191AE,"2","7","2","3","1"
"898",191AE13,Formation méta-sédimentaire de nature inconnue des bassins versants de la Mignonne et l'Hôpital Camfrout de leurs sources à la mer et côtiers,"50000","3",191AE,"2","0","2","3","1"
"899",191AG,Socle du Massif armoricain dans le bassin versant de l'Hyères de sa source à l'Aulne (non inclus),,"2","191","2","4","2","3","4"
"900",191AG02,Socle plutonique dans le bassin versant de l'Hyères de sa source à l'Aulne (non inclus),"50000","3",191AG,"2","6","2","3","1"
"901",191AI,Socle du Massif armoricain dans les bassins versants Côtiers de l'Aulne (exclus) à la Pointe du Raz,,"2","191","2","4","2","3","4"
"902",191AI10,"Massif plutonique perméable des bassins versants côtiers de l'Aulne (non inclus) à la Pointe du Raz, île de Sein","50000","3",191AI,"2","5","2","3","1"
"903",191AI11,"Massif plutonique semi-perméable des bassins versants côtiers de l'Aulne (non inclus) à la Pointe du Raz, île de Sein","50000","3",191AI,"2","6","2","3","1"
"904",191AI12,"Massif plutonique de nature inconnue des bassins versants côtiers de l'Aulne (non inclus) à la Pointe du Raz, île de Sein","50000","3",191AI,"2","0","2","3","1"
"905",191AI13,"Formation méta-sédimentaire perméable des bassins versants côtiers de l'Aulne (non inclus) à la Pointe du Raz, île de Sein","50000","3",191AI,"2","5","2","3","1"
"906",191AI14,"Formation méta-sédimentaire semi-perméable des bassins versants côtiers de l'Aulne (non inclus) à la Pointe du Raz, île de Sein","50000","3",191AI,"2","6","2","3","1"
"907",191AI15,"Formation méta-sédimentaire imperméable des bassins versants côtiers de l'Aulne (non inclus) à la Pointe du Raz, île de Sein","50000","3",191AI,"2","7","2","3","1"
"908",191AI16,"Formation méta-sédimentaire de nature inconnue des bassins versants côtiers de l'Aulne (non inclus) à la Pointe du Raz, île de Sein","50000","3",191AI,"2","0","2","3","1"
"909",191AI17,"Formation métamorphique semi-perméable des bassins versants côtiers de l'Aulne (non inclus) à la Pointe du Raz, île de Sein","50000","3",191AI,"2","6","2","3","1"
"910",191AI18,"Formation méta-plutonique de nature inconnue des bassins versants côtiers de l'Aulne (non inclus) à la Pointe du Raz, île de Sein","50000","3",191AI,"2","0","2","3","1"
"911",191AJ,"Socle du Massif armoricain dans les bassins versants de l'Horn et du Guillec de leurs sources à la mer, île de Batz",,"2","191","2","3","2","3","4"
"912",191AJ01,"Massif plutonique perméable des bassins versants de l'Horn et du Guillec de leurs sources à la mer, île de Batz","50000","3",191AJ,"2","5","2","3","1"
"913",191AJ02,"Massif plutonique semi-perméable des bassins versants de l'Horn et du Guillec de leurs sources à la mer, île de Batz","50000","3",191AJ,"2","6","2","3","1"
"914",191AJ03,"Massif plutonique de nature inconnue des bassins versants de l'Horn et du Guillec de leurs sources à la mer, île de Batz","50000","3",191AJ,"2","0","2","3","1"
"915",191AJ04,"Formations méta-plutoniques perméables des bassins versants de l'Horn et du Guillec de leurs sources à la mer, île de Batz","50000","3",191AJ,"2","5","2","3","1"
"916",191AJ05,"Formations métamorphiques perméables des bassins versants de l'Horn et du Guillec de leurs sources à la mer, île de Batz","50000","3",191AJ,"2","5","2","3","1"
"917",191AL,Socle du Massif armoricain dans les bassins versants côtiers de l'Aber Wrac'h (inclus) à l'Aber Benoit (inclus),,"2","191","2","3","2","3","4"
"918",191AL01,Massif plutonique perméable des bassins versants côtiers de l'Aber Wrac'h (inclus) à l'Aber Benoit (inclus),"50000","3",191AL,"2","5","2","3","1"
"919",191AL02,Massifs plutoniques semi-perméables des bassins versants côtiers de l'Aber Wrac'h (inclus) à l'Aber Benoit (inclus),"50000","3",191AL,"2","6","2","3","1"
"920",191AL03,Formations méta-plutoniques perméables des bassins versants côtiers de l'Aber Wrac'h (inclus) à l'Aber Benoit (inclus),"50000","3",191AL,"2","5","2","3","1"
"921",191AL04,Formations méta-plutoniques semi-perméables des bassins versants côtiers de l'Aber Wrac'h (inclus) à l'Aber Benoit (inclus),"50000","3",191AL,"2","6","2","3","1"
"922",191AL05,Formations métamorphiques perméables des bassins versants côtiers de l'Aber Wrac'h (inclus) à l'Aber Benoit (inclus),"50000","3",191AL,"2","5","2","3","1"
"923",191AN,Socle du Massif armoricain dans le bassin versant de l'Aulne de sa source à la mer,,"2","191","2","4","2","3","4"
"924",191AN01,Massif plutonique perméable du bassin versant de l'Aulne de sa source à la mer,"50000","3",191AN,"2","5","2","3","1"
"925",191AN02,Massifs plutoniques semi-perméables du bassin versant de l'Aulne de sa source à la mer,"50000","3",191AN,"2","6","2","3","1"
"926",191AN03,Formation méta-sédimentaire perméable du bassin versant de l'Aulne de sa source à la mer,"50000","3",191AN,"2","5","2","3","1"
"3401",718CB,Alluvions récentes du Vidourle,,"2","718","2","3","1","1","4"
"927",191AN04,Formations méta-sédimentaires semi-perméables du bassin versant de l'Aulne de sa source à la mer,"50000","3",191AN,"2","6","2","3","1"
"928",191AN05,Formations méta-sédimentaires imperméables du bassin versant de l'Aulne de sa source à la mer,"50000","3",191AN,"2","7","2","3","1"
"929",191AN06,Formation méta-sédimentaire de nature inconnue du bassin versant de l'Aulne de sa source à la mer,"50000","3",191AN,"2","0","2","3","1"
"930",191AN07,Formation méta-plutonique de nature inconnue du bassin versant de l'Aulne de sa source à la mer,"50000","3",191AN,"2","0","2","3","1"
"931",191AN08,Complexe volcano-sédimentaire perméable du bassin versant de l'Aulne de sa source à la mer,"50000","3",191AN,"2","5","2","3","1"
"932",191AN09,Complexe volcano-sédimentaire semi-perméable du bassin versant de l'Aulne de sa source à la mer,"50000","3",191AN,"2","6","2","3","1"
"933",191AO,Socle du Massif armoricain dans les bassins versants du Quillimadec et de la Flèche de leurs sources à la mer et côtiers,,"2","191","2","3","2","3","4"
"934",191AO01,Massifs plutoniques perméables des bassins versants du Quillimadec et de la Flèche de leurs sources à la mer et côtiers,"50000","3",191AO,"2","5","2","3","1"
"935",191AO02,Massifs plutoniques semi-perméables des bassins versants du Quillimadec et de la Flèche de leurs sources à la mer et côtiers,"50000","3",191AO,"2","6","2","3","1"
"936",191AO03,Massif plutonique de nature inconnue des bassins versants du Quillimadec et de la Flèche de leurs sources à la mer et côtiers,"50000","3",191AO,"2","0","2","3","1"
"937",191AO04,Formations métamorphiques perméables des bassins versants du Quillimadec et de la Flèche de leurs sources à la mer et côtiers,"50000","3",191AO,"2","5","2","3","1"
"938",191AO05,Formations méta-plutoniques perméables des bassins versants du Quillimadec et de la Flèche de leurs sources à la mer et côtiers,"50000","3",191AO,"2","5","2","3","1"
"939",191AO06,Formations méta-plutoniques semi-perméables des bassins versants du Quillimadec et de la Flèche de leurs sources à la mer et côtiers,"50000","3",191AO,"2","6","2","3","1"
"940",191AP,Socle du Massif armoricain dans le bassin versant de l'Elorn de sa source à la mer,,"2","191","2","3","2","3","4"
"941",191AP01,Massif plutonique perméable du bassin versant de l'Elorn de sa source à la mer,"50000","3",191AP,"2","5","2","3","1"
"942",191AP02,Massifs plutoniques semi-perméables du bassin versant de l'Elorn de sa source à la mer,"50000","3",191AP,"2","6","2","3","1"
"943",191AP03,Formations méta-plutoniques perméables du bassin versant de l'Elorn de sa source à la mer,"50000","3",191AP,"2","5","2","3","1"
"944",191AP04,Formations métamorphiques perméables du bassin versant de l'Elorn de sa source à la mer,"50000","3",191AP,"2","5","2","3","1"
"945",191AP05,Formations méta-sédimentaires perméables du bassin versant de l'Elorn de sa source à la mer,"50000","3",191AP,"2","5","2","3","1"
"946",191AP06,Formations méta-sédimentaires semi-perméables du bassin versant de l'Elorn de sa source à la mer,"50000","3",191AP,"2","6","2","3","1"
"947",191AP07,Formation méta-sédimentaire de nature inconnue du bassin versant de l'Elorn de sa source à la mer,"50000","3",191AP,"2","0","2","3","1"
"948","193","Socle du Massif armoricain dans le bassin versant côtier de la Pointe du Raz au Blavet (exclus), île Groix",,"1",,"2","2","2","3","4"
"949",193AC,Socle du Massif armoricain dans les bassins versants côtiers de l'Aven (inclus) à la Laïta (exclus),,"2","193","2","4","2","3","4"
"950",193AC10,Massif plutonique perméable des bassins versants côtiers de l'Aven (inclus) à la Laïta (non inclus),"50000","3",193AC,"2","5","2","3","1"
"951",193AC11,Massifs plutoniques imperméables des bassins versants côtiers de l'Aven (inclus) à la Laïta (non inclus),"50000","3",193AC,"2","7","2","3","1"
"952",193AC12,Formations méta-plutoniques semi-perméables des bassins versants côtiers de l'Aven (inclus) à la Laïta (non inclus),"50000","3",193AC,"2","6","2","3","1"
"953",193AC13,Formations métamorphiques semi-perméables des bassins versants côtiers de l'Aven (inclus) à la Laïta (non inclus),"50000","3",193AC,"2","6","2","3","1"
"954",193AC14,Formations métamorphiques imperméables des bassins versants côtiers de l'Aven (inclus) à la Laïta (non inclus),"50000","3",193AC,"2","7","2","3","1"
"955",193AF,Socle du Massif armoricain dans les bassins versants du Goyen de sa source à la mer et côtiers,,"2","193","2","3","2","3","4"
"956",193AF01,Massif plutonique perméable des bassins versants du Goyen de sa source à la mer et côtiers,"50000","3",193AF,"2","5","2","3","1"
"957",193AF02,Massif plutonique semi-perméable des bassins versants du Goyen de sa source à la mer et côtiers,"50000","3",193AF,"2","6","2","3","1"
"958",193AF03,Massifs plutoniques de nature inconnue des bassins versants du Goyen de sa source à la mer et côtiers,"50000","3",193AF,"2","0","2","3","1"
"959",193AF04,Formations méta-plutoniques semi-perméables des bassins versants du Goyen de sa source à la mer et côtiers,"50000","3",193AF,"2","6","2","3","1"
"960",193AF05,Formations méta-plutoniques de nature inconnue des bassins versants du Goyen de sa source à la mer et côtiers,"50000","3",193AF,"2","0","2","3","1"
"961",193AF06,Formations métamorphiques perméables des bassins versants du Goyen de sa source à la mer et côtiers,"50000","3",193AF,"2","5","2","3","1"
"962",193AF07,Formations métamorphiques semi-perméables des bassins versants du Goyen de sa source à la mer et côtiers,"50000","3",193AF,"2","6","2","3","1"
"963",193AF08,Formation méta-sédimentaire de nature inconnue des bassins versants du Goyen de sa source à la mer et côtiers,"50000","3",193AF,"2","0","2","3","1"
"964",193AH,Socle du Massif armoricain dans le bassin versant de l'Odet de sa source à la mer,,"2","193","2","4","2","3","4"
"965",193AH01,Massifs plutoniques perméables du bassin versant de l'Odet de sa source à la mer,"50000","3",193AH,"2","5","2","3","1"
"966",193AH02,Massifs plutoniques semi-perméables du bassin versant de l'Odet de sa source à la mer,"50000","3",193AH,"2","6","2","3","1"
"967",193AH03,Massifs plutoniques de nature inconnue du bassin versant de l'Odet de sa source à la mer,"50000","3",193AH,"2","0","2","3","1"
"968",193AH04,Formations méta-plutoniques perméables du bassin versant de l'Odet de sa source à la mer,"50000","3",193AH,"2","5","2","3","1"
"969",193AH05,Formations méta-plutoniques semi-perméables du bassin versant de l'Odet de sa source à la mer,"50000","3",193AH,"2","6","2","3","1"
"970",193AH06,Formation méta-plutonique imperméable du bassin versant de l'Odet de sa source à la mer,"50000","3",193AH,"2","7","2","3","1"
"971",193AH07,Formations méta-plutoniques de nature inconnue du bassin versant de l'Odet de sa source à la mer,"50000","3",193AH,"2","0","2","3","1"
"972",193AH08,Formation méta-sédimentaire perméable du bassin versant de l'Odet de sa source à la mer,"50000","3",193AH,"2","5","2","3","1"
"973",193AH09,Formations méta-sédimentaires semi-perméables du bassin versant de l'Odet de sa source à la mer,"50000","3",193AH,"2","6","2","3","1"
"3402",718CB01,Alluvions récentes du Vidourle,"2","3",718CB,"2","5","1","1","1"
"974",193AH10,Formation méta-sédimentaire de nature inconnue du bassin versant de l'Odet de sa source à la mer,"50000","3",193AH,"2","0","2","3","1"
"975",193AH11,Formations métamorphiques semi-perméables du bassin versant de l'Odet de sa source à la mer,"50000","3",193AH,"2","6","2","3","1"
"976",193AH12,Formation métamorphique imperméable du bassin versant de l'Odet de sa source à la mer,"50000","3",193AH,"2","7","2","3","1"
"977",193AH13,Complexe volcano-sédimentaire de nature inconnue du bassin versant de l'Odet de sa source à la mer,"50000","3",193AH,"2","0","2","3","1"
"978",193AI,Socle du Massif armoricain dans le bassin versant du Steir et ses affluents,,"2","193","2","4","2","3","4"
"979",193AI01,Massif plutonique perméable du bassin versant du Steir et ses affluents,"50000","3",193AI,"2","5","2","3","1"
"980",193AI02,Massifs plutoniques semi-perméables du bassin versant du Steir et ses affluents,"50000","3",193AI,"2","6","2","3","1"
"981",193AI03,Massifs plutoniques de nature inconnue du bassin versant du Steir et ses affluents,"50000","3",193AI,"2","0","2","3","1"
"982",193AI04,Formations méta-plutoniques perméables du bassin versant du Steir et ses affluents,"50000","3",193AI,"2","5","2","3","1"
"983",193AI05,Formations méta-plutoniques de nature inconnue du bassin versant du Steir et ses affluents,"50000","3",193AI,"2","0","2","3","1"
"984",193AI06,Formation méta-sédimentaire perméable du bassin versant du Steir et ses affluents,"50000","3",193AI,"2","5","2","3","1"
"985",193AI07,Formations méta-sédimentaires semi-perméables du bassin versant du Steir et ses affluents,"50000","3",193AI,"2","6","2","3","1"
"986",193AI08,Formations méta-sédimentaires de nature inconnue du bassin versant du Steir et ses affluents,"50000","3",193AI,"2","0","2","3","1"
"987",193AI09,Formations métamorphiques semi-perméables du bassin versant du Steir et ses affluents,"50000","3",193AI,"2","6","2","3","1"
"988",193AJ,Socle du Massif armoricain dans les bassins versants côtiers de l'Odet (non inclus) à l'Aven (non inclus),,"2","193","2","4","2","3","4"
"989",193AJ01,Massif plutonique perméable des bassins versants côtiers de l'Odet (non inclus) à l'Aven (non inclus),"50000","3",193AJ,"2","5","2","3","1"
"990",193AJ02,Massif plutonique semi-perméable des bassins versants côtiers de l'Odet (non inclus) à l'Aven (non inclus),"50000","3",193AJ,"2","6","2","3","1"
"991",193AJ03,Massif plutonique imperméable des bassins versants côtiers de l'Odet (non inclus) à l'Aven (non inclus),"50000","3",193AJ,"2","7","2","3","1"
"992",193AJ04,Formations méta-plutoniques semi-perméables des bassins versants côtiers de l'Odet (non inclus) à l'Aven (non inclus),"50000","3",193AJ,"2","6","2","3","1"
"993",193AJ05,Formation métamorphique semi-perméable des bassins versants côtiers de l'Odet (non inclus) à l'Aven (non inclus),"50000","3",193AJ,"2","6","2","3","1"
"994",193AJ06,Formation métamorphique imperméable des bassins versants côtiers de l'Odet (non inclus) à l'Aven (non inclus),"50000","3",193AJ,"2","7","2","3","1"
"995",193AJ07,Massif plutonique de nature inconnue des îles de Glénan,"50000","3",193AJ,"2","0","2","3","1"
"996",193AK,"Socle du Massif armoricain dans les bassins versants de l'Ellé et côtiers, de l'Inam, de l'île de Groix",,"2","193","2","4","2","3","4"
"997",193AK01,"Massif plutonique perméable des bassins versants de l'Ellé et côtiers, de l'Inam, de l'île de Groix","50000","3",193AK,"2","5","2","3","1"
"998",193AK02,"Massif plutonique semi-perméable des bassins versants de l'Ellé et côtiers, de l'Inam, de l'île de Groix","50000","3",193AK,"2","6","2","3","1"
"999",193AK03,"Massif plutonique imperméable des bassins versants de l'Ellé et côtiers, de l'Inam, de l'île de Groix","50000","3",193AK,"2","7","2","3","1"
"1000",193AK04,"Massif plutonique de nature inconnue des bassins versants de l'Ellé et côtiers, de l'Inam, de l'île de Groix","50000","3",193AK,"2","0","2","3","1"
"1001",193AK05,"Formations méta-plutoniques semi-perméables des bassins versants de l'Ellé et côtiers, de l'Inam, de l'île de Groix","50000","3",193AK,"2","6","2","3","1"
"1002",193AK06,"Formation méta-sédimentaire perméable des bassins versants de l'Ellé et côtiers, de l'Inam, de l'île de Groix","50000","3",193AK,"2","5","2","3","1"
"1003",193AK07,"Formations méta-sédimentaires semi-perméables des bassins versants de l'Ellé et côtiers, de l'Inam, de l'île de Groix","50000","3",193AK,"2","6","2","3","1"
"1004",193AK08,"Formations méta-sédimentaires de nature inconnue des bassins versants de l'Ellé et côtiers, de l'Inam, de l'île de Groix","50000","3",193AK,"2","0","2","3","1"
"1005",193AK09,"Formations métamorphiques semi-perméables des bassins versants de l'Ellé et côtiers, de l'Inam, de l'île de Groix","50000","3",193AK,"2","6","2","3","1"
"1006",193AK10,"Formations métamorphiques imperméables des bassins versants de l'Ellé et côtiers, de l'Inam, de l'île de Groix","50000","3",193AK,"2","7","2","3","1"
"1007",193AK11,"Formation métamorphique de nature inconnue des bassins versants de l'Ellé et côtiers, de l'Inam, de l'île de Groix","50000","3",193AK,"2","0","2","3","1"
"1008",193AK12,Formation métamorphique semi-perméable de l'île de Groix,"50000","3",193AK,"2","6","2","3","1"
"1009",193AL,Socle du Massif armoricain dans le bassin versant de l'Isole et ses affluents,,"2","193","2","4","2","3","4"
"1010",193AL01,Massif plutonique perméable du bassin versant de l'Isole et ses affluents,"50000","3",193AL,"2","5","2","3","1"
"1011",193AL02,Massif plutonique semi-perméable du bassin versant de l'Isole et ses affluents,"50000","3",193AL,"2","6","2","3","1"
"1012",193AL03,Massif plutonique imperméable du bassin versant de l'Isole et ses affluents,"50000","3",193AL,"2","7","2","3","1"
"1013",193AL04,Massif plutonique de nature inconnue du bassin versant de l'Isole et ses affluents,"50000","3",193AL,"2","0","2","3","1"
"1014",193AL05,Formations méta-plutoniques semi-perméables du bassin versant de l'Isole et ses affluents,"50000","3",193AL,"2","6","2","3","1"
"1015",193AL06,Formation métamorphique imperméable du bassin versant de l'Isole et ses affluents,"50000","3",193AL,"2","7","2","3","1"
"1016",193AL07,Formation méta-sédimentaire perméable du bassin versant de l'Isole et ses affluents,"50000","3",193AL,"2","5","2","3","1"
"1017",193AL08,Formation méta-sédimentaire semi-perméable du bassin versant de l'Isole et ses affluents,"50000","3",193AL,"2","6","2","3","1"
"1018",193AM,Socle du Massif armoricain dans les bassins versants de la rivière de Pont-l'Abbé et côtiers,,"2","193","2","4","2","3","4"
"1019",193AM01,Massif plutonique perméable des bassins versants de la rivière de Pont-l'Abbé et côtiers,"50000","3",193AM,"2","5","2","3","1"
"1020",193AM02,Massif plutonique semi-perméable des bassins versants de la rivière de Pont-l'Abbé et côtiers,"50000","3",193AM,"2","6","2","3","1"
"1021",193AM03,Formation métamorphique perméable des bassins versants de la rivière de Pont-l'Abbé et côtiers,"50000","3",193AM,"2","5","2","3","1"
"1022",193AM04,Formations métamorphiques semi-perméables des bassins versants de la rivière de Pont-l'Abbé et côtiers,"50000","3",193AM,"2","6","2","3","1"
"1402",231AQ03,Socle du bassin versant de la Liepvrette en Alsace,"50000","3",231AQ,"2","7","2","3","1"
"1023",193AM05,Formations métamorphiques de nature inconnue des bassins versants de la rivière de Pont-l'Abbé et côtiers,"50000","3",193AM,"2","0","2","3","1"
"1024",193AM06,Formations méta-plutoniques semi-perméables des bassins versants de la rivière de Pont-l'Abbé et côtiers,"50000","3",193AM,"2","6","2","3","1"
"1025","195",Socle du Massif armoricain dans le bassin versant du Blavet de sa source à la mer,,"1",,"2","2","2","3","4"
"1026",195AA,"Socle du Massif armoricain dans les bassins versants du Blavet de sa source à la mer, du Canal de Nantes à Brest jusqu'au Blavet",,"2","195","2","4","2","3","4"
"1027",195AA02,Socle métamorphique dans le bassin versant du Blavet de sa source à la mer,"50000","3",195AA,"2","6","2","3","1"
"1028",195AA03,Socle plutonique dans le bassin versant du Canal de Nantes à Brest jusqu'au Blavet (non inclus),"50000","3",195AA,"2","6","2","3","1"
"1029",195AC,Socle du Massif armoricain dans le bassin versant de L'Evel de sa source au Blavet (exclus),,"2","195","2","4","2","3","4"
"1030",195AC10,Massif plutonique perméable du bassin versant de l'Evel de sa source au Blavet (non inclus),"50000","3",195AC,"2","5","2","3","1"
"1031",195AC11,Massifs plutoniques semi-perméables du bassin versant de l'Evel de sa source au Blavet (non inclus),"50000","3",195AC,"2","6","2","3","1"
"1032",195AC12,Massif plutonique imperméable du bassin versant de l'Evel de sa source au Blavet (non inclus),"50000","3",195AC,"2","7","2","3","1"
"1033",195AC13,Formation méta-sédimentaire perméable du bassin versant de l'Evel de sa source au Blavet (non inclus),"50000","3",195AC,"2","5","2","3","1"
"1034",195AC14,Formation méta-sédimentaire semi-perméable du bassin versant de l'Evel de sa source au Blavet (non inclus),"50000","3",195AC,"2","6","2","3","1"
"1035",195AC15,Formation métamorphique semi-perméable du bassin versant de l'Evel de sa source au Blavet (non inclus),"50000","3",195AC,"2","6","2","3","1"
"1036",195AC16,Formation métamorphique imperméable du bassin versant de l'Evel de sa source au Blavet (non inclus),"50000","3",195AC,"2","7","2","3","1"
"1037",195AC17,Formation méta-plutonique de nature inconnue du bassin versant de l'Evel de sa source au Blavet (non inclus),"50000","3",195AC,"2","0","2","3","1"
"1038",195AD,Socle du Massif armoricain dans le bassin versant du Scorff de sa source à la mer,,"2","195","2","4","2","3","4"
"1039",195AD01,Massif plutonique perméable du bassin versant du Scorff de sa source à la mer,"50000","3",195AD,"2","5","2","3","1"
"1040",195AD02,Massifs plutoniques semi-perméables du bassin versant du Scorff de sa source à la mer,"50000","3",195AD,"2","6","2","3","1"
"1041",195AD03,Massif plutonique imperméable du bassin versant du Scorff de sa source à la mer,"50000","3",195AD,"2","7","2","3","1"
"1042",195AD04,Massif plutonique de nature inconnue du bassin versant du Scorff de sa source à la mer,"50000","3",195AD,"2","0","2","3","1"
"1043",195AD05,Formations méta-plutoniques semi-perméables du bassin versant du Scorff de sa source à la mer,"50000","3",195AD,"2","6","2","3","1"
"1044",195AD06,Formations métamorphiques semi-perméables du bassin versant du Scorff de sa source à la mer,"50000","3",195AD,"2","6","2","3","1"
"1045",195AD07,Formations métamorphiques imperméables du bassin versant du Scorff de sa source à la mer,"50000","3",195AD,"2","7","2","3","1"
"1046",195AD08,Formation métamorphique de nature inconnue du bassin versant du Scorff de sa source à la mer,"50000","3",195AD,"2","0","2","3","1"
"1047","197","Socle du Massif armoricain dans le bassin versant côtier du Blavet (exclus) à la Vilaine (exclus), Belle-Ile",,"1",,"2","2","2","3","4"
"1048",197AC,Socle du Massif armoricain dans le bassin versant de L'Etier de Billiers de sa source à la mer et côtiers,,"2","197","2","4","2","3","4"
"1049",197AC10,Massif plutonique perméable des bassins versants de l'Etier de Billiers de sa source à la mer et côtiers,"50000","3",197AC,"2","5","2","3","1"
"1050",197AC11,Massif plutonique semi-perméable des bassins versants de l'Etier de Billiers de sa source à la mer et côtiers,"50000","3",197AC,"2","6","2","3","1"
"1051",197AC12,Massif plutonique imperméable des bassins versants de l'Etier de Billiers de sa source à la mer et côtiers,"50000","3",197AC,"2","7","2","3","1"
"1052",197AC13,Formation métamorphique perméable des bassins versants de l'Etier de Billiers de sa source à la mer et côtiers,"50000","3",197AC,"2","5","2","3","1"
"1053",197AC14,Formation métamorphique semi-perméable des bassins versants de l'Etier de Billiers de sa source à la mer et côtiers,"50000","3",197AC,"2","6","2","3","1"
"1054",197AC15,Formation méta-plutonique semi-perméable des bassins versants de l'Etier de Billiers de sa source à la mer et côtiers,"50000","3",197AC,"2","6","2","3","1"
"1055",197AC16,Formation méta-plutonique de nature inconnue des bassins versants de l'Etier de Billiers de sa source à la mer et côtiers,"50000","3",197AC,"2","0","2","3","1"
"1056",197AC17,Formation méta-sédimentaire semi-perméable des bassins versants de l'Etier de Billiers de sa source à la mer et côtiers,"50000","3",197AC,"2","6","2","3","1"
"1057",197AC18,Complexe volcano-sédimentaire imperméable des bassins versants de l'Etier de Billiers de sa source à la mer et côtiers,"50000","3",197AC,"2","7","2","3","1"
"1058",197AD,Socle du Massif armoricain dans les bassins versants de la Ria d'Etel de sa source à la mer et côtiers,,"2","197","2","4","2","3","4"
"1059",197AD01,Massif plutonique perméable des bassins versants de la Ria d'Etel de sa source à la mer et côtiers,"50000","3",197AD,"2","5","2","3","1"
"1060",197AD02,Massif plutonique semi-perméable des bassins versants de la Ria d'Etel de sa source à la mer et côtiers,"50000","3",197AD,"2","6","2","3","1"
"1061",197AD03,Massif plutonique imperméable des bassins versants de la Ria d'Etel de sa source à la mer et côtiers,"50000","3",197AD,"2","7","2","3","1"
"1062",197AD04,Formation méta-sédimentaire perméable des bassins versants de la Ria d'Etel de sa source à la mer et côtiers,"50000","3",197AD,"2","5","2","3","1"
"1063",197AD05,Formation métamorphique semi-perméable des bassins versants de la Ria d'Etel de sa source à la mer et côtiers,"50000","3",197AD,"2","6","2","3","1"
"1064",197AD06,Formation méta-plutonique semi-perméable des bassins versants de la Ria d'Etel de sa source à la mer et côtiers,"50000","3",197AD,"2","6","2","3","1"
"1065",197AD07,Formation méta-plutonique de nature inconnue des bassins versants de la Ria d'Etel de sa source à la mer et côtiers,"50000","3",197AD,"2","0","2","3","1"
"1066",197AF,Socle du Massif armoricain dans le bassin versant du Loc'h de sa source à la mer et côtiers,,"2","197","2","4","2","3","4"
"1067",197AF01,Massif plutonique perméable du bassin versant du Loc'h de sa source à la mer et côtiers,"50000","3",197AF,"2","5","2","3","1"
"1068",197AF02,Massif plutonique semi-perméable du bassin versant du Loc'h de sa source à la mer et côtiers,"50000","3",197AF,"2","6","2","3","1"
"1069",197AF03,Massifs plutoniques imperméables du bassin versant du Loc'h de sa source à la mer et côtiers,"50000","3",197AF,"2","7","2","3","1"
"1403",231AQ05,Socle du bassin versant du Strengbach en Alsace,"50000","3",231AQ,"2","7","2","3","1"
"1070",197AF04,Formation méta-sédimentaire perméable du bassin versant du Loc'h de sa source à la mer et côtiers,"50000","3",197AF,"2","5","2","3","1"
"1071",197AF05,Formation méta-plutonique semi-perméable du bassin versant du Loc'h de sa source à la mer et côtiers,"50000","3",197AF,"2","6","2","3","1"
"1072",197AF06,Formation méta-plutonique de nature inconnue du bassin versant du Loc'h de sa source à la mer et côtiers,"50000","3",197AF,"2","0","2","3","1"
"1073",197AF07,Formation métamorphique imperméable du bassin versant du Loc'h de sa source à la mer et côtiers,"50000","3",197AF,"2","7","2","3","1"
"1074",197AG,"Socle du Massif armoricain dans les bassins versants du Vincin, de la Marle et du Liziec de leurs sources à la mer, côtiers et îles du Golfe du Morbihan",,"2","197","2","4","2","3","4"
"1075",197AG01,"Massif plutonique perméable des bassins versants du Vincin, de la Marle et du Liziec de leurs sources à la mer, côtiers et îles du Golfe du Morbihan","50000","3",197AG,"2","5","2","3","1"
"1076",197AG02,"Massif plutonique semi-perméable des bassins versants du Vincin, de la Marle et du Liziec de leurs sources à la mer, côtiers et îles du Golfe du Morbihan","50000","3",197AG,"2","6","2","3","1"
"1077",197AG03,"Massif plutonique imperméable des bassins versants du Vincin, de la Marle et du Liziec de leurs sources à la mer, côtiers et îles du Golfe du Morbihan","50000","3",197AG,"2","7","2","3","1"
"1078",197AG04,"Formation métamorphique perméable des bassins versants du Vincin, de la Marle et du Liziec de leurs sources à la mer, côtiers et îles du Golfe du Morbihan","50000","3",197AG,"2","5","2","3","1"
"1079",197AG05,"Formation métamorphique semi-perméable des bassins versants du Vincin, de la Marle et du Liziec de leurs sources à la mer, côtiers et îles du Golfe du Morbihan","50000","3",197AG,"2","6","2","3","1"
"1080",197AG06,"Formation métamorphique imperméable des bassins versants du Vincin, de la Marle et du Liziec de leurs sources à la mer, côtiers et îles du Golfe du Morbihan","50000","3",197AG,"2","7","2","3","1"
"1081",197AG07,"Formation méta-plutonique semi-perméable des bassins versants du Vincin, de la Marle et du Liziec de leurs sources à la mer, côtiers et îles du Golfe du Morbihan","50000","3",197AG,"2","6","2","3","1"
"1082",197AG08,"Formation méta-plutonique de nature inconnue des bassins versants du Vincin, de la Marle et du Liziec de leurs sources à la mer, côtiers et îles du Golfe du Morbihan","50000","3",197AG,"2","0","2","3","1"
"1083",197AH,"Socle du Massif armoricain dans le bassin versant de la Rivière de Crac'h de sa source à la mer, Belle-Ile, Houat et Hoëdic",,"2","197","2","4","2","3","4"
"1084",197AH01,"Massif plutonique semi-perméable du bassin versant de la Rivière de Crac'h de sa source à la mer, Belle-Ile, Houat et Hoëdic","50000","3",197AH,"2","6","2","3","1"
"1085",197AH02,"Massif plutonique imperméable du bassin versant de la Rivière de Crac'h de sa source à la mer, Belle-Ile, Houat et Hoëdic","50000","3",197AH,"2","7","2","3","1"
"1086",197AH03,"Formation méta-plutonique semi-perméable du bassin versant de la Rivière de Crac'h de sa source à la mer, Belle-Ile, Houat et Hoëdic","50000","3",197AH,"2","6","2","3","1"
"1087",197AH04,"Complexe volcano-sédimentaire semi-perméable du bassin versant de la Rivière de Crac'h de sa source à la mer, Belle-Ile, Houat et Hoëdic","50000","3",197AH,"2","6","2","3","1"
"1088",197AH05,"Complexe volcano-sédimentaire imperméable du bassin versant de la Rivière de Crac'h de sa source à la mer, Belle-Ile, Houat et Hoëdic","50000","3",197AH,"2","7","2","3","1"
"1089",197AH06,"Formation métamorphique imperméable du bassin versant de la Rivière de Crac'h de sa source à la mer, Belle-Ile, Houat et Hoëdic","50000","3",197AH,"2","7","2","3","1"
"1090","199",Socle du Massif armoricain dans le bassin versant de l'Oust et ses affluents,,"1",,"2","2","2","3","4"
"1091",199AA,"Socle du Massif armoricain dans les bassins versants de L'Oust, le Ninian, l'Yvel de leurs sources à la Vilaine (exclus)",,"2","199","2","4","2","3","4"
"1092",199AA01,Socle métamorphique dans le bassin versant de l'Oust de sa source à la Vilaine (non inclus),"50000","3",199AA,"2","6","2","3","1"
"1093",199AA02,Socle métamorphique dans les bassins versants du Ninian et l'Yvel de leurs sources à l'Oust (non inclus),"50000","3",199AA,"2","6","2","3","1"
"1094",199AC,Socle du Massif armoricain dans le bassin versant de Le Lié et ses affluents,,"2","199","2","4","2","3","4"
"1095",199AC01,Socle métamorphique dans le bassin versant du Lié et ses affluents,"50000","3",199AC,"2","6","2","3","1"
"1096",199AF,Socle du Massif armoricain dans le bassin versant de l'Aff de sa source à l'Oust (non inclus),,"2","199","2","4","2","3","4"
"1097",199AF01,Formations méta-sédimentaires perméables dans le bassin versant de l'Aff de sa source à l'Oust (non inclus),"50000","3",199AF,"2","5","2","3","1"
"1098",199AF02,Formations méta-sédimentaires semi-perméables dans le bassin versant de l'Aff de sa source à l'Oust (non inclus),"50000","3",199AF,"2","6","2","3","1"
"1099",199AF03,Formation métamorphique semi-perméable dans le bassin versant de l'Aff de sa source à l'Oust (non inclus),"50000","3",199AF,"2","6","2","3","1"
"1100",199AF04,Complexe volcano-sédimentaire semi-perméable dans le bassin versant de l'Aff de sa source à l'Oust (non inclus),"50000","3",199AF,"2","6","2","3","1"
"1101",199AF05,Formation méta-plutonique imperméable dans le bassin versant de l'Aff de sa source à l'Oust (non inclus),"50000","3",199AF,"2","7","2","3","1"
"1102",199AG,Socle du Massif armoricain dans le bassin versant de la Claie de sa source à l'Oust (non inclus),,"2","199","2","4","2","3","4"
"1103",199AG01,Massif plutonique semi-perméable du bassin versant de la Claie de sa source à l'Oust (non inclus),"50000","3",199AG,"2","6","2","3","1"
"1104",199AG02,Massif plutonique imperméable du bassin versant de la Claie de sa source à l'Oust (non inclus),"50000","3",199AG,"2","7","2","3","1"
"1105",199AG03,Formation méta-sédimentaire perméable du bassin versant de la Claie de sa source à l'Oust (non inclus),"50000","3",199AG,"2","5","2","3","1"
"1106",199AG04,Formation métamorphique semi-perméable du bassin versant de la Claie de sa source à l'Oust (non inclus),"50000","3",199AG,"2","6","2","3","1"
"1107",199AG05,Formation méta-plutonique de nature inconnue du bassin versant de la Claie de sa source à l'Oust (non inclus),"50000","3",199AG,"2","0","2","3","1"
"1108",199AH,Socle du Massif armoricain dans le bassin versant de l'Arz de sa source à l'Oust (non inclus),,"2","199","2","4","2","3","4"
"1109",199AH01,Massif plutonique semi-perméable du bassin versant de l'Arz de sa source à l'Oust (non inclus),"50000","3",199AH,"2","6","2","3","1"
"1110",199AH02,Massif plutonique imperméable du bassin versant de l'Arz de sa source à l'Oust (non inclus),"50000","3",199AH,"2","7","2","3","1"
"1111",199AH03,Formation méta-sédimentaire perméable du bassin versant de l'Arz de sa source à l'Oust (non inclus),"50000","3",199AH,"2","5","2","3","1"
"1112",199AH04,Formation méta-sédimentaire semi-perméable du bassin versant de l'Arz de sa source à l'Oust (non inclus),"50000","3",199AH,"2","6","2","3","1"
"1660",366AA01,Grès et dolomies du Permo-Trias,"31010100","3",366AA,"3","6","8","2","1"
"1113",199AH05,Formation méta-plutonique semi-perméable du bassin versant de l'Arz de sa source à l'Oust (non inclus),"50000","3",199AH,"2","6","2","3","1"
"1114","201",Socle du Massif central dans le bassin versant de la Loire de la Vienne (inclus) à la Maine (exclus),,"1",,"2","2","2","3","4"
"1115",201AA,Socle du Massif central dans le bassin versant de La Vienne de la Goire (exclus) au Clain (exclus),,"2","201","2","4","2","3","4"
"1116",201AA01,Socle métamorphique dans les bassins versants de la Vienne et de la Goire et ses affluents à l'Issoire au Crochet à la Blourde (non inclus),"50000","3",201AA,"2","6","2","3","1"
"1117",201AA03,Socle métamorphique dans le bassin versant de l'Issoire de sa source à la fin du socle du Massif central (unités métamorphiques du Limousin),"50000","3",201AA,"2","6","2","3","1"
"1118",201AA05,Socle métamorphique dans le bassin versant de la Bourde de sa source à la Vienne,"50000","3",201AA,"2","6","2","3","1"
"1119",201AA07,Socle métamorphique dans les bassin versantsde la Petite Blourde et ses affluents de sa source à la fin du socle du Massif central (unités métamorphiques du Limousin),"50000","3",201AA,"2","6","2","3","1"
"1120",201AC,"Horsts de Ligugé, Champagné St-Hilaire",,"2","201","2","4","2","3","4"
"1121",201AC01,Socle plutonique des Horsts de Ligugé et à Champagné-St-Hilaire,"50000","3",201AC,"2","6","2","3","1"
"1122",201AE,Socle du Massif central dans le bassin versant de La Gartempe et ses affluents,,"2","201","2","4","2","3","4"
"1123",201AE01,Socle plutonique dans le bassin versant de la Gartempe de sa source au confluent de l'Ardour (Unités magmatiques du Massif de Guéret),"50000","3",201AE,"2","5","2","3","1"
"1124",201AE02,Socle métamorphique dans le bassin versant de la Gartempe du confluent de la Brame à la fin du socle du Massif central,"50000","3",201AE,"2","6","2","3","1"
"1125",201AE03,Socle métamorphique dans le bassin versant de l'Ardour et ses affluents de sa source au confluent de la Gartempe,"50000","3",201AE,"2","6","2","3","1"
"1126",201AE04,Socle plutonique dans le bassin versant de la Gartempe du confluent de l'Ardour au confluent de la Couze (Leucogranites du massif du Brame-Saint Sylvestre),"50000","3",201AE,"2","5","2","3","1"
"1127",201AE05,Socle plutonique dans le bassin versant de la Couze et ses affluents de sa source au confluent de la Gartempe (leucogranites du Massif de Guéret),"50000","3",201AE,"2","5","2","3","1"
"1128",201AE06,Socle métamorphique dans le bassin versant de la Semme et ses affluents de sa source au confluent de la Gartempe,"50000","3",201AE,"2","5","2","3","1"
"1129",201AE07,Socle métamorphique dans le bassin versant de la Gartempe du confluent de l'Ardour au confluent du Vincou (unités métamorphiques du Limousin),"50000","3",201AE,"2","5","2","3","1"
"1130",201AE08,Socle plutonique dans le bassin versant du Vincou et ses affluents de sa source au confluent de la Glayeulle (Unités granitiques du Massif du Brame-Saint Sylvestre),"50000","3",201AE,"2","5","2","3","1"
"1131",201AE09,Socle métamorphique dans le bassin versant du Vincou du confluent de la Glayeulle à la Gartempe (unités métamorphiques du Limousin),"50000","3",201AE,"2","5","2","3","1"
"1132",201AE10,"Socle métamorphique dans le bassin versant de la Gartempe du confluent du Vincou au confluent de la Brame (unités métamorphiques du Limousin, unité de la Gartempe)","50000","3",201AE,"2","6","2","3","1"
"1133",201AE11,Socle métamorphique dans le bassin versant de la Brame de sa source à la Gartempe,"50000","3",201AE,"2","5","2","3","1"
"1134",201AE12,Socle plutonique dans les bassins versants de la Benaize et du Glevert de la source au confluent (granites du Barme-Saint Sylvestre),"50000","3",201AE,"2","5","2","3","1"
"1135",201AE13,Socle métamorphique dans le bassin versant de la Benaize du confluent du Glevert à la fin du socle du Massif central,"50000","3",201AE,"2","5","2","3","1"
"1136",201AE14,Socle plutonique dans le bassin versant de l'Asse de la source à la fin du socle du Massif central (Granites du Massif du Brame-Saint Sylvestre),"50000","3",201AE,"2","5","2","3","1"
"1137",201AE15,Socle plutonique dans le bassin versant du Narablon de la source à la fin du socle du Massif central (Leucogranites du Massif du Brame-Saint Sylvestre),"50000","3",201AE,"2","5","2","3","1"
"1138",201AE16,Socle plutonique dans le bassin versant du Salleron de sa source à la fin du socle du Massif central (leucogranites du Massif de Brame-Saint Sylvestre),"50000","3",201AE,"2","5","2","3","1"
"1139",201AE17,Socle métamorphique dans le bassin versant l'Anglin et ses affluents de leurs sources à la fin du socle du Massif central (Unités métamorphiques du Plateau d'Aigurande),"50000","3",201AE,"2","6","2","3","1"
"1140",201AE18,Socle métamorphique dans le bassin versant de l'Abloux de sa source à la fin du socle du Massif central (Unités métamorphiques du Plateau D'Aigurande),"50000","3",201AE,"2","6","2","3","1"
"1141",201AE19,Socle métamorphique dans le bassin versant de l'Almette et ses affluents de sa source à la fin du socle du Massif central (Unités métamorphiques du Plateau d'Aigurande),"50000","3",201AE,"2","6","2","3","1"
"1142",201AG,Socle du Massif central dans le bassin versant de La Creuse de sa source à la Gartempe,,"2","201","2","4","2","3","4"
"1143",201AG01,Socle métamorphique dans le bassin versant de la Creuse de sa source à la Gionne (Unités métamorphiques du Plateau de Millevaches),"50000","3",201AG,"2","5","2","3","1"
"1144",201AG02,Socle métamorphique et plutonique dans le bassin versant de la Creuse de la Gionne à la Rozeille (Unités anatectiques de Millevaches),"50000","3",201AG,"2","5","2","3","1"
"1145",201AG03,Socle plutonique dans le bassin versant de la Rozeille de sa source à la Creuse (Granites calco-alcalin du Plateau de Millevaches),"50000","3",201AG,"2","5","2","3","1"
"1146",201AG04,Socle plutonique dans le bassin versant de la Creuse du Chantadoux au confluent de la Sedelle (Unités magmatiques du massif de Guéret),"50000","3",201AG,"2","5","2","3","1"
"1147",201AG05,Socle métamorphique dans le bassin versant de la Petite Creuse de sa source au Verraux,"50000","3",201AG,"2","5","2","3","1"
"1148",201AG06,Socle métamorphique dans le bassin versant de la Petite Creuse du Verraux à la Creuse (Unités métamorphiques du Plateau d'Aigurande),"50000","3",201AG,"2","6","2","3","1"
"1149",201AG07,Socle métamorphique et plutonique dans le bassin versant de la Creuse de la Rozeille au Rau de Tranloup (Unités anatectiques du Plateau du Millevache),"50000","3",201AG,"2","5","2","3","1"
"1150",201AG08,Socle plutonique et sédimentaire dans le bassin versant de la Creuse du Rau du Tranloup au Rau de la Naute (Granites calco-alcalins de Millevaches et bassin sédimentaire tertiaire),"50000","3",201AG,"2","5","2","3","1"
"1151",201AG09,Socle plutonique dans le bassin versant de la Creuse du Rau des Mesaux au Rau du Pont de Chatre (Unités magmatiques du plateau de Millevaches),"50000","3",201AG,"2","5","2","3","1"
"1152",201AG10,Socle métamorphique dans le bassin versant de la Creuse du Chantadoux au confluent de la Sedelle (Unités métamorphiques du Plateau d'Aigurande),"50000","3",201AG,"2","6","2","3","1"
"1153",201AG11,Socle métamorphique dans le bassin versant de la Sedelle de sa source à la Creuse,"50000","3",201AG,"2","5","2","3","1"
"1154",201AG12,Socle métamorphique dans le bassin versant de la Creuse de la Sedelle à la fin du socle du Massif central,"50000","3",201AG,"2","6","2","3","1"
"1155",201AG13,Socle métamorphique dans le bassin versant de la Bouzaine de sa source à la fin du socle du Massif central (Unités métamorphiques du Plateau d'Aigurande),"50000","3",201AG,"2","6","2","3","1"
"1156",201AG14,Socle métamorphique dans le bassin versant de l'Auzon de sa source à la fin du socle du Massif central (Unités métamorphiques du Plateau d'Aigurande),"50000","3",201AG,"2","6","2","3","1"
"1157",201AG15,Socle métamorphique dans le bassin versant du Gourdon de sa source à la fin du socle du Massif central (Unités métamorphiques du Plateau d'Aigurande),"50000","3",201AG,"2","6","2","3","1"
"1158",201AI,Socle du Massif central dans le bassin versant de La Vienne de sa source à la Goire,,"2","201","2","4","2","3","4"
"1159",201AI01,Socle plutonique dans le bassin versant de la Vienne de sa source à la Maulde (Unités Magmatiques du Plateau de Millevaches),"50000","3",201AI,"2","5","2","3","1"
"1160",201AI02,Socle métamorphique dans le bassin versant de la Combade de sa source à la Vienne,"50000","3",201AI,"2","6","2","3","1"
"1161",201AI03,Socle métamorphique dans le bassin versant de la Maulde de sa source à la Vienne,"50000","3",201AI,"2","5","2","3","1"
"1162",201AI04,Socle métamorphique dans le bassin versant de la Vienne de la Maulde au Taurion,"50000","3",201AI,"2","5","2","3","1"
"1163",201AI05,Socle métamorphique dans le bassin versant du Taurion de sa source à la Leyrenne (granitoïdes du plateau de Millevaches),"50000","3",201AI,"2","5","2","3","1"
"1164",201AI06,Socle métamorphique dans le bassin versant du Taurion de la Leyrenne à la Vienne (unité métamorphiques du Limousin),"50000","3",201AI,"2","6","2","3","1"
"1165",201AI07,Socle métamorphique dans le bassin versant de la Briance de sa source à la Vienne (unités métamorphiques du Limousin),"50000","3",201AI,"2","6","2","3","1"
"1166",201AI08,Socle métamorphique dans le bassin versant de la Roselle de sa source à la Briance (unités métamorphiques du Limousin),"50000","3",201AI,"2","6","2","3","1"
"1167",201AI09,Socle métamorphique dans le bassin versant de la Vienne du confluent du Taurion au confluent de la Briance (Unités métamorphiques du Limousin),"50000","3",201AI,"2","5","2","3","1"
"1168",201AI10,Socle métamorphique dans le bassin versant de la Vienne du Taurion à l'Aixelle (Paragneiss et intrusion magmatiques des unités métamorphiques du Limousin),"50000","3",201AI,"2","5","2","3","1"
"1169",201AI11,Socle métamorphique dans le bassin versant de l'Aurence et ses affluents de sa source à la Vienne (unités métamorphiques du Limousin),"50000","3",201AI,"2","6","2","3","1"
"1170",201AI12,Socle métamorphique dans le bassin versant de la Vienne de l'Aixelle à la Glane (unités métamorphiques du Limousin),"50000","3",201AI,"2","5","2","3","1"
"1171",201AI13,Socle plutonique dans le bassin versant de la Glane de sa source à la Vienne (Granites et leucograntites du Massif du Brame Sylvestre),"50000","3",201AI,"2","5","2","3","1"
"1172",201AI14,Socle métamorphique dans le bassin versant de la Graine et ses affluents de la source à la Vienne (unités métamorphiques du Limousin),"50000","3",201AI,"2","6","2","3","1"
"1173",201AI15,Socle métamorphique dans le bassin versant de la Vienne à la fin du socle du Massif central (unités métamorphiques du Limousin),"50000","3",201AI,"2","6","2","3","1"
"1174",201AK,Socle du Massif central dans le bassin versant du Clain et ses affluents (bassin amont du Clain de sa source à la Dive),,"2","201","2","4","2","3","4"
"1175",201AK01,Socle plutonique dans le bassin versant amont du Clain,"50000","3",201AK,"2","6","2","3","1"
"1176",201AM,Socle du Massif central dans le bassin versant de L'Argenton et ses affluents : le Thouet de sa source à l'Argenton (exclus) associé au Clain de la Dive (exclus) à la Clouère (exclus) et aux affleurements dans le sédimentaire proche,,"2","201","2","4","2","3","4"
"1177",201AM01,Socle métamorphique dans le bassins versants de l'Argenton et ses affluents et du Thouet de sa source à l'Argenton (non inclus) associé au Clain de la Dive (non inclus) à la Clouère (non inclus) et aux affleurements dans le sédimentaire proche,"50000","3",201AM,"2","7","2","3","1"
"1178","203","Socle du Massif central dans le bassin versant de la Loire de sa source à la Vienne (exclus), rive gauche de l'Allier",,"1",,"2","2","2","3","4"
"1179",203AA,Socle du Massif central dans le bassin versant du Cher de sa source à l'Arnon (exclus) (jusqu'au contact avec le sédimentaire),,"2","203","2","4","2","3","4"
"1180",203AA01,Socle plutonique dans le bassin versant de la Voueize de sa source au confluent de la Tarde (Unité magmatique du massif de Guéret et sur le bassin sédimentaire de Gouzon),"50000","3",203AA,"2","5","2","3","1"
"1181",203AA02,Socle plutonique dans le bassin versant de la Tarde de sa source au confluent de la Voueize (granites calco-alcalins du massif de Gueret),"50000","3",203AA,"2","5","2","3","1"
"1182",203AA03,Socle métamorphique dans le bassin versant de la Tarde et ses affluents du confluent de la Voueize au Cher,"50000","3",203AA,"2","5","2","3","1"
"1183",203AA05,Socle métamorphique dans le bassin versant du Cher de sa source à la Tardes (non inclus),"50000","3",203AA,"2","6","2","3","1"
"1184",203AA07,Socle métamorphique dans le bassin versant du Cher de la Tardes (non inclus) à l’Aumance(non inclus),"50000","3",203AA,"2","6","2","3","1"
"1185",203AA09,Socle métamorphique dans le bassin versant de l'Aumance et ses affluents,"50000","3",203AA,"2","6","2","3","1"
"1186",203AC,Socle du Massif central dans le bassin versant de L'indre de sa source à l'Igneraie et l'Arnon de sa source au ruissau de l'étang de Villiers,,"2","203","2","4","2","3","4"
"1187",203AC01,Socle métamorphique dans le bassin versant l'Arnon et ses affluents de sa source à la fin du socle du Massif central (Unités métamorphiques du Plateau d'Aigurande),"50000","3",203AC,"2","6","2","3","1"
"1188",203AC02,Socle métamorphique dans le bassin versant du Portefeuille et ses affluents de sa source à la fin du socle (Unités métamorphiques du Plateau d'Aigurande),"50000","3",203AC,"2","6","2","3","1"
"1189",203AC03,Socle métamorphique dans le bassin versant de la Sinaide de sa source à la fin du socle du Massif central (Unités métamorphiques du Plateau d'Aigurande),"50000","3",203AC,"2","6","2","3","1"
"1190",203AC04,Socle métamorphique dans le bassin versant de l'Indre de sa source au des Palles (Paragneiss des unités métamorphiques du Plateau d'Aigurande),"50000","3",203AC,"2","6","2","3","1"
"1191",203AC05,Socle métamorphique dans le bassin versant du Rau des Palle et ses affluents de sa source au confluent de l'Indre (Micaschiste des unités métamorphiques du Plateau d'Aigurande),"50000","3",203AC,"2","6","2","3","1"
"1192",203AC06,Socle métamorphique dans le bassin versant de l'Indre du Rau des Palles à la fin du socle de l'Indre du Rau des Palles à la fin du socle du Massif central (Unité métamorphique du Plateau d'Aigurande),"50000","3",203AC,"2","6","2","3","1"
"1193",203AC07,Socle métamorphique dans le bassin versant de l'Igneraie de sa source à la fin du Massif central (Gneiss des unités métamorphiques du Plateau d'Aigurande(USG)),"50000","3",203AC,"2","6","2","3","1"
"1194",203AC08,Socle métamorphique dans le bassin versant de la Vauvre de sa source à la fin du socle Vauvre de sa source à la fin du socle du Massif central (Unités métamorphiques du Plateau d'Aigurande),"50000","3",203AC,"2","6","2","3","1"
"1195",203AC09,Socle métamorphique dans le bassin versant de la Couarde et ses affluents de sa source à la fin du Massif central (Unités métamorphiques du Plateau d'Aigurande),"50000","3",203AC,"2","6","2","3","1"
"1196",203AE,Socle du Massif central dans le bassin versant de La Sioule de sa source à l'Allier (exclus),,"2","203","2","4","2","3","4"
"1197",203AE01,Socle métamorphique dans le bassin versant de l 'Allier de la Sioule (non inclus) à la Queune (inclus),"50000","3",203AE,"2","6","2","3","1"
"1198",203AE03,Socle métamorphique dans les bassins versants de la Sioule et de la Viouze (non inclus) à l’Allier (non inclus),"50001","3",203AE,"2","6","2","3","1"
"1199",203AE05,Socle métamorphique dans le bassin versant de la Sioule de sa source à la Viouze (inclus),"50000","3",203AE,"2","6","2","3","1"
"1200",203AG,"Socle du Massif central dans le bassin versant de L'Allier de sa source à la Dore (inclus) à l'ouest des formations sédimentaires de Limagne en Auvergne, rive gauche de l'Allier",,"2","203","2","4","2","3","4"
"1201",203AG10,Unités inférieures et supérieures des gneiss dans le bassin versant de l'Allier de sa source à l'Auzon (non inclus),"50000","3",203AG,"2","6","2","3","1"
"1202",203AG20,"Socle hercynien des massifs de Cournols, St-Nectaire, Chambon, Prompsat et Chatelguyon","50000","3",203AG,"2","6","4","3","1"
"1203",203AG30,"Socle hercynien des massifs de Champs, Royat, St-Gervais et Chateauneuf","50000","3",203AG,"2","6","4","3","1"
"1204",203AG40,Formations volcano-sédimentaires paléozoïques dans le bassin versant de l'Allier de sa source à la Dore (non inclus),"50000","3",203AG,"2","7","2","3","1"
"1205",203AG50,Séries métamorphiques d'Ussel et de la Sioule dans le bassin de l'Allier,"50000","3",203AG,"2","6","2","3","1"
"1206",203AI,"Socle du Massif central dans le bassin versant de L'Allier de sa source à la Dore (inclus) à l'Est des formations sédimentaires de Limagne en Auvergne, rive droite de l'Allier",,"2","203","2","4","2","3","4"
"1207",203AI01,Socle plutonique dans le bassin versant de l'Allier de la Dore (non inclus) au Beron (non inclus),"50000","3",203AI,"2","6","2","3","1"
"1208",203AI02,"Socle plutonique dans le bassin versant de l'Allier de l'Auzon (non inclus) à la Dore (non inclus), (Est Limagne)","50000","3",203AI,"2","6","2","3","1"
"1209",203AI03,Socle métamorphique dans le bassin versant de la Dore de la Faye (non inclus) à l’Allier (non inclus),"50000","3",203AI,"2","6","2","3","1"
"1210",203AI05,"Socle métamorphique dans le bassin versant de l'Allier de l'Alagnon (non inclus) à l'Auzon (inclus), (Est Limagne)","50000","3",203AI,"2","6","2","3","1"
"1211",203AI07,Socle métamorphique dans le bassin versant de la Dore de sa source à la Faye (inclus),"50000","3",203AI,"2","6","2","3","1"
"1212",203AI11,Socle métamorphique dans le bassin versant de l'Allier de la Senouire (non inclus) à l'ALagnon (non inclus),"50000","3",203AI,"2","6","2","3","1"
"1213",203AI13,Socle métamorphique dans le bassin versant l’Allier de la Desges (non inclus) à la Senouire (inclus),"50000","3",203AI,"2","6","2","3","1"
"1214",203AI15,Socle métamorphique dans le bassin versant de l'Allier du Chapeauroux (non inclus) à la Desges (inclus),"50000","3",203AI,"2","6","2","3","1"
"1215",203AK,"Socle du Massif central : Granites de la Margeride, Aubrac et Gévaudan dans le bassin versant de l’Allier de sa source au Chapeauroux (exclus) et dans le bassin versant du Chapeauroux (Allier)",,"2","203","2","4","2","3","4"
"1216",203AK01,"Socle métamorphique et plutonique dans les bassins versants de l’Allier de sa source au Chapeauroux (non inclus) et du Chapeauroux (Allier) (Granites de la Margeride, Aubrac et Gévaudan)","51070100","3",203AK,"2","6","2","3","1"
"1217","205","Socle du Massif central dans le bassin versant de la Loire de sa source à la Vienne (exclus), rive droite de l'Allier",,"1",,"2","2","2","3","4"
"1218",205AA,Socle du Massif central dans le bassin versant de La Loire de la Méjeanne au barrage de Grangent,,"2","205","2","4","2","3","4"
"1219",205AA01,Socle métamorphique dans le bassin versant de la Loire du Lignon (non inclus) au barrage de Grangent,"50000","3",205AA,"2","6","2","3","1"
"1220",205AA03,Socle métamorphique dans les bassin versantsde la Loire de la Sumene (non inclus) au Lignon (non inclus),"50000","3",205AA,"2","6","2","3","1"
"1221",205AA05,Socle métamorphique dans le bassin versant du Lignon et ses affluents,"50000","3",205AA,"2","6","2","3","1"
"1222",205AA07,Socle métamorphique dans le bassin versant de la Loire de la Laussonne (non inclus) à la Sumene (inclus),"50000","3",205AA,"2","6","2","3","1"
"1223",205AA09,Socle métamorphique dans le bassin versant de la Loire de la Mejeanne (non inclus) à la Laussonne (inclus),"50000","3",205AA,"2","6","2","3","1"
"1224",205AC,Socle du Massif central dans le bassin versant de La Loire du barrage de Grangent au Rhins à l'est de la Loire,,"2","205","2","4","2","3","4"
"1225",205AC01,Socle plutonique dans le bassin versant de la Loire de l’Aix (non inclus) au Rhins (inclus) - rive droite de la Loire,"50000","3",205AC,"2","6","2","3","1"
"1226",205AC03,Socle métamorphique dans le bassin versant de la Loire du Gand (non inclus) à l’Aix (non inclus) - rive droite de la Loire,"50000","3",205AC,"2","6","2","3","1"
"1227",205AC05,Socle métamorphique dans le bassin versant de la Loire du barrage de Grangent au Gand (inclus) - rive droite de la Loire,"50000","3",205AC,"2","6","2","3","1"
"1228",205AE,Socle du Massif central dans le bassin versant de La Loire du barrage de Grangent au Rhins à l'ouest de la Loire,,"2","205","2","4","2","3","4"
"1229",205AE01,Socle plutonique dans le bassin versant de la Loire de l’Aix (non inclus) au Rhins (inclus) - rive gauche de la Loire,"50000","3",205AE,"2","6","2","3","1"
"1230",205AE03,Socle plutonique dans le bassin versant de l'Aix et ses affluents,"50000","3",205AE,"2","6","2","3","1"
"1231",205AE05,Socle métamorphique dans le bassin versant de la Loire du Gand (non inclus) à l’Aix (non inclus) - rive gauche de la Loire,"50000","3",205AE,"2","6","2","3","1"
"1232",205AE07,Socle métamorphique dans le bassin versant de la Loire du barrage de Grangent au Gand (inclus) - rive gauche de la Loire,"50000","3",205AE,"2","6","2","3","1"
"1233",205AG,Socle du Massif central dans le bassin versant de La Loire du Rhins à l'Allier à l'ouest des formations sédimentaires de type Limagne du département de la Loire,,"2","205","2","4","2","3","4"
"1234",205AG01,Socle plutonique dans le bassin versant de la Loire du Rhins à l'Allier,"50000","3",205AG,"2","6","2","3","1"
"1235",205AI,Socle du Massif central dans le bassin versant de La Loire du Rhins à l'Allier à l'est des formations sédimentaires de type Limagne du département de la Loire,,"2","205","2","4","2","3","4"
"1236",205AI01,"Socle métamorphique dans le bassin versant de la Bourbince, et zone de confluence Arroux-Bourbince","50000","3",205AI,"2","6","2","3","1"
"1282",221AA11,Alluvions vosgiennes récentes de la Bruche avec intercalaire argileux en Plaine d'Alsace,"1250","3",221AA,"2","6","1","1","1"
"1237",205AI03,Socle métamorphique dans le bassin versant de la Loire de la Teissonne (non inclus) à l’Arroux (non inclus),"50000","3",205AI,"2","6","2","3","1"
"1238",205AI05,Socle plutonique dans le bassin versant de la Loire du Rhins (non inclus) à la Teissonne (inclus),"50000","3",205AI,"2","6","2","3","1"
"1239",205AK,"Socle du Massif central : formations primaires cristallophylliennes et magmatiques (gneiss, granites) dans le bassin versant de la Loire de sa source à la Méjeanne",,"2","205","2","4","2","3","4"
"1240",205AK01,"Socle métamorphique et plutonique, Formations primaires cristallophylliennes et magmatiques (gneiss, granites) dans le bassin versant de la Loire de sa source à la Méjeanne","50000","3",205AK,"2","6","2","3","1"
"1241","206",Horsts de l'Ouest du Morvan,,"1",,"2","2","2","3","4"
"1242",206AA,"Horsts du Massif central : Neuville les Décize, Saint-Saulge, La Machine, dans le bv de la Loire du Rhins(nc) à l'Allier(nc)",,"2","206","2","4","2","3","4"
"1243",206AA01,"Socle métamorphique dans le bassin de la Loire du Rhins (non inclus) à l'Allier (non inclus) (Horsts de Neuville les Décize, de Saint Saulge, de la Machine)","50000","3",206AA,"2","6","2","3","1"
"1244",206AA03,"Socle sédimentaire ancien dans le bassin versant de la Loire du Rhins (non inclus) à l'Allier (non inclus) (Horsts de Neuville les Décize, de Saint Saulge, de la Machine)","50000","3",206AA,"2","6","2","3","1"
"1245",206AA05,"Socle plutonique dans le bassin versant de la Loire du Rhins (non inclus) à l'Allier (non inclus) (Horsts de Neuville les Décize, de Saint Saulge, de la Machine)","50000","3",206AA,"2","6","2","3","1"
"1246","207",Socle du Morvan dans le bassin versant de la Loire du Rhins(exclus) à l'Allier(exclus),,"1",,"2","2","2","3","4"
"1247",207AA,Socle du Morvan dans le bv de la Loire du Rhins(nc) à l'Allier(nc),,"2","207","2","4","2","3","4"
"1248",207AA01,Socle plutonique dans le bassin versant de la Loire de l’Arroux (non inclus) à la Besbre (non inclus),"50000","3",207AA,"2","6","2","3","1"
"1249",207AA03,Socle plutonique dans le bassin versant de la Loire de la Besbre (non inclus) à la Cressonne (inclus),"50000","3",207AA,"2","6","2","3","1"
"1250",207AA05,Socle métamorphique dans le bassin versant de l'Arroux du Mechet (non inclus) à la Loire (non inclus),"50000","3",207AA,"2","6","2","3","1"
"1251",207AA07,Socle métamorphique dans le bassin versant de l'Arroux de sa source au Mechet (inclus),"50000","3",207AA,"2","6","2","3","1"
"1252",207AA09,Socle plutonique dans le bassin versant de la Loire de la Cressonne (non inclus) à l’Acolin (non inclus),"50000","3",207AA,"2","6","2","3","1"
"1253","208",Socle du Morvan dans le bassin versant de l'Yonne de sa source au confluent de la Seine,,"1",,"2","2","2","3","4"
"1254",208AA,Socle du Morvan dans le bassin versant de l'Yonne de sa source au confluent de la Seine,,"2","208","2","4","2","3","4"
"1255",208AA01,Socle du Morvan dans le bassin versant de l'Yonne de sa source au confluent de la Seine,"50010","3",208AA,"2","6","2","3","1"
"1256","211",Socle des Ardennes,,"1",,"2","2","2","3","4"
"1257",211AA,Socle des Ardennes dans le bassin versant de la Meuse du confluent de la Semoy à la frontière franco-belge,,"2","211","2","4","2","3","4"
"1258",211AA01,Calcaires et schistes du Dévonien du bassin versant de la Meuse du confluent de la Semoy à la frontière franco-belge dans les Ardennes,"50000","3",211AA,"2","6","2","3","1"
"1259",211AA02,"Grès (d'Anor et de Vireux), Calcaire de Givet, Schistes , Phyllades, Calcaires du Dévonien du bassin versant de la Meuse du confluent de la Semoy à la frontière franco-belge dans les Ardennes","50000","3",211AA,"2","5","2","3","1"
"1260",211AA03,Schistes et phyllades du Gédinnien (Dévonien inférieur) du bassin versant de la Meuse du confluent de la Semoy à la frontière franco-belge dans les Ardennes,"50000","3",211AA,"2","7","2","3","1"
"1261",211AA04,Quartzites et phyllades du Cambrien-Silurien du bassin versant de la Meuse du confluent de la Semoy à la frontière franco-belge dans les Ardennes,"50000","3",211AA,"2","7","2","3","1"
"1262",211AA05,Quartzites et phyllades du Cambrien-Silurien avec recouvrement d'altérites du bassin versant de la Meuse du confluent de la Semoy à la frontière franco-belge dans les Ardennes,"50000","3",211AA,"2","7","2","3","1"
"1263",211AC,Socle des Ardennes dans le bassin versant de la Meuse du confluent de la Chiers au confluent de la Semoy,,"2","211","2","4","2","3","4"
"1264",211AC01,Quartzites et phyllades du Cambrien-Silurien avec recouvrement d'altérites du bassin versant de la Meuse du confluent de la Chiers au confluent de la Semoy dans les Ardennes,"50000","3",211AC,"2","7","2","3","1"
"1265",211AC02,Schistes et phyllades du Gédinnien (Dévonien inférieur) du bassin versant de la Meuse du confluent de la Chiers au confluent de la Semoy dans les Ardennes,"50000","3",211AC,"2","7","2","3","1"
"1266",211AC03,"Schistes et phyllades du Gédinnien (Dévonien inférieur), Quartzites et Phyllades, Grès d'Anor du bassin versant de la Meuse du confluent de la Chiers au confluent de la Semoy dans les Ardennes","50000","3",211AC,"2","7","2","3","1"
"1267",211AC04,Grès d'Anor du Dévonien et Grauwacke de Montigny du bassin versant de la Meuse du confluent de la Chiers au confluent de la Semoy dans les Ardennes,"50000","3",211AC,"2","6","2","3","1"
"1268",211AC05,"Schistes et phyllades du Gédinnien (Dévonien inférieur), Quartzites et Phyllades du bassin versant de la Meuse du confluent de la Chiers au confluent de la Semoy dans les Ardennes","50000","3",211AC,"2","7","2","3","1"
"1269",211AE,Socle des Ardennes dans le bassin versant de la Semoy,,"2","211","2","4","2","3","4"
"1270",211AE01,"Schistes et phyllades du Gédinnien (Dévonien inférieur), Quartzites du bassin versant de la Semoy dans les Ardennes","50000","3",211AE,"2","7","2","3","1"
"1271",211AG,Socle des Ardennes dans le bassin versant de La Chiers,,"2","211","2","4","2","3","4"
"1272",211AG01,"Quartzites et phyllades, Schistes du bassin versant du Cambrien-Silurien du bassin versant de la Chiers dans les Ardennes","50000","3",211AG,"2","7","2","3","1"
"1273",211AI,Socle des Ardennes dans le bassin versant du Gland de sa source au confluent de l'Oise (nc) et le bassin versant de l'Oise de sa source (nc) au confluent du Ton (nc),,"2","211","2","4","2","3","4"
"1274",211AI01,Socle des Ardennes dans les bassin versants du Gland et de l'Oise de sa source au confluent du Ton (exclu),"50000","3",211AI,"2","6","2","3","1"
"1275","221",Grand système aquifère plio-quaternaire de la Plaine d'Alsace,,"1",,X,"1","1","1","4"
"1276",221AA,Alluvions récentes à actuelles de la Plaine d'Alsace,,"2","221","2","3","1","1","4"
"1277",221AA01,Alluvions vosgiennes récentes de la Lauter en Plaine d'Alsace,"1200","3",221AA,"2","5","1","1","1"
"1278",221AA03,Alluvions vosgiennes récentes de la Moder et de la Sauer en Plaine d'Alsace,"1210","3",221AA,"2","5","1","1","1"
"1279",221AA05,Alluvions vosgiennes récentes de la Zorn en Plaine d'Alsace,"1220","3",221AA,"2","5","1","1","1"
"1280",221AA07,Alluvions vosgiennes récentes de la Zorn avec intercalaire argileux en Plaine d'Alsace,"1230","3",221AA,"2","6","1","1","1"
"3403",718DA,Alluvions du Conflent,,"2","718","2","3","1","1","4"
"1283",221AA13,"Alluvions vosgiennes récentes de la Doller, Thur et Lauch en Plaine d'Alsace","1260","3",221AA,"2","5","1","1","1"
"1284",221AA15,Alluvions vosgiennes récentes du Giessen et de la Fecht en Plaine d'Alsace,"1270","3",221AA,"2","5","1","1","1"
"1285",221AA17,Alluvions rhénanes récentes à actuelles,"1280","3",221AA,"2","5","1","1","1"
"1286",221AA19,Alluvions rhénanes récentes à actuelles avec intercalaire argileux,"1290","3",221AA,"2","6","1","1","1"
"1287",221AA21,Intercalaires argileux de la Plaine d'Alsace,"1300","3",221AA,X,"7","1","2","1"
"1288",221AC,Alluvions anciennes de la Plaine d'Alsace,,"2","221","2","3","1","1","4"
"1289",221AC01,Alluvions vosgiennes anciennes de la Bruche en Plaine d'Alsace,"2300","3",221AC,"2","5","1","1","1"
"1290",221AC03,Alluvions vosgiennes anciennes de l'Ehn en Plaine d'Alsace,"2310","3",221AC,"2","5","1","1","1"
"1291",221AC05,"Alluvions vosgiennes anciennes du Giessen, de la Fecht et de l'Andlau en Plaine d'Alsace","2320","3",221AC,"2","5","1","1","1"
"1292",221AC07,"Alluvions vosgiennes anciennes de la Doller, Thur et Lauch en Plaine d'Alsace","2330","3",221AC,"2","5","1","1","1"
"1293",221AC09,Alluvions rhénanes anciennes,"2340","3",221AC,"2","5","1","1","1"
"1294",221AE,Formations du Pliocène de la Plaine d'Alsace,,"2","221","3","3","1","2","4"
"1295",221AE01,Formations du Pliocène de la Plaine d'Alsace,"3100","3",221AE,"3","5","1","2","1"
"1296","222",Alluvions quaternaires des vallées vosgiennes en Alsace,,"1",,"2","1","1","1","4"
"1297",222AC,Alluvions vosgiennes récentes à actuelles de la vallée vosgienne de la Zorn (Holocène),,"2","222","2","3","1","1","4"
"1298",222AC01,Alluvions vosgiennes récentes à actuelles de la vallée vosgienne de la Zorn (Holocène),"1020","3",222AC,"2","5","1","1","1"
"1299",222AE,Alluvions vosgiennes récentes à actuelles de la vallée vosgienne de la Bruche (Weichsélien à Holocène),,"2","222","2","3","1","1","4"
"1300",222AE01,Alluvions vosgiennes récentes à actuelles des vallées vosgiennes de la Bruche et de la Hasel sur champ de fractures (Holocène),"1030","3",222AE,"2","5","1","1","1"
"1301",222AE03,Alluvions des basses terrasses de la vallée vosgienne de la Bruche (Weichsélien),"1060","3",222AE,"2","5","1","1","1"
"1302",222AE05,Alluvions vosgiennes récentes à actuelles de la vallée vosgienne de la Bruche et de la Hasel (Holocène) sur socle,"1040","3",222AE,"2","5","1","1","1"
"1303",222AG,Alluvions vosgiennes récentes à actuelles de la vallée vosgienne du Giessen (Holocène),,"2","222","2","3","1","1","4"
"1304",222AG01,Alluvions vosgiennes récentes à actuelles du Giessen en amont de la confluence avec la Lièpvrette (Holocène),"1070","3",222AG,"2","5","1","1","1"
"1305",222AG03,Alluvions vosgiennes récentes à actuelles de la Lièpvrette en amont de la confluence avec le Giessen (Holocène),"1080","3",222AG,"2","5","1","1","1"
"1306",222AI,Alluvions vosgiennes récentes à actuelles de la vallée vosgienne de la Fecht (Weichsélien à Holocène),,"2","222","2","3","1","1","4"
"1307",222AI01,"Alluvions vosgiennes de fond de vallée de la Fecht, en aval de la confluence avec la Petite Fecht (Weichsélien à Holocène)","1100","3",222AI,"2","5","1","1","1"
"1308",222AI03,"Alluvions vosgiennes de fond de vallée de la Fecht, en amont de la confluence avec la Petite Fecht (Weichsélien à Holocène)","1110","3",222AI,"2","5","1","1","1"
"1309",222AI05,Alluvions vosgiennes de fond de vallée de la Krebsbach (Weichsélien à Holocène),"1120","3",222AI,"2","5","1","1","1"
"1310",222AI07,Alluvions vosgiennes de fond de vallée de la Petite Fecht (Weichsélien à Holocène),"1130","3",222AI,"2","5","1","1","1"
"1311",222AI09,Alluvions vosgiennes de fond de vallée de la Grande Fecht et cuvette glaciaire de surcreusement (Weichsélien à Holocène),"1140","3",222AI,"2","5","1","1","1"
"1312",222AI11,Alluvions vosgiennes récentes à actuelles du ruisseau Altenweiherbach (Holocène),"1090","3",222AI,"2","5","1","1","1"
"1313",222AK,Alluvions vosgiennes de fond de vallée de la Thur (Weichsélien à Holocène),,"2","222","2","3","1","1","4"
"1314",222AK01,Alluvions vosgiennes de fond de vallée de la Thur (Weichsélien à Holocène),"1150","3",222AK,"2","5","1","1","1"
"1315",222AM,Alluvions vosgiennes récentes à actuelles de la vallée vosgienne de la Doller (Holocène),,"2","222","2","3","1","1","4"
"1316",222AM01,Alluvions vosgiennes récentes à actuelles de la vallée vosgienne de la Doller (Holocène),"1160","3",222AM,"2","5","1","1","1"
"1317",222AO,Limons de débordement et alluvions récentes de l'Ill (Holocène),,"2","222","2","3","1","1","4"
"1318",222AO01,Limons de débordement et alluvions récentes de l'Ill (Holocène),"1170","3",222AO,"2","5","1","1","1"
"1319","223",Grand domaine hydrogéologique Oligocène du Fossé Rhénan,,"1",,X,"2","1","2","4"
"1320",223AA,Formations oligocènes du Fossé Rhénan,,"2","223",X,"4","1","2","4"
"1321",223AA03,"Conglomérat côtier de l’Oligocène à l’affleurement en Alsace du Sud, dont bassin Salifère (faciès de bordure)","15000","3",223AA,X,"6","1","2","1"
"1322",223AA05,"Oligocène du bassin salifère sous recouvrement en Alsace du Sud, dont bassin Salifère (faciès de bassin)","15000","3",225AA,X,"6","1","2","1"
"1323",223AA07,"Formations oligocènes à l’affleurement ou subaffleurante en Alsace du Nord, dont bassin du Péchelbronn (faciès de bordure)","15000","3",223AA,X,"6","1","2","1"
"1324",223AA09,"Formations oligocènes sous recouvrement en Alsace du Nord, dont bassin du Péchelbronn (faciès de bassin)","15000","3",225AA,X,"7","1","2","1"
"1325","225",Grand système multicouche cailloutis du Sundgau,,"1",,X,"12","1","2","4"
"1326",225AA,Terrasses anciennes du Rhin,,"2","225","2","3","1","2","4"
"1327",225AA01,Terrasses anciennes du Rhin,"2350","3",225AA,"2","5","1","2","1"
"1328",225AC,Cailloutis du Pliocène du Sundgau en Alsace et en Franche-Comté,,"2","225","2","3","1","2","4"
"1329",225AC01,Cailloutis du Pliocène de la Largue en Alsace,"3110","3",225AC,"2","5","1","2","1"
"1330",225AC03,Cailloutis du Pliocène du Thalbach en Alsace,"3120","3",225AC,"2","5","1","2","1"
"1331",225AC05,Cailloutis du Pliocène du secteur de Nord Montreux en Alsace,"3130","3",225AC,"2","6","1","2","1"
"1332",225AC07,Cailloutis du Pliocène Ouest Largue en Alsace,"3140","3",225AC,"2","5","1","2","1"
"1333",225AC09,Cailloutis du Pliocène de la Largue et de la Doller en Alsace,"3150","3",225AC,"2","6","1","2","1"
"1334",225AC11,Cailloutis pliocènes du Sundgau franc-comtois,"3160","3",225AC,"2","5","1","2","1"
"1335",225AE,Molasse alsacienne de l'Oligocène,,"2","225",X,"4","1","2","4"
"1336",225AE01,Molasse alsacienne aquifère du Sundgau,"15020","3",225AE,"2","5","1","2","1"
"1337",225AE03,Molasse alsacienne imperméable du Sundgau,"15030","3",225AE,X,"7","1","2","1"
"1338","226",Horst de Mulhouse,,"1",,X,"2","1","2","4"
"1339",226AA,"Horst de Mulhouse, des Grès du Trias inférieur aux formations de l'Oligocène",,"2","226",X,"4","1","2","4"
"1340",226AA01,Formations supérieures de l'Oligocène du Horst de Mulhouse,"15040","3",226AA,X,"7","1","2","1"
"1342",226AA05,Formations de l'Eocène inférieur et formations du Rauracien au Bathonien du Horst de Mulhouse,"30000","3",226AA,X,"7","1","2","1"
"1343",226AA07,Grande Oolithe du Bajocien du Horst de Mulhouse,"37100","3",226AA,"1","5","4","2","1"
"1344",226AA09,Formations marneuses du Bajocien inférieur et Formations de l'Aalénien au Keuper du Horst de Mulhouse,"37200","3",226AA,X,"7","1","2","1"
"1345",226AA11,Dolomie et argiles de la Lettenkohle du Horst de Mulhouse,"42000","3",226AA,"1","5","2","2","1"
"1346",226AA13,Calcaire du Muschelkalk du Horst de Mulhouse,"42200","3",226AA,"1","5","2","2","1"
"1347",226AA15,Marnes du Muschelkalk inférieur du Horst de Mulhouse,"42500","3",226AA,X,"7","1","2","1"
"1348",226AA17,Grès du Trias inférieur et formations gréseuses du Permien supérieur (Thuringien) du Horst de Mulhouse,"42800","3",226AA,"1","5","4","2","1"
"1349","227",Grand domaine hydrogéologique du Fossé Rhénan pré-tertiaire,,"1",,X,"2",X,"2","4"
"1350",227AC,Marnes et calcaires du Bathonien à l'Oxfordien supérieur en Alsace,,"2","227",X,"4","1","2","4"
"1351",227AC01,"Marnes et calcaires du Rauracien au Bathonien (Rauracien, Oxfordien, Callovien, Bathonien) en Alsace","33010","3",227AC,X,"7","1","2","1"
"1352",227AD,Calcaires du Malm (Séquanien),,"2","227","1","3","4","2","4"
"1353",227AD01,Calcaires du Malm (Séquanien),"33000","3",227AD,"1","5","4","2","1"
"1354",227AE,Calcaires et marnes du Bajocien en Alsace,,"2","227","1","3","1","2","4"
"1355",227AE01,Calcaire de la Grande Oolithe bajocienne en Alsace,"37120","3",227AE,"1","5","4","2","1"
"1356",227AE03,Formations marneuses du Bajocien en Alsace,"37130","3",227AE,X,"7","1","2","1"
"1357",227AG,Formations majoritairement argilo-marneuses et calcaires du Trias supérieur au Jurassique moyen (Aalénien) en Alsace,,"2","227",X,"4","1","2","4"
"1358",227AG01,Formations majoritairement argilo-marneuses et calcaires de l'Aalénien au Keuper en Alsace,"41910","3",227AG,X,"7","1","2","1"
"1359",227AI,Calcaires et marnes du Muschelkak et de la Lettenkohle (Trias moyen) en Alsace,,"2","227","1","3","1","2","4"
"1360",227AI01,Calcaire de la Lettenkohle en Alsace,"42010","3",227AI,"1","5","2","2","1"
"1361",227AI03,Calcaire du Muschelkalk en Alsace,"42210","3",227AI,"1","5","2","2","1"
"1362",227AI05,Muschelkalk Inférieur - Marnes en Alsace,"42510","3",227AI,X,"7","1","2","1"
"1363",227AK,Grès du Permien et du Trias inférieur en Alsace,,"2","227","1","3","4","2","4"
"1364",227AK01,Grès du Trias inférieur et Grès du Permien en Alsace,"42810","3",227AK,"1","5","4","2","1"
"1365","230",Grand domaine hydrogéologique du Champ de Fractures de Saverne et du Sud vosgien,,"1",,X,"2","1","2","4"
"1366",230AA,Formations sédimentaires du Champ de Fractures de Saverne,,"2","230",X,"4","2","2","4"
"1367",230AA01,Formations complexes et faillées du Champ de Fractures de Saverne en Alsace,"42830","3",230AA,"3","6","2","2","1"
"1368",230AA03,Grès du Trias inférieur et Grès du Permien du Champ de Fractures de Saverne en Alsace,"42840","3",230AA,"2","5","2","2","1"
"1369",230AC,Formations sédimentaires du Champ de Fractures Sud vosgien,,"2","230","3","3","1","2","4"
"1370",230AC01,Formations complexes et faillées des Champs de Fractures Sud Vosgien en Alsace,"42850","3",230AC,"3","5","6","2","1"
"1371",230AC03,Grès du Trias inférieur et Grès du Permien Champ de Fractures Sud vosgien en Alsace,"42860","3",230AC,"2","5","2","2","1"
"1372","231",Socle du Massif vosgien dans le bassin Rhin Meuse et au nord du bassin Rhône Méditerranée,,"1",,X,"2","2","3","4"
"1373",231AA,Socle cristallin des Vosges dans le bassin versant de la Sarre blanche,,"2","231",X,"4","2","3","4"
"1374",231AA01,Formations volcaniques des Vosges dans le bassin versant de la Sarre blanche en Lorraine,"50000","3",231AA,X,"7","2","3","1"
"1375",231AC,Socle cristallin des Vosges dans les bassins versants du Rabodeau et de la Plaine,,"2","231",X,"4","2","3","4"
"1376",231AC01,Formations volcaniques et métamorphiques des Vosges dans le bassin versant de la Plaine en Lorraine,"50000","3",231AC,X,"7","2","3","1"
"1377",231AC02,Formations volcaniques et plutoniques des Vosges dans le bassin versant du Rabodeau en Lorraine,"50000","3",231AC,X,"7","2","3","1"
"1378",231AE,Socle cristallin des Vosges dans le bassin versant de la Meurthe de sa source au confluent du Rabodeau,,"2","231",X,"4","2","3","4"
"1379",231AE03,"Formations majoritairement métamorphiques, volcaniques et plutoniques des Vosges dans le bassin versant de la Fave en Lorraine","50000","3",231AE,"2","6","2","3","1"
"1380",231AE05,Formations majoritairement métamorphiques et plutoniques des Vosges sur les crêtes du bassin versant de la Morte en Lorraine,"50000","3",231AE,"2","6","2","3","1"
"1381",231AE07,Formations majoritairement métamorphiques et plutoniques des Vosges sur les crêtes du bassin versant de la Meurthe amont en Lorraine,"50000","3",231AE,X,"7","2","3","1"
"1382",231AG,Socle cristallin des Vosges dans le bassin versant de la Moselotte et de la Vologne,,"2","231",X,"4","2","3","4"
"1383",231AG01,Formations plutoniques et métamorphiques des Vosges dans le bassin versant de la Vologne en Lorraine,"50000","3",231AG,X,"7","2","3","1"
"1384",231AG02,Formations plutoniques des Vosges dans le bassin versant de la Moselotte en Lorraine,"50000","3",231AG,X,"7","2","3","1"
"1385",231AI,Socle des Vosges dans le bassin versant de la Moselle,,"2","231","2","4","2","3","4"
"1386",231AI01,Formations plutoniques et métamorphiques des Vosges dans le bassin versant de la Moselle (en aval de la Vologne) en Lorraine,"50000","3",231AI,"2","6","2","3","1"
"1387",231AI02,Formations métamophiques et plutoniques des Vosges dans le bassin versant de la Moselle (de la Moselotte au confluent de la Vologne) en Lorraine,"50000","3",231AI,"2","6","2","3","1"
"1388",231AI03,Formations plutoniques et volcaniques du bassin versant de la Moselle (de sa source au confluent de la Moselotte) en Lorraine,"50000","3",231AI,"2","6","2","3","1"
"1389",231AJ,Socle du Massif vosgien sud,,"2","231","2","3","2","3","1"
"1390",231AJ01,Socle du massif vosgien sud,"50001","3",231AJ,"2","5","2","3","1"
"1391",231AM,Socle des Vosges dans le bassin versant de la Doller,,"2","231","2","4","2","3","4"
"1392",231AM01,Socle du bassin versant de la Doller en Alsace,"50002","3",231AM,"2","6","2","3","1"
"1393",231AN,Socle des Vosges dans le bassin versant de la Thur,,"2","231","2","4","2","3","4"
"1394",231AN01,Socle du bassin versant de la Thur en Alsace,"50000","3",231AN,"2","7","2","3","1"
"1395",231AO,Socle du Grand Ballon des Vosges,,"2","231","2","4","2","3","4"
"1396",231AO01,Socle du bassin versant de la Lauch en Alsace,"50000","3",231AO,"2","6","2","3","1"
"1397",231AO03,Socle du bassin versant de la Fecht en Alsace,"50000","3",231AO,"2","6","2","3","1"
"1398",231AP,Socle des Vosges dans le bassin versant de la Weiss,,"2","231","2","4","2","3","4"
"1399",231AP01,Socle du bassin versant de la Weiss en Alsace,"50000","3",231AP,"2","6","2","3","1"
"1404",231AR,Socle du Massif du Donon dans les Vosges,,"2","231","2","4","2","3","4"
"1405",231AR01,Socle du bassin versant de la Bruche en Alsace,"50000","3",231AR,"2","7","2","3","1"
"1406",231AR03,"Socle des bassins versants de la Ehn, Kirneck et Magel en Alsace","50000","3",231AR,"2","7","2","3","1"
"1407",231AR05,Socle du bassin versant de l'Andlau en Alsace,"50000","3",231AR,"2","7","2","3","1"
"1408","233",Formations du Permien et du Trias Inférieur dans le bassin Rhin Meuse et au nord du bassin Rhône Méditerranée,,"1",,"2","2","4","2","4"
"1409",233AA,Formations plutoniques et volcaniques des Vosges dans le bassin versant de la Meurthe et de la Hure avant le confluent avec la Plaine en Lorraine,,"2","233","2","4","2","3","4"
"1410",233AA01,Formations plutoniques et volcaniques des Vosges dans le bassin versant de la Meurthe et de la Hure avant le confluent avec la Plaine en Lorraine,"50000","3",233AA,"2","6","2","3","1"
"1411",233AB,Formations sédimentaires du Permien et du Buntsandstein (Trias inférieur) de la Vallée de la Plaine en Alsace,,"2","233","2","3","4","2","4"
"1412",233AB01,Formations sédimentaires (Buntsandstein et Permien) de la Vallée de la Plaine en Alsace,"42820","3",233AB,"2","5","4","2","1"
"1413","306",Grand système aquifère des terrasses quaternaires du bassin Adour-Garonne,,"1",,"2","1","1","2","4"
"1414",306AA,"Terrasses (Sables, graviers et galets) quaternaires du bassin Adour-Garonne",,"2","306","2","3","1","2","4"
"1415",306AA01,"Moyennes terrasses (sables, graviers et galets) quaternaires du bassin Adour-Garonne","1010100","3",306AA,"2","5","1","2","1"
"1416",306AA05,"Très hautes et hautes terrasses (sables, graviers et galets) quaternaires de la vallée de la Garonne et de la Gironde du bassin Adour-Garonne","1010200","3",306AA,"2","6","1","2","1"
"1417","308",Grand système aquifère multicouche plio-quaternaire des landes de Gascogne et du Lannemezan du Bassin aquitain,,"1",,"3","12","1","2","4"
"1418",308AA,Sables dunaires et flandriens du littoral aquitain,,"2","308","3","3","1","2","4"
"1419",308AA01,Sables dunaires du littoral aquitain (Plio-Quaternaire),"1","3",308AA,"2","5","1","2","1"
"1420",308AA02,"Sables flandriens et argiles du Gurp du littoral aquitain (incluant alluvions flandriennes ""Bri bleu"" d'origine laguno-marine du Marais de Rochefort)","2","3",308AA,"3","6","1","2","1"
"1421",308AC,Multicouche sableux du Plio-Quaternaire du Triangle Landais,,"2","308","3","3","1","2","4"
"1422",308AC01,Sables des landes et de Castets (Plio-Quaternaire),"2020100","3",308AC,"2","5","1","2","1"
"1423",308AC02,Argiles de Brach (Plio-Quaternaire),"2020200","3",308AC,X,"7","1","2","1"
"1424",308AC03,Sables et graviers d'Onesse et de Belin (Plio-Quaternaire),"2020300","3",308AC,"3","5","1","2","1"
"1425",308AC04,Argiles du sommet de l'Arengosse (Plio-Quaternaire),"2020400","3",308AC,X,"7","1","2","1"
"1426",308AC05,Sables et graviers d'Arengosse (Plio-Quaternaire),"2020500","3",308AC,"3","5","1","2","1"
"1427",308AE,Epandages alluviaux anciens à graviers et galets du Lannemezan (Plio-Quaternaire),,"2","308","2","4","1","2","4"
"1428",308AE01,Epandages alluviaux anciens à graviers et galets du Lannemezan (Plio-Quaternaire),"2030100","3",308AE,"2","6","1","2","1"
"1429","312","Grand domaine hydrogéologique des sables fauves et verts, des glaises bigarrées et des argiles du Miocène moyen à supérieur du Bassin aquitain",,"1",,X,"2","1","2","4"
"1430",312AA,"Sables fauves et verts, glaises bigarrées et argiles du Miocène moyen à supérieur du Bassin aquitain",,"2","312",X,"4","1","2","4"
"1431",312AA01,Argiles diachrones des milieux profonds et proximaux du Miocène moyen à supérieur du Bassin aquitain,"4010100","3",312AA,X,"7","1","2","1"
"1432",312AA03,Glaises bigarrées et argiles à galets du Miocène supérieur du Bassin aquitain,"4010200","3",312AA,X,"7","1","2","1"
"1433",312AA05,Sables verts et fauves du Miocène moyen du Bassin aquitain,"4010300","3",312AA,"3","6","1","2","1"
"1434","316","Grand système aquifère des faluns, des grès et des sables du Miocène moyen du Bassin aquitain",,"1",,"3","1","4","2","4"
"1435",316AA,"Faluns, grès et sables du langhien-serravallien (Helvétien) du Bassin aquitain",,"2","316","3","3","4","2","4"
"1436",316AA01,"Faluns, grès et sables du Langhien-Serravallien (Helvétien) du Bassin aquitain","6010100","3",316AA,"3","5","4","2","1"
"1437","318","Grand domaine hydrogéologique des milieux diachrones profonds, proximaux et continentaux du Miocène moyen à inférieur du Bassin aquitain",,"1",,X,"2","1","2","4"
"1438",318AA,Molasses et argiles du Miocène inférieur du Bassin aquitain,,"2","318",X,"4","1","2","4"
"1439",318AA01,Argiles diachrones des milieux profonds et proximaux du Miocène inférieur à moyen du Bassin aquitain,"7010100","3",318AA,X,"7","1","2","1"
"1440",318AA03,Molasses du Miocène du Bassin aquitain,"7010200","3",318AA,"3","6","1","2","1"
"1441","320","Grand système aquifère des faluns, grès et calcaires du Miocène inférieur du Bassin aquitain",,"1",,"3","1","4","2","4"
"1442",320AA,"Faluns, grès et calcaires de l'Aquitanien-Burdigalien du Bassin aquitain",,"2","320","3","3","4","2","4"
"1443",320AA01,"Faluns, grès et calcaires de l'Aquitanien-Burdigalien de l'ouest du Bassin aquitain","8010100","3",320AA,"3","5","4","2","1"
"1444","322","Grand domaine hydrogéologique des milieux diachrones profonds, proximaux et continentaux oligo-miocènes du Bassin aquitain",,"1",,X,"2","1","2","4"
"1445",322AA,Molasses et argiles oligo-miocènes du Bassin aquitain,,"2","322",X,"4","1","2","4"
"1446",322AA01,Argiles diachrones des milieux profonds et proximaux du Miocène inférieur du Bassin aquitain,"9010100","3",322AA,X,"7","1","2","1"
"1447",322AA03,Molasses oligo-miocènes du Bassin aquitain,"9010200","3",322AA,"3","6","1","2","1"
"1448","324","Grand système aquifère des calcaires, faluns et grès de l'Oligocène du Bassin aquitain",,"1",,"3","1","5","2","4"
"1449",324AA,"Calcaires à Asteries, faluns et grès de l'Oligocène du Bassin aquitain",,"2","324","3","3","5","2","4"
"1450",324AA01,"Calcaires à astéries, faluns et grès de l'Oligocène à l'ouest de la Garonne","10010100","3",324AA,"3","5","8","2","1"
"1451",324AA03,"Calcaires à astéries de l'Oligocène de l'Entre-deux-mers, du Bourgeais et du Libournais","10010200","3",324AA,"2","5","5","2","1"
"1452","326","Grand domaine hydrogéologique des milieux diachrones profonds, proximaux et continentaux oligo-éocènes du Bassin aquitain",,"1",,X,"2","1","2","4"
"1453",326AA,Molasses et argiles Oligo-éocènes du Bassin aquitain,,"2","326",X,"4","1","2","4"
"1454",326AA01,Marnes des milieux profonds et proximaux de l'Oligocène du Bassin aquitain,"11010100","3",326AA,X,"7","1","2","1"
"1455",326AA03,Calcaires de la formation de Castillon,"11010200","3",326AA,"5","5","5","2","1"
"1456",326AA05,Molasses oligo-éocènes du Bassin aquitain,"11010300","3",326AA,"3","6","1","2","1"
"1457","328","Grand système aquifère des sables fluviatiles, des calcaires et marnes de l'Eocène supérieur à Oligocène du nord du Bassin Aquitain",,"1",,"3","1","1","2","4"
"1458",328AA,"Sables, graviers, galets fluviatiles, calcaires et marnes de l'Eocène supérieur à Oligocène du Bassin Aquitain",,"2","328","3","3","1","2","4"
"1459",328AA01,"Calcaires et marnes de l'Eocène supérieur de Saint-Estèphe, Saint-Yzans et Bégadan","12010100","3",328AA,"1","5","4","2","1"
"1460",328AA02,"Sables, sables argileux, graviers et galets fluviatiles de l'Eocène supérieur à Oligocène de Boisbreteau (et d'Oriolles)","12010200","3",328AA,"3","5","1","2","1"
"1461","330","Grand domaine hydrogéologique des milieux diachrones profonds, proximaux et continentaux de l'Eocène supérieur du Bassin aquitain",,"1",,X,"2","1","2","4"
"1462",330AA,Molasses et argiles de l'Eocène supérieur du Bassin aquitain,,"2","330",X,"4","1","2","4"
"1463",330AA01,Marnes diachrones des milieux profonds et proximaux de l'Eocène du sud du Bassin aquitain,"13010100","3",330AA,X,"7","1","2","1"
"1464",330AA02,Marnes diachrones des milieux profonds et proximaux de l'Eocène supérieur du nord du Bassin aquitain,"13010200","3",330AA,X,"7","1","2","1"
"1465",330AA03,Molasses de l'Eocène supérieur du Bassin aquitain,"13010300","3",330AA,"3","6","1","2","1"
"1466","332",Grand domaine hydrogéologique des conglomérats et argiles à graviers oligo-éocènes en bordure du Massif central,,"1",,"3","1","1","2","4"
"1467",332AA,Conglomérats et argiles à graviers oligo-éocènes en bordure du Massif central,,"2","332","3","3","1","2","4"
"1468",332AA03,"Calcaires, argiles et sables de l'Eocène au Miocène (bassin Adour-Garonne)","14010100","3",332AA,"3","6","1","2","1"
"1469",332AA05,"Brèches et conglomérats de la Grésigne, argiles à graviers de l'Albigeois, du Carmausin et de Villefranche, et graviers d'Issel (Oligo-Eocène)","14010100","3",332AA,"3","6","1","2","1"
"1470",332AA07,Formations alluviales oligocènes de Saint-Denis-Catus,"1","3",306AA,"2","6","1","1","1"
"1471","334",Formations variées paléo-éocènes du Bassin aquitain jusqu’au Bassin de Carcassonne,,"1",,"3","1",X,"2","4"
"1472",334AA,Calcaires et marnes de l'Eocène moyen du sud du Bassin aquitain,,"2","334","3","3","4","2","4"
"1473",334AA01,Multicouche des calcaires et marnes de l'Eocène moyen et supérieur du sud du Bassin aquitain,"15010100","3",334AA,"1","6","4","2","1"
"1474",334AA03,Calcaires récifaux de Nousse de l'Eocène moyen (Lutétien) du sud du Bassin aquitain,"15010110","3",334AA,"3","6","4","2","1"
"1475",334AC,Sables Infra-molassiques de l'Eocène inférieur à moyen du sud du Bassin aquitain,,"2","334","1","3","1","2","4"
"1476",334AC03,Unité silto-argileuse à chenaux sableux de l’Eocène inférieur à moyen,"15020100","3",334AC,"1","6","1","2","1"
"1477",334AC05,Sables Infra-molassiques de l'Eocène inférieur à moyen du sud du Bassin aquitain,"15020100","3",334AC,"1","5","1","2","1"
"1478",334AE,Molasses et argiles de l'Eocène inférieur du Bassin aquitain,,"2","334",X,"4","1","2","4"
"1479",334AE01,Molasses et argiles de l'Eocène inférieur du Bassin aquitain,"15030100","3",334AE,X,"7","1","2","1"
"1480",334AG,"Calcaires, grès et sables de l'Eocène inférieur à moyen du nord du Bassin aquitain",,"2","334","3","3","1","2","4"
"1481",334AG01,Sables fluviatiles de l'Eocène inférieur à moyen du Libournais,"15040100","3",334AG,"1","5","1","2","1"
"1482",334AG04,"Calcaires, grès et sables marins de l'Eocène moyen du nord du Bassin aquitain","15040200","3",334AG,"1","5","4","2","1"
"1483",334AG05,"Graviers, galets, sables et argiles continentaux de l'Eocène moyen nord-aquitain","15040200","3",334AG,"3","5","1","2","1"
"1484",334AG12,Eponte entre l'Eocène inférieur et Eocène moyen du nord-ouest du Bassin aquitain,"15040210","3",334AG,"1","7","1","2","1"
"1485",334AG13,Eponte entre l'Eocène inférieur et Eocène moyen du nord-est du Bassin aquitain,"15040210","3",334AG,"1","7","1","2","1"
"1486",334AG22,"Calcaires, grès et sables marins de l'Eocène inférieur du nord du Bassin aquitain","15040220","3",334AG,"1","5","4","2","1"
"1487",334AG23,"Graviers, galets, sables et argiles continentaux de l'Eocène inférieur nord-aquitain","15040220","3",334AG,"1","5","1","2","1"
"1488",334AH,"Sables, grès et calcaires gréseux de l'Eocène inférieur basal du sud du Bassin aquitain",,"2","334","1","3","4","2","4"
"1489",334AH01,"Sables, grès et calcaires gréseux de l'Eocène inférieur basal du sud du Bassin aquitain","15050100","3",334AH,"1","5","4","2","1"
"1490",334AH03,"Sables, grès et calcaires gréseux de l'Eocène inférieur basal du nord du Bassin aquitain","15050100","3",334AH,"1","5","4","2","1"
"1491",334AJ,"Calcaires, grès et graviers du Paléocène et de l'Eocène inférieur et moyen de la bordure Nord du bassin de Carcassonne",,"2","334","3","3","4","2","1"
"1492",334AJ01,Graviers et grès du Paléocène et de l'Eocène inférieur et moyen au Sud de la montagne Noire (secteur de Castelnaudary),"9010300","3",334AJ,"3","5","1","2","1"
"1493",334AJ05,Calcaires et marnes du Paléocène et de l'Eocène inférieur et moyen du Cabardès,"100","3",334AJ,"3","5","5","2","1"
"1494",334AJ07,Calcaires et marnes du Paléocène et de l'Eocène inférieur et moyen du système Cesse - Pouzols - Ste-Valière et du Minervois,"14000000","3",334AJ,"3","5","3","2","1"
"1495",334AK,Calcaires thanétiens du bassin de Carcassonne,,"2","334","3","3","3","2","1"
"1496",334AK01,Calcaires thanétiens du bassin de Carcassonne,"200","3",334AK,"3","5","3","2","1"
"1497",334AM,Formations molassiques de l'Eocène du bassin de Carcassonne,,"2","334","3","4","1","2","4"
"1498",334AM00,Formations molassiques de l'Eocène du bassin de Carcassonne,"13010300","3",334AM,"3","6","1","2","2"
"1499","338",Grand domaine hydrogéologique des milieux diachrones profonds et proximaux de l'Eocène-Paléocène du Bassin aquitain,,"1",,"1","2","1","2","4"
"1500",338AA,Molasses et argiles de l'Eocène-paléocène du Bassin aquitain,,"2","338","1","4","1","2","4"
"1501",338AA01,Molasses et argiles de l'Eocène-Paléocène du Bassin aquitain,"17010100","3",338AA,"1","7","1","2","1"
"1502","340","Grand système aquifère des calcaires, calcaires dolomitiques, marnes et flyschs paléocènes du sud du Bassin aquitain",,"1",,"3","1","5","2","4"
"1503",340AA,"Calcaires, calcaires dolomitiques, marnes et flyschs paléocènes du sud du Bassin aquitain",,"2","340","3","3","5","2","4"
"1504",340AA01,Flyschs paléocènes du sud du Bassin aquitain,"18010100","3",340AA,"3","6","2","2","1"
"1505",340AA02,"Calcaires, calcaires dolomitiques et marnes du Paléocène du sud du Bassin aquitain","18010200","3",340AA,"3","5","4","2","1"
"1506","342",Grand domaine hydrogéologique des altérites post Secondaire du nord du bassin Adour-Garonne,,"1",,"2","1","1","2","4"
"1507",342AA,Altérites post Secondaire du nord du bassin Adour-Garonne,,"2","342","2","3","1","2","4"
"1508",342AA01,Altérites post Jurassique du nord du bassin Adour-Garonne,"19010100","3",342AA,"2","6","1","2","1"
"1509",342AA03,Altérites post Crétacé du nord du bassin Adour-Garonne,"19010200","3",342AA,"2","6","1","2","1"
"1510","344",Grand système aquifère des calcaires et grès du Crétacé supérieur terminal du Bassin aquitain,,"1",,"1","1","4","2","4"
"1511",344AA,Calcaires et grès du Campano-Maastrichtien du Bassin aquitain,,"2","344","1","3","4","2","4"
"1512",344AA03,Calcaires argileux et Marnes du Campano-Maastrichtien du nord du Bassin aquitain,"20010100","3",344AA,"1","6","4","2","1"
"1513",344AA04,Calcaires argileux et Marnes du Campano-Maastrichtien du sud du Bassin aquitain,"20010200","3",344AA,"1","6","4","2","1"
"1514",344AA10,Calcaires bioclastiques et grès du Campano-Maastrichtien du nord du Bassin aquitain,"20010100","3",344AA,"3","5","4","2","1"
"1515",344AA12,Calcaires bioclastiques du Campano-Maastrichtien du sud du Bassin aquitain,"20010200","3",344AA,"1","5","4","2","1"
"1516","346",Grand domaine hydrogéologique des calcaires crayo-marneux du Santonien-Campanien du Bassin aquitain,,"1",,"3","2","5","2","4"
"1517",346AA,Calcaires crayo-marneux du Santonien-Campanien du Bassin aquitain,,"2","346","3","4","5","2","4"
"1518",346AA03,Calcaires crayo-marneux et marnes du Santonien-Campanien du nord du Bassin aquitain,"21010100","3",346AA,"3","6","8","2","1"
"1519",346AA05,Calcaires crayo-marneux et marnes du Santonien-Campanien du sud du Bassin aquitain,"21010100","3",346AA,"1","6","4","2","1"
"1520","348",Grand système aquifère multicouche du Crétacé supérieur du Bassin aquitain,,"1",,"2","12",X,"2","4"
"1521",348AA,Multicouche calcaire du Turonien-Coniacien-Santonien du nord du Bassin aquitain,,"2","348","3","3","4","2","4"
"1522",348AA01,"Calcaires, grès et marnes du Coniacien-Santonien du nord du Bassin aquitain","22010100","3",348AA,"3","5","8","2","1"
"1523",348AA02,Calcaires marneux du Coniacien inférieur du nord du Bassin aquitain,"22010200","3",348AA,X,"6","4","2","1"
"1524",348AA03,"Calcaires, grès et sables du Turonien du nord du Bassin aquitain","22010300","3",348AA,"3","5","8","2","1"
"1525",348AC,Calcaires crayeux du Turonien et du Cénomanien du nord du Bassin aquitain,,"2","348","3","4","1","2","4"
"1526",348AC01,Calcaires crayeux du Turonien et du Cénomanien du nord du Bassin aquitain,"22020100","3",348AC,"3","7","1","2","1"
"1527",348AE,Sables et calcaires du Cénomanien du nord du Bassin aquitain,,"2","348","3","3","1","2","4"
"1528",348AE01,Calcaires du Cénomanien du nord du Bassin aquitain,"22030100","3",348AE,"3","5","4","2","1"
"1529",348AE04,Calcaires du Cénomanien supérieur du nord du Bassin aquitain,"22030200","3",348AE,"3","5","4","2","1"
"1530",348AE13,Marnes du Cénomanien du nord du Bassin aquitain,"22030210","3",348AE,"3","7","1","2","1"
"1531",348AE23,Graviers et sables du Cénomanien inférieur et de l'infra-Cénomanien du nord du Bassin aquitain,"22030220","3",348AE,"3","5","1","2","1"
"1532",348AG,Multicouche calcaire du Crétacé supérieur du sud du Bassin aquitain,,"2","348","1","3","4","2","4"
"1533",348AG03,Calcaire argileux et marneux du Crétacé supérieur du sud du Bassin aquitain,"22040100","3",348AG,"1","6","2","2","1"
"1534",348AG04,Calcaires argileux et marnes du multicouche Cénomanien à Santonien du sud du Bassin aquitain,"22040200","3",348AG,"1","6","2","2","1"
"1535",348AG10,Flyschs du Crétacé supérieur du sud du Bassin aquitain,"22040100","3",348AG,"1","6","2","2","1"
"1536",348AG20,Calcaires et dolomies du multicouche Cénomanien à Santonien du sud du Bassin aquitain,"22040200","3",348AG,"1","5","4","2","1"
"1537","350",Grand domaine hydrogéologique du Crétacé inférieur du Bassin aquitain,,"1",,"1","2","1","2","4"
"1538",350AA,"Calcaires, grès et marnes du Crétacé inférieur du sud du Bassin aquitain",,"2","350","1","4","1","2","4"
"1539",350AA01,Calcaires et grès du multicouche du Crétacé inférieur du sud du Bassin aquitain,"23010100","3",350AA,"1","6","1","2","1"
"1540",350AA03,Marnes du Crétacé inférieur du sud du Bassin aquitain,"23010200","3",350AA,X,"7","1","2","1"
"1541","352",Grand système aquifère des calcaires et dolomies du Jurassique supérieur du Bassin aquitain,,"1",,X,"1","5","2","4"
"1542",352AA,Calcaires et dolomies du Tithonien du Bassin aquitain,,"2","352","3","3","5","2","4"
"1543",352AA01,Calcaires et dolomies du Tithonien du Bassin aquitain,"24010100","3",352AA,"3","5","5","2","1"
"1544",352AC,Calcaires argileux fissurés du Jurassique supérieur au nord du Bassin aquitain,,"2","352","2","3","2","2","4"
"1545",352AC01,Calcaires argileux fissurés du Jurassique supérieur au nord du Bassin aquitain,"24020100","3",352AC,"2","5","2","2","1"
"1546","356",Grand domaine hydrogéologique des marno-calcaires du Jurassique moyen à supérieur du Bassin aquitain,,"1",,X,"2",X,"2","4"
"1547",356AA,Marno-calcaires du Jurassique moyen à supérieur du Bassin aquitain,,"2","356",X,"4","1","2","4"
"1548",356AA01,Marno-calcaires du Kimméridgien supérieur du nord du Bassin aquitain,"26010100","3",356AA,X,"7","1","2","1"
"1549",356AA02,Marno-calcaires du Jurassique moyen à supérieur du sud du Bassin aquitain,"26010200","3",356AA,X,"7","1","2","1"
"1550",356AB,Calcaires du Kimméridgien du nord du Bassin aquitain,,"2","356","3","3","5","2","4"
"1551",356AB01,Calcaires du Kimméridgien du nord du Bassin aquitain,"26020100","3",356AB,"3","5","5","2","1"
"1552","358",Grand système aquifère multicouche des calcaires et dolomies du Jurassique moyen à supérieur du Bassin aquitain et de ses bordures,,"1",,X,"12",X,"2","4"
"1553",358AA,Marno-calcaires du Jurassique moyen à supérieur du nord du Bassin aquitain,,"2","358","1","4","1","2","4"
"1554",358AA01,Marno-calcaires du Jurassique moyen à supérieur du nord du Bassin aquitain,"27010100","3",358AA,"1","7","1","2","1"
"1555",358AD,"Calcaires du Dogger dans le bassin de la Sèvre Niortaise, nord du Bassin aquitain",,"2","358","2","3","2","2","4"
"1556",358AD01,"Calcaires du Dogger dans le bassin de la Sèvre Niortaise (bassin Loire-Bretagne), nord du Bassin aquitain","27030100","3",358AD,"2","5","2","2","4"
"1557",358AD02,"Calcaires du Dogger dans le bassin du Chantonnay (bassin Loire-Bretagne), nord du bassin aquitain","27030100","3",358AD,"2","5","2","2","4"
"1558",358AE,Calcaires du Dogger du nord du Bassin aquitain,,"2","358","3","3","5","2","4"
"1559",358AE01,Calcaires du Dogger parties profondes captives du Bassin aquitain,"27040200","3",358AE,"1","5","5","2","1"
"1560",358AE03,Calcaires micritiques et bioclastiques du Bathonien moyen à Oxfordien du nord du Bassin aquitain,"27040100","3",358AE,"3","5","8","2","1"
"1561",358AE05,Marno-calcaires du Bathonien basal du nord du Bassin aquitain,"27040300","3",358AE,X,"6","1","2","1"
"1562",358AE07,Calcaires et dolomies du Bajocien et de l'Aalénien du nord du Bassin aquitain,"27040400","3",358AE,"3","5","8","2","1"
"1563",358AF,Calcaires du Dogger dans le nord du bassin versant de la Charente,,"2","358","3","3","5","2","4"
"1564",358AF01,"Calcaires du Dogger zone ""haute"" de Melle affleurant ou sub-affleurant dans le bassin versant de la Charente","27050100","3",358AF,"3","5","5","2","1"
"1565",358AF02,Calcaires du Dogger bassin versant du Transon affleurant ou sub-affleurant dans le bassin versant de la Charente,"27050200","3",358AF,"2","5","5","2","1"
"1661",366AC,Grès et conglomérats du Permien dans le système des Grands Causses,,"2","366","3","4","5","2","4"
"1566",358AF03,Calcaires du Dogger bassin versant de la Charente affleurant ou sub-affleurant dans le bassin versant de la Charente,"27050300","3",358AF,"2","5","5","2","1"
"1567",358AF04,Calcaires du Dogger bassin versant du Son-Sonnette affleurant ou sub-affleurant dans le bassin versant de la Charente,"27050400","3",358AF,"2","5","5","2","1"
"1568",358AF05,Calcaires du Dogger bassin versant de l'Argentor-Lizonne affleurant ou sub-affleurant dans le bassin versant de la Charente,"27050500","3",358AF,"2","5","5","2","1"
"1569",358AF06,Calcaires du Dogger bassin versant entre Clain et Charente affleurant ou sub-affleurant dans le bassin versant de la Charente,"27050600","3",358AF,"2","5","5","2","1"
"1570",358AF07,Calcaires du Dogger bassin versant de la Péruse affleurant ou sub-affleurant dans le bassin versant de la Charente,"27050700","3",358AF,"2","5","5","2","1"
"1571",358AF08,"Calcaires du Dogger bassin versant aval, affleurant ou sub-affleurant dans le bassin versant de la Charente","27050800","3",358AF,"3","5","5","2","1"
"1572",358AF09,Calcaires du Dogger bassin versant de l'Aume Couture et du Bief affleurant ou sub-affleurant dans le bassin versant de la Charente,"27050900","3",358AF,"3","5","5","2","1"
"1573",358AG,Multicouche calcaire et dolomitique du Jurassique moyen à supérieur du sud du Bassin aquitain,,"2","358","1","3","8","2","4"
"1574",358AG01,Multicouche calcaire et dolomitique du Jurassique moyen à supérieur du sud du Bassin aquitain,"27060100","3",358AG,"1","5","8","2","1"
"1575",358AI,"Calcaires et dolomies de l'Aalénien au Tithonien dans le système des Grands Causses, incluant la terminaison sud du Larzac et du Causse de Blandas",,"2","358","2","3","8","2","4"
"1576",358AI01,Calcaires et dolomies de l'Aalénien au Tithonien dans le Causse Noir et le Causse Bégon - Système des Grands Causses,"27070100","3",358AI,"2","5","8","2","1"
"1577",358AI04,Calcaires et dolomies de l'Aalénien au Tithonien dans le Causse Méjean du système des Grands Causses,"27070400","3",358AI,"2","5","8","2","1"
"1578",358AI05,Calcaires et dolomies de l'Aalénien au Tithonien dans le Causse de Marvejols et de Changefège du système des Grands Causses,"27070500","3",358AI,"2","5","8","2","1"
"1579",358AI06,Calcaires et dolomies de l'Aalénien à l'Oxfordien dans le Causse de Mende du système des Grands Causses,"27070600","3",358AI,"2","5","8","2","1"
"1580",358AI07,Calcaires et dolomies de l'Aalénien dans le Causse des Bondons du système des Grands Causses,"27070700","3",358AI,"2","5","8","2","1"
"1581",358AI08,Calcaires et dolomies de l'Aalénien au Bathonien dans la Can de l'Hospitalet du système des Grands Causses,"27070800","3",358AI,"2","5","8","2","1"
"1582",358AI09,Calcaires et dolomies de l'Aalénien au Bajocien dans le Causse du Bleymard du système des Grands Causses,"27070900","3",358AI,"2","5","8","2","1"
"1583",358AI11,Calcaires et dolomies de l'Aalénien au Tithonien dans le Causse Comtal - Système des Grands Causses,"27071100","3",358AI,"2","5","8","2","1"
"1584",358AI12,Calcaires et dolomies de l'Aalénien au Bajocien dans le Causse Rouge – Système des Grands Causses,"27071100","3",358AI,"2","5","8","2","1"
"1585",358AI15,"Calcaires et dolomies de l'Aalénien au Tithonien dans le Causse de Sauveterre et ses sous entités du Massegros, de Sévérac et de Laissac - Système des Grands Causses","27070200","3",358AI,"2","5","8","2","1"
"1586",358AI16,Calcaires et dolomies de l'Aalénien au Tithonien dans le Causse du Larzac – Système des Grands Causses dans le Bassin Adour-Garonne,"27071000","3",358AI,"2","5","8","2","1"
"1587",358AI17,Calcaires et dolomies de l'Aalénien au Tithonien dans le Causse du Larzac – Système des Grands Causses dans le bassin Rhône Méditerranée,"27071000","3",358AI,"2","5","8","2","1"
"1588","359",Karst de la Rochefoucault,,"1",,"2","1","5","2","4"
"1589",359AA,"Calcaires fins, récifaux et périrécifaux jurassiques du karst de la Rochefoucault",,"2","359","2","3","5","2","4"
"1590",359AA01,Calcaires fins et calcaires récifaux du Dogger karstique affleurant ou sub-affleurant du karst de la Rochefoucault,"27020300","3",359AA,"2","5","5","2","1"
"1591",359AA02,Calcaires fins à ponctuations rouilles et silex du Dogger karstique affleurant ou sub-affleurant du karst de la Rochefoucault,"27020400","3",359AA,"2","5","5","2","1"
"1592",359AA03,Calcaires récifaux et périrécifaux de l'Oxfordien-Kimméridgien inférieur karstique affleurant ou sub-affleurant du karst de la Rochefoucault,"27020100","3",359AA,"2","5","5","2","1"
"1593",359AA05,Calcaires récifaux de l'Oxfordien-Kimméridgien inférieur karstique affleurant ou sub-affleurant du karst de la Rochefoucault,"27020200","3",359AA,"2","5","5","2","1"
"1594","360",Grand domaine hydrogéologique des marnes du Lias supérieur du Bassin aquitain et de ses bordures,,"1",,"3","2","1","2","4"
"1595",360AA,Marnes du Pliensbachien au Toarcien du Bassin aquitain,,"2","360","3","4","1","2","4"
"1596",360AA07,Marnes du Pliensbachien au Toarcien du Bassin aquitain,"28010100","3",360AA,"3","7","1","2","1"
"1597",360AB,Marnes du Toarcien dans le nord-est du bassin versant de la Charente,,"2","360",X,"4","1","2","4"
"1598",360AB01,Marnes et calcaires argileux toarciens affleurants ou sub-affleurants de la zone haute de Melle,"28020100","3",360AB,X,"7","1","2","1"
"1599",360AB02,Marnes et calcaires argileux toarciens affleurants ou sub-affleurants - bassin versant du Transon,"28020200","3",360AB,X,"7","1","2","1"
"1600",360AB03,Marnes et calcaires argileux toarciens en buttes témoins - bassin versant Melle et Lizonne,"28020300","3",360AB,X,"7","1","2","1"
"1601",360AB04,Marnes et calcaires argileux toarciens en buttes témoins - bassin versant Aume et Couture,"28020400","3",360AB,X,"7","1","2","1"
"1602",360AB05,Marnes et calcaires argileux toarciens affleurants ou sub-affleurants - bassin versant de la Charente amont,"28020500","3",360AB,X,"7","1","2","1"
"1603",360AB06,Marnes et calcaires argileux toarciens affleurants ou sub-affleurants - bassin versant de la Bonnieure,"28020600","3",360AB,X,"7","1","2","1"
"1604",360AB07,Marnes et calcaires argileux toarciens affleurants ou sub-affleurants - horst de Montalembert et Charente amont rive droite,"28020700","3",360AB,X,"7","1","2","1"
"1605",360AB08,Marnes et calcaires argileux toarciens affleurants ou sub-affleurants - bassin versant de la Péruse,"28020800","3",360AB,X,"7","1","2","1"
"1606",360AB09,Marnes et calcaires argileux toarciens affleurants ou sub-affleurants - entre Péruse et Bief,"28020900","3",360AB,X,"7","1","2","1"
"1607",360AB10,Marnes et calcaires argileux toarciens affleurants ou sub-affleurants - bassin versant Tardoire et Bandiat,"28021000","3",360AB,X,"7","1","2","1"
"1608",360AB11,Marnes et calcaires argileux toarciens en buttes témoins - bassin versant Son-Sonnette,"28021100","3",360AB,X,"7","1","2","1"
"1609",360AD,Marnes du Pliensbachien au Toarcien des Grands Causses,,"2","360","3","4","1","2","4"
"1610",360AD02,Marnes du Pliensbachien au Toarcien des Grands Causses en Adour-Garonne,"28010100","3",360AD,"3","7","1","2","1"
"1611",360AD03,Marnes du Pliensbachien au Toarcien des Grands Causses dans le bassin Rhône Méditerranée,"28010100","3",360AD,"3","7","1","2","1"
"3404",718DA01,Alluvions du Conflent,"2","3",718DA,"2","5","1","1","1"
"1612","362","Grand système aquifère des calcaires, grès, dolomies et anhydrite de l'Infra-Toarcien du Bassin aquitain et de ses bordures",,"1",,"3","1",X,"2","4"
"1613",362AA,"Calcaires, grès, dolomies et anhydrite de l'Infra-Toarcien du sud du Bassin aquitain",,"2","362","3","3","5","2","4"
"1614",362AA01,Calcaires et grès du Domérien supérieur du sud du Bassin aquitain,"29010100","3",362AA,"3","5","8","2","1"
"1615",362AA02,Marnes du Domérien inférieur du sud du Bassin aquitain,"29010200","3",362AA,"6","7","1","2","1"
"1616",362AA03,"Calcaires, dolomies et anhydrite de l'Hettangien-Sinémurien du sud du Bassin aquitain","29010300","3",362AA,"3","5","8","2","1"
"1617",362AC,"Grès, calcaires et calcaires marneux du Lias dans le système des Grands Causses",,"2","362","3","3","5","2","4"
"1618",362AC02,Dolomies et calcaires de l'Hettangien au Pliensbachien dans le Causse noir et le Causse Bégon - Système des Grands Causses,"29020200","3",362AC,"3","5","3","2","1"
"1619",362AC04,"Grès, calcaires et dolomies de l'Hettangien et du Sinémurien dans le Causse Méjean - Système des Grands Causses","29020400","3",362AC,"3","5","8","2","1"
"1620",362AC05,"Grès, calcaires et dolomies de l'Hettangien au Pliensbachien dans le Causse de Marvejols et de Changefège - Système des Grands Causses","29020500","3",362AC,"3","5","8","2","1"
"1621",362AC06,"Grès, calcaires et dolomies de l'Hettangien au Pliensbachien dans le Causse de Mende - Système des Grands Causses","29020600","3",362AC,"3","5","8","2","1"
"1622",362AC07,Calcaires et dolomies de l'Hettangien au Pliensbachien dans le Causse des Bondons - Système des Grands Causses,"29020700","3",362AC,"3","5","5","2","1"
"1623",362AC08,"Grès, calcaires et dolomies de l'Hettangien au Pliensbachien dans la Can de l'Hospitalet - Système des Grands Causses","29020800","3",362AC,"3","5","8","2","1"
"1624",362AC09,Calcaires et dolomies de l'Hettangien au Pliensbachien dans le Causse du Bleymard - Système des Grands Causses,"29020900","3",362AC,"3","5","8","2","1"
"1625",362AC10,"Dolomies et calcaires de l'Hettangien au Pliensbachien dans le Causse de Sauveterre et ses sous entités du Massegros, de Sévérac et de Laissac - Système des Grands Causses","29020100","3",362AC,"3","5","3","2","1"
"1626",362AC22,"Grès, calcaires et dolomies de l'Hettangien et du Sinémurien dans le Causse Comtal - Système des Grands Causses","29021500","3",362AC,"3","5","8","2","1"
"1627",362AC23,"Grès, calcaires et dolomies de l'Hettangien et du Sinémurien dans le Causse de Rignac - Système des Grands Causses","29021600","3",362AC,"3","5","8","2","1"
"1628",362AC24,Dolomies et calcaires de l'Hettangien au Pliensbachien dans le Causse Rouge - Système des Grands Causses,"29021100","3",362AC,"3","5","3","2","1"
"1629",362AC25,"Grès, calcaires et calcaires marneux du Lias dans le système des Grands Causses dans le bassin Rhône Méditerranée","29021650","3",362AC,"3","5","5","2","1"
"1630",362AC26,"Grès, calcaires et dolomies de l'Hettangien au Pliensbachien dans le Causse du Larzac et de Saint-Affrique - Système des Grands Causses","29021000","3",362AC,"3","5","8","2","1"
"1631",362AE,Grès et dolomies de l'Infra-Toarcien dans le bassin versant de la Charente amont et de la Boutonne amont,,"2","362","3","3","4","2","4"
"1632",362AE01,"Grès et dolomies infra-toarciens affleurants, vallée de la Béronne","29030100","3",362AE,"2","5","4","2","1"
"1633",362AE02,"Grès et dolomies infra-toarciens affleurants, vallée de la Légère","29030200","3",362AE,"2","5","4","2","1"
"1634",362AE03,"Grès et dolomies infra-toarciens captifs - zone ""haute"" de Melle","29030300","3",362AE,"1","5","4","2","1"
"1635",362AE04,Grès et dolomies infra-toarciens affleurants ou sub-affleurants (captifs) - sous-bassin du Transon,"29030400","3",362AE,"3","5","4","2","1"
"1636",362AE05,Grès et dolomies infra-toarciens sub-affleurants (captifs) - bassin versant Tardoire et Bandiat,"29030500","3",362AE,"3","5","4","2","1"
"1637",362AE06,Grès et dolomies infra-toarciens en buttes témoins sur socle - bassin versant Tardoire et Bandiat,"29030600","3",362AE,"2","5","4","2","1"
"1638",362AE07,Grès et dolomies infra-toarciens sub-affleurants (captifs) - bassin versant Aume et Couture,"29030700","3",362AE,"1","5","4","2","1"
"1639",362AE08,"Grès et dolomies infra-toarciens ""fenêtre"" affleurante - bassin versant du Son-Sonnette","29030800","3",362AE,"2","5","4","2","1"
"1640",362AE09,"Grès et dolomies infra-toarciens ""fenêtre"" affleurante - bassin versant de l'Argentor-Lizonne","29030900","3",362AE,"2","5","4","2","1"
"1641",362AE10,Grès et dolomies infra-toarciens sub-affleurants (captifs) - bassin versant Son-Sonnette,"29031000","3",362AE,"1","5","4","2","1"
"1642",362AE11,Grès et dolomies infra-toarciens sub-affleurants (captifs) - bassin versant Argentor-Lizonne,"29031100","3",362AE,"1","5","4","2","1"
"1643",362AE12,Grès et dolomies infra-toarciens affleurants ou sub-affleurants (captifs) - Charente amont,"29031200","3",362AE,"3","5","4","2","1"
"1644",362AE13,"Grès et dolomies infra-toarciens ""fenêtre"" affleurante - horst de Montalembert, Charente amont rive droite","29031300","3",362AE,"2","5","4","2","1"
"1645",362AE14,"Grès et dolomies infra-toarciens ""fenêtre"" affleurante - horst de Montalembert, Péruse","29031400","3",362AE,"2","5","4","2","1"
"1646",362AE15,"Grès et dolomies infra-toarciens sub-affleurants (captifs) - horst de Montalembert, Charente amont rive droite","29031500","3",362AE,"1","5","4","2","1"
"1647",362AE16,"Grès et dolomies infra-toarciens sub-affleurants (captifs) - horst de Montalembert, Péruse","29031600","3",362AE,"1","5","4","2","1"
"1648",362AE17,"Grès et dolomies infra-toarciens sub-affleurants (captifs) - horst de Montalembert, entre Péruse et Bief","29031700","3",362AE,"1","5","4","2","1"
"1649",362AE18,Grès et dolomies infra-toarciens sub-affleurants (captifs) - bassin versant de la Bonnieure,"29031800","3",362AE,"1","5","4","2","1"
"1650",362AE19,Grès et dolomies infra-toarciens en buttes témoins sur socle - bassin versant de la Bonnieure,"29031900","3",362AE,"2","5","4","2","1"
"1651",362AF,"Calcaires et dolomies et calcaires à Oolithes de l'Infra-Toarcien dans le bassin versant de la Sèvre Niortaise, nord du Bassin aquitain",,"2","362","3","3","1","2","4"
"1652",362AF01,"Calcaires et dolomies et calcaires à Oolithes de l'Infra-Toarcien dans le bassin versant de la Sèvre Niortaise, nord du Bassin aquitain","29031950","3",362AF,"3","5","1","2","1"
"1653",362AG,Grès et dolomies de l'Infra-Toarcien du nord du Bassin Aquitain,,"2","362","3","3","8","2","4"
"1654",362AG01,Grès et dolomies de l'Infra-Toarcien du nord du Bassin Aquitain,"29050100","3",362AG,"3","5","8","2","1"
"1655","364","Grand domaine hydrogéologique des argiles, évaporites et ophites du Trias du sud du bassin Adour-Garonne",,"1",,"1","2","1","2","4"
"1656",364AA,"Argiles, evaporites et ophites du Trias du sud du bassin Adour-Garonne",,"2","364","1","4","1","2","4"
"1657",364AA01,"Argiles, évaporites et ophites du Trias sud-aquitain","30010100","3",364AA,"1","7","1","2","1"
"1658","366","Dolomies, grès et argilites du Permo-Trias du Bassin aquitain",,"1",,"3","2",X,"2","4"
"1659",366AA,"Dolomies, grès et argilites du permo-trias du Bassin aquitain",,"2","366","3","3","8","2","4"
"1662",366AC01,"Schistes, grès, conglomérats du Permo-Carbonifère dans le bassin de Rodez","31020100","3",366AC,"3","6","4","2","1"
"1663",366AC02,Grès et conglomérats permiens à passées silto-pelitiques dans le bassin de Saint-Affrique,"31020200","3",366AC,"3","6","1","2","1"
"1664",366AE,"Marnes, argilites et grès du Trias dans le système des Grands Causses",,"2","366","3","4","1","2","4"
"1665",366AE02,"Marnes, argilites et grès du Trias des Grands Causses dans le bassin Adour-Garonne","30020100","3",366AE,"3","6","1","2","1"
"1666",366AE03,"Marnes, argilites et grès du Trias des Grands Causses dans le bassin Rhône Méditerranée","30020100","3",366AE,"3","6","1","2","1"
"1667","368","Schistes, grès et conglomérats du Stéphanien du nord du bassin Adour-Garonne",,"1",,"3","2","4","2","4"
"1668",368AA,"Schistes, grès et conglomérats du Stéphanien du nord du bassin Adour-Garonne",,"2","368","3","4","4","2","4"
"1669",368AA01,"Schistes, grès et conglomérats du Stéphanien du nord du bassin Adour-Garonne","32010100","3",368AA,"3","6","4","2","1"
"1670","370",Socle dans le bassin versant de la Garonne,,"1",,"2","2","2","3","4"
"1671",370AA,Socle du bassin versant du Tarn de sa source au confluent de l'Agout,,"2","370","2","4","2","3","4"
"1672",370AA05,Socle du bassin versant du Tarn du confluent de la Jonte au confluent de la Dourbie auquel est rattaché une partie du bassin du confluent de la Dourbie au confluent du Dourdou,"51010500","3",370AA,"2","6","2","3","1"
"1673",370AA06,Socle du bassin versant du Dourdou et de la Nuéjouls,"51010600","3",370AA,"2","6","2","3","1"
"1674",370AA07,Socle du bassin versant du Tarn du confluent du Dourdou au confluent de la Rance,"51010700","3",370AA,"2","6","2","3","1"
"1675",370AA08,Socle du bassin versant de la Rance,"51010800","3",370AA,"2","6","2","3","1"
"1676",370AA09,Socle du bassin versant du Tarn du confluent de la Rance au confluent du Sarlan,"51010900","3",370AA,"2","6","2","3","1"
"1677",370AA10,Socle du bassin versant du Tarn du confluent du Sarlan (inclus) au confluent de l'Agout,"51011000","3",370AA,"2","6","2","3","1"
"1678",370AA60,Gneiss du bassin versant du Dourdou,"50000","3",370AA,"2","6","2","3","1"
"1679",370AA63,Schistes du bassin versant du Dourdou,"50000","3",370AA,"2","7","1","3","1"
"1680",370AC,Socle du bassin versant de l'Agout,,"2","370","2","4","2","3","4"
"1681",370AC01,Socle du bassin versant de l'Agout de sa source au confluent du Gijou,"51020100","3",370AC,"2","6","2","3","1"
"1682",370AC02,Socle du bassin versant du Gijou,"51020200","3",370AC,"2","6","2","3","1"
"1683",370AC03,Socle du bassin versant de l'Agout du confluent du Gijou au confluent du Thoré,"51020300","3",370AC,"2","6","2","3","1"
"1684",370AC04,Schistes du bassin versant de Thoré,"51020400","3",370AC,"2","6","2","3","1"
"1685",370AC05,Socle du bassin versant du Sor,"51020500","3",370AC,"2","6","2","3","1"
"1686",370AC07,Socle du bassin versant du Dadou,"51020700","3",370AC,"2","6","2","3","1"
"1687",370AC08,Granites et gneiss dans le B.V. du Thoré,"50050","3",370AC,"2","6","2","3","1"
"1688",370AC50,Micaschistes dans le bassin versant du Tarn (du confluent de l'Agout au confluent de l'Aveyron),"50000","3",370AC,"2","7","1","3","1"
"1689",370AC51,Granites et gneiss dans le bassin versant du Tarn (du confluent de l'Agout au confluent de l'Aveyron),"50050","3",370AC,"2","6","2","3","1"
"1690",370AE,Socle de l'Uhr Aveyron,,"2","370","2","4","2","3","4"
"1691",370AE01,Socle du bassin versant de l'Aveyron de sa source au confluent de la Briane haute,"51030100","3",370AE,"2","6","2","3","1"
"1692",370AE02,Socle du bassin versant de l'Aveyron du confluent de la Briane haute (incluse) au confluent de l'Alzou,"51030200","3",370AE,"2","6","2","3","1"
"1693",370AE03,Socle du bassin versant de la Serene,"51030300","3",370AE,"2","6","2","3","1"
"1694",370AE04,Socle du bassin versant du Viaur de sa source au confluent du Ceor,"51030400","3",370AE,"2","6","2","3","1"
"1695",370AE05,Socle du bassin versant du Viaur du confluent du Ceor (inclus) au confluent du Lézert,"51030500","3",370AE,"2","6","2","3","1"
"1696",370AE06,Socle du bassin versant du Viaur du confluent du Lézert (inclus) au confluent de l'Aveyron,"51030600","3",370AE,"2","6","2","3","1"
"1697",370AE07,Socle du bassin versant de l'Aveyron du confluent du Viaur au confluent de la Vère,"51030700","3",370AE,"2","6","2","3","1"
"1698",370AE08,Socle du bassin versant de l'Alzou,"51030800","3",370AE,"2","6","2","3","1"
"1699",370AG,Socle de l'Uhr Truyère,,"2","370","2","4","2","3","4"
"1700",370AG10,"Formations du Massif plutonique de la Margeride, Lot amont","51040400","3",370AG,"2","6","4","3","1"
"1701",370AG20,Formations métamorphiques du groupe leptyno-amphibolique du bassin de la Haute-Truyère,"51040500","3",370AG,"2","6","2","3","1"
"1702",370AG30,Formations métamorphiques (gneiss et micaschiste) du bassin de la haute vallée du Goul,"51040600","3",370AG,"2","5","2","3","1"
"1703",370AG40,"Formations métamorphiques (gneiss, paragneiss et orthogneiss) du bassin de la Haute-Truyère","51040700","3",370AG,"2","6","2","3","1"
"1704",370AG50,"Massif plutonique de Veinazes, bassin de la haute vallée du Goul","51040800","3",370AG,"2","6","4","3","1"
"1705",370AG60,Massif plutonique du Pont de Tréboule,"51040500","3",370AG,"2","6","4","3","1"
"1706",370AG90,Socle sous volcanisme du bassin versant de la Truyère du confluent de l'Endesques au confluent du Lot,"51040600","3",370AG,"2","6","2","3","1"
"1707",370AG91,Socle sous volcanisme du bassin versant de la Truyère du confluent du Bes au confluent de l'Endesques (inclus),"51040700","3",370AG,"2","6","2","3","1"
"1708",370AG92,Socle sous volcanisme du bassin versant de la Truyère du confluent de la Ribeyre au confluent du Bes,"51040800","3",370AG,"2","6","2","3","1"
"1709",370AH,Socle de l'Uhr Lot aval,,"2","370","2","4","2","3","4"
"1710",370AH02,Socle du bassin versant du Lot du confluent du Dourdou au confluent du Célé,"51050200","3",370AH,"2","6","2","3","1"
"1711",370AH10,"Formations métamorphiques (schistes sériciteux) de Vieillevie-Conques-Engualiès, bassin du Lot jusqu'à la confluence avec le Dourdou","51050100","3",370AH,"2","7","2","3","1"
"1712",370AH20,Massif plutonique (granite porphyroide) de Veinazes - Socle de l'Uhr Lot aval,"51050300","3",370AH,"2","6","4","3","1"
"1713",370AH30,"Formations métamorphiques aquifère (micaschiste), bassin du ru. du Gaston amont","51050300","3",370AH,"2","5","2","3","1"
"1714",370AH40,Massif plutonique de la Margeride (Uhr Lot aval),"51050300","3",370AH,"2","5","4","3","1"
"1715",370AJ,Socle de l'Uhr du Cele,,"2","370","2","4","2","3","4"
"1716",370AJ10,Formations métamorphiques (Schistes sériciteux) du bassin versant du Célé de sa source à la confluence avec la Rance,"51060300","3",370AJ,"2","7","2","3","1"
"1717",370AJ20,"Massif plutonique (Granites, granodiorites) dans le bassin versant de la Rance à la confluence avec le Célé","51060400","3",370AJ,"2","6","4","3","1"
"1718",370AJ30,"Formations métamorphiques (Gneiss, micaschistes) du bassin versant de la Rance aval et du ru. Noir aval","51060300","3",370AJ,"2","6","2","3","1"
"3819",972AF05,Laves du Morne Jacob,"220","3",972AF,"3","5","6","5","1"
"1719",370AJ40,Massif plutonique (Granite porphyroïde) de Veinazes - bassin versant du Célé amont,"51060400","3",370AJ,"2","6","2","3","1"
"1720",370AJ50,Formations métamorphiques (Micaschistes) dans le bassin de la Rance amont,"51060300","3",370AJ,"2","5","2","3","1"
"1721",370AJ60,Roches plutoniques (Leucogranites) dans le bassin versant du ruisseau noir,"51060400","3",370AJ,"2","6","2","3","1"
"1722",370AJ70,"Formations métamorphiques de type Limousin - Unité de St-Paul de Vern-Terrou (Orthogneiss, gneiss) dans le bassin versant du Célé","51060300","3",370AJ,"2","6","2","3","1"
"1723",370AJ80,"Formations métamorphiques de type Limousin - Unité de Leyme (Quartzites, micaschistes, gneiss, orthogneiss) dans le bassin versant du Celé","51060400","3",370AJ,"2","6","2","3","1"
"1724",370AK,Socle de l'Uhr Lot amont,,"2","370","2","4","2","3","4"
"1725",370AK01,Socle du bassin versant du Lot de sa source au confluent de la Colagne,"51070100","3",370AK,"2","6","2","3","1"
"1726",370AK02,Socle du bassin versant de la Colagne,"51070200","3",370AK,"2","6","2","3","1"
"1727",370AK03,Socle du bassin versant du Lot du confluent de la Colagne au confluent de la Truyère,"51070300","3",370AK,"2","6","2","3","1"
"1728",370AL,Socle de l'Uhr Tarn amont,,"2","370","2","4","2","3","4"
"1729",370AL01,Socle du bassin versant du Tarn de sa source au confluent de la Jonte (incluse),"51080100","3",370AL,"2","6","2","3","1"
"1730",370AL04,Socle du bassin versant de la Dourbie,"51080400","3",370AL,"2","6","2","3","1"
"1731",370AL41,Schistes des Cévennes dans le bassin versant de la Dourbie,"50000","3",370AL,"2","7","4","3","1"
"1732",370AL42,Granites des Cévennes dans le bassin versant de la Dourbie,"50050","3",370AL,"2","6","4","3","1"
"1733","372",Socle du bassin versant de la Dordogne,,"1",,"2","2","2","3","4"
"1734",372AA,Socle du bassin versant de la Dordogne de sa source au confluent de l'Auze,,"2","372","2","4","2","3","4"
"1735",372AA01,Socle du bassin versant de la Dordogne de sa source au confluent du Chavanon (inclus),"52010100","3",372AA,"2","6","2","3","1"
"1736",372AA02,Socle dans le bassin versant de la Dordogne du Dognon au Lys (inclus) sur le granite d'Ussel,"52010200","3",372AA,"2","5","2","3","1"
"1737",372AA03,Socle du bassin versant de l'Etoile de sa source à la Dordogne,"52010300","3",372AA,"2","6","2","3","1"
"1738",372AA04,Socle du bassin versant de la Dordogne du Lys à la Rhue,"52010400","3",372AA,"2","6","2","3","1"
"1739",372AA05,Socle du bassin versant de la Rhue de sa source au confluent de la Santoire,"52010500","3",372AA,"2","6","2","3","1"
"1740",372AA06,Socle du bassin versant de la Santoire,"52010600","3",372AA,"2","6","2","3","1"
"1741",372AA07,Socle du bassin versant de la Rhue du confluent de la Santoire au confluent de la Rhue de Cheylade,"52010700","3",372AA,"2","6","2","3","1"
"1742",372AA08,Socle du bassin versant de la Rhue de Cheylade,"52010800","3",372AA,"2","6","2","3","1"
"1743",372AA09,Socle du bassin versant de la Rhue du confluent de la Rhue de Cheylade au confluent de la Dordogne,"52010900","3",372AA,"2","6","2","3","1"
"1744",372AA10,Socle du bassin versant de la Dordogne de la Rhue à la Sumene sur le granite d'Ussel,"52011000","3",372AA,"2","5","2","3","1"
"1745",372AA11,Socle du bassin versant de la Diege de la Liege à la Dordogne sur le granite d'Ussel,"52011100","3",372AA,"2","5","2","3","1"
"1746",372AA12,Socle du bassin versant de la Diege de sa source à la Liege sur les unités métamorphiques d'Ussel,"52011200","3",372AA,"2","6","2","3","1"
"1747",372AA13,Socle du bassin versant de la Liege de sa source à la Diege sur les unités métamorphiques d'Ussel,"52011300","3",372AA,"2","5","2","3","1"
"1748",372AA14,Socle du bassin versant de la Sarsonne de sa source à la Diege,"52011400","3",372AA,"2","5","2","3","1"
"1749",372AA15,Socle du bassin versant de la Gane de sa source à la Diege,"52011500","3",372AA,"2","5","2","3","1"
"1750",372AA16,Socle dans le bassin versant de la Dordogne du confluent du Chavanon au confluent de la Rhue non inclus,"52011600","3",372AA,"2","6","2","3","1"
"1751",372AA17,Socle du bassin versant de la Sumène,"52011700","3",372AA,"2","6","2","3","1"
"1752",372AA18,Socle dans le bassin versant de la la Dordogne et la Triouzoune de la Rhue à la Triouzoune sur les unités métamorphiques d'Ussel,"52011800","3",372AA,"2","5","2","3","1"
"1753",372AA19,Socle du Labiou de sa source à la Dordogne,"52011900","3",372AA,"2","6","2","3","1"
"1754",372AA20,Socle de la Dordogne du Labiou à l'Auze sur les unités métamorphiques d'Ussel,"52012000","3",372AA,"2","6","2","3","1"
"1755",372AC,Socle du bassin versant de la Dordogne du confluent de l'Auze (incluse) au confluent de la Cère (incluse),,"2","372","2","4","2","3","4"
"1756",372AC01,Socle du bassin versant de la Dordogne du confluent de l'Auze (incluse) au confluent de la luzège,"52020100","3",372AC,"2","6","2","3","1"
"1757",372AC02,Socle du bassin versant de la Luzège de sa source à la Dordogne,"52020200","3",372AC,"2","6","2","3","1"
"1758",372AC03,Socle du bassin versant du Vianon de sa source à la Luzège sur les unités métamorphiques du Limousin (uig),"52020300","3",372AC,"2","6","2","3","1"
"1759",372AC04,Socle du bassin versant de la Dordogne de l'Auze à la Maronne sur les unités métamorphiques (upa) et les leucogranites du Plateau de Millevache,"52020400","3",372AC,"2","6","2","3","1"
"1760",372AC05,Socle du bassin versant de la Glane de Serviere de la source à la Dordogne sur les leucogranites du plateau de Millevache,"52020500","3",372AC,"2","6","2","3","1"
"1761",372AC06,Socle du bassin versant du Doustre de sa source à la Dordogne sur les leucogranites du Plateau de Millevache,"52020600","3",372AC,"2","5","2","3","1"
"1762",372AC07,Socle du bassin versant du Gagnoux de sa source au Doustre sur les unités métamorphiques du Limousin (upm),"52020700","3",372AC,"2","6","2","3","1"
"1763",372AC08,Socle du bassin versant de la Souvigne de sa source à la Dordogne sur les unités métamorphiques du Limousin (uig),"52020800","3",372AC,"2","6","2","3","1"
"1764",372AC09,Socle du bassin versant de la Maronne de sa source au confluent de la Bertrande (incluse),"52020900","3",372AC,"2","6","2","3","1"
"1765",372AC10,Socle du bassin versant de la Maronne du confluent de la Bertrande au confluent de la Dordogne,"52021000","3",372AC,"2","6","2","3","1"
"1766",372AC11,Socle du bassin versant de la Dordogne du confluent de la Maronne au confluent de la Cère,"52021100","3",372AC,"2","6","2","3","1"
"1767",372AC12,Socle du bassin versant de la Cère de sa source au confluent du Roannes (inclus),"52021200","3",372AC,"2","6","2","3","1"
"1768",372AC13,Socle du bassin versant de la Cère du confluent du Roannes au confluent de l'Auze (incluse),"52021300","3",372AC,"2","6","2","3","1"
"1769",372AC14,Socle du bassin versant du ruisseau des Orgues et ses affluents de la source à la Cere,"52021400","3",372AC,"2","6","2","3","1"
"1770",372AC15,Socle du bassin versant de la Cere de l'Escalmels au ruisseau des Orgues,"52021500","3",372AC,"2","6","2","3","1"
"1771",372AC16,Socle du bassin versant de la Cere du Joubert à l'Escalmels,"52021600","3",372AC,"2","6","2","3","1"
"2056",404AK03,Grès et conglomérats du Permo-Trias du massif de l'Igountze,"63110300","3",404AK,"2","5","2","4","1"
"1772",372AC17,Socle du bassin versant de l'Escalmels et ses affluents de sa source à la Cere,"52021700","3",372AC,"2","6","2","3","1"
"1773",372AC18,Socle du bassin versant de la Cere du ruisseau des Orgues à la fin du socle du Massif central,"52021800","3",372AC,"2","6","2","3","1"
"1774",372AC19,Socle dans le bassin versant de la Soudeillette de sa source à la Luzège sur les leucogranites du Plateau de Millevache,"52021900","3",372AC,"2","5","2","3","1"
"1775",372AE,Socle du bassin versant de la Dordogne du confluent de la Cère au confluent de la Vézère,,"2","372","2","4","2","3","4"
"1776",372AE01,Socle du bassin versant de la Bave et du Mamoul,"52030100","3",372AE,"2","6","2","3","1"
"1777",372AE02,Socle du bassin versant de la Sourdoire,"52030200","3",372AE,"2","6","2","3","1"
"1778",372AE03,Socle du bassin versant de l'Ouysse,"52030300","3",372AE,"2","6","2","3","1"
"1779",372AG,Socle du bassin versant de la Vézère de sa source au confluent de la Corrèze (incluse),,"2","372","2","4","2","3","4"
"1780",372AG01,Socle du bassin versant de la Vézère de sa source au confluent de la Soudaine sur les leucogranites du Plateau de Millevache,"52040100","3",372AG,"2","5","2","3","1"
"1781",372AG02,Socle du bassin versant de la Soudaine,"52040200","3",372AG,"2","6","2","3","1"
"1782",372AG03,Socle du bassin versant de la Vézère du confluent de la Soudaine au confluent du Bradascou (inclus) sur les unités métamorphiques du Limousin,"52040300","3",372AG,"2","6","2","3","1"
"1783",372AG04,Socle du bassin versant de la Vézère et ses affluents du confluent du Bradascou à la fin du socle du Massif central (bassin de Brive) sur les unités métamorphiques du Limousin (usg),"52040400","3",372AG,"2","5","2","3","1"
"1784",372AG05,Socle du bassin versant de la Loyre de sa source à la fin du socle du Massif central (bassin de Brive) sur les unités métamorphiques du Limousin (usg),"52040500","3",372AG,"2","6","2","3","1"
"1785",372AG06,Socle du bassin versant du Maine de sa source à la fin du socle du Massif central (bassin de Brive) sur les unités métamorphiques du Limousin (unité de Thiviers-Payzac),"52040600","3",372AG,"2","6","2","3","1"
"1786",372AG07,Socle du bassin versant du Roseix et ses affluents de sa source à la fin du socle du Massif central (bassin de Brive) sur les unités métamorphiques du Limousin (unité de Thiviers-Payzac),"52040700","3",372AG,"2","6","2","3","1"
"1787",372AG08,Socle du bassin versant de la Corrèze de sa source au confluent de la Vimbelle,"52040800","3",372AG,"2","5","2","3","1"
"1788",372AG09,Socle du bassin versant de la Vimbelle,"52040900","3",372AG,"2","6","2","3","1"
"1789",372AG10,Socle du bassin versant de la Montane de sa source au confluent de la Saint-Bonnette sur les leucogranites du Plateau de Millevache,"52041000","3",372AG,"2","5","2","3","1"
"1790",372AG11,Socle du bassin versant de la Saint-Bonnette de sa source à la Corrèze (Montane exclue),"52041100","3",372AG,"2","5","2","3","1"
"1791",372AG12,Socle du bassin versant de la Corrèze du confluent de la Vimbelle à la fin du socle du Massif central (bassin de Brive) (Saint-Bonnette et Roanne amont exclues),"52041200","3",372AG,"2","6","2","3","1"
"1792",372AG13,Socle du bassin versant de la Roanne de sa source au confluent du Coiroux,"52041300","3",372AG,"2","6","2","3","1"
"1793",372AG14,Socle du bassin versant du Maumont blanc de sa source au confluent du Chauvignac (inclus) sur les intrusions granitoïdiques du Limousin,"52041400","3",372AG,"2","5","2","3","1"
"1794",372AG15,Socle du bassin versant du Maumont blanc du confluent du Chauvignac à la fin du socle du Massif central (bassin de Brive) sur les unités métamorphiques du Limousin,"52041500","3",372AG,"2","6","2","3","1"
"1795",372AG16,Socle du bassin versant du Clan de sa source à la fin du socle du Massif central (bassin de Brive) sur les unités métamorphiques du Limousin,"52041600","3",372AG,"2","6","2","3","1"
"1796",372AI,Socle du bassin versant de la Vézère du confluent de la Corrèze au confluent de la Dordogne,,"2","372","2","4","2","3","4"
"1797",372AI01,Socle du bassin versant de la Vézère du confluent de la Corrèze au confluent du Cern,"52050100","3",372AI,"2","6","2","3","1"
"1798",372AI02,Socle du bassin versant de la Vézère du confluent du Cern (inclus) au confluent du Thonac (inclus),"52050200","3",372AI,"2","6","2","3","1"
"1799",372AK,Socle du bassin versant de l'isle de sa source au confluent de la Dronne,,"2","372","2","4","2","3","4"
"1800",372AK01,Socle du bassin versant de l'Isle du confluent du Périgord (inclus) au confluent de la Loue,"52060100","3",372AK,"2","6","2","3","1"
"1801",372AK02,Socle du bassin versant de l'Isle de sa source au confluent du Périgord,"52060200","3",372AK,"2","6","2","3","1"
"1802",372AK03,Socle du bassin versant dans le bassin versant de la Loue,"52060300","3",372AK,"2","6","2","3","1"
"1803",372AK04,Socle du bassin versant de l'Auvézère de sa source au confluent des Belles-Dames,"52060400","3",372AK,"2","6","2","3","1"
"1804",372AK05,Socle du bassin versant de l'Auvézère du confluent des Belles-Dames (incluse) au confluent de l'Isle,"52060500","3",372AK,"2","6","2","3","1"
"1805",372AM,Socle du bassin versant de la Dronne,,"2","372","2","4","2","3","4"
"1806",372AM01,Socle du bassin versant de la Dronne de sa source au confluent de la Cole (incluse),"52070100","3",372AM,"2","6","2","3","1"
"1807","374",Socle du bassin versant de la Charente,,"1",,"2","2","2","3","4"
"1808",374AA,Socle du bassin versant de la Charente de sa source au confluent de laTardoire,,"2","374","2","4","2","3","4"
"1809",374AA01,Socle du bassin versant de la Charente de sa source au confluent de la Bonnieure,"53010100","3",374AA,"2","6","2","3","1"
"1810",374AC,Socle du bassin versant de la Bonnieure,,"2","374","2","4","2","3","4"
"1811",374AC01,Socle du bassin versant de la Tardoire de sa source au confluent du Bandiat,"53020100","3",374AC,"2","6","2","3","1"
"1812",374AC02,Socle du bassin versant de la Tardoire et la Colle de leurs sources à leur confluent,"53020200","3",374AC,"2","6","2","3","1"
"1813",374AC03,Socle du bassin versant de la Tardoire du confluent de la Colle au confluent du Trieux sur les leucogranites et unités métamorphiques du Limousin,"53020300","3",374AC,"2","6","2","3","1"
"1814",374AC04,Socle dans le bassin versant du Trieux sur les leucogranites du Limousin,"53020400","3",374AC,"2","5","2","3","1"
"1815",374AC05,Socle du bassin versant du Bandiat,"53020500","3",374AC,"2","6","2","3","1"
"1816",374AC06,Socle du bassin versant de la Bonnieure,"53020600","3",374AC,"2","6","2","3","1"
"1817",374AE,Socle du bassin versant de la Boutonne,,"2","374","2","3","2","3","1"
"1818",374AE01,"Socle leucogranitique de Pied-Pouzin affleurant dans la vallée de la Béronne, au nord de Melle","53000000","3",374AE,"2","5","2","3","1"
"1819","400",Bassins de la chaîne pyrénéenne,,"1",,X,"2","4","4","4"
"1820",400AA,Sédiments mésozoiques pyrénéens intensivement plissés du bassin de l'Aulnus,,"2","400","3","4","4","4","4"
"1821",400AA01,Flyschs crétacés du bassin d'Aulus,"61010100","3",400AA,"2","6","2","4","1"
"1822",400AA02,Calcaires à faciès Urgonien du Crétacé inférieur du bassin d'Aulus,"61010200","3",400AA,"2","5","5","4","1"
"1823",400AA03,Marnes et calcaires argileux du Crétacé inférieur du bassin d'Aulus,"61010300","3",400AA,X,"7","1","4","1"
"1824",400AA04,Calcaires et dolomies du Jurassique du bassin d'Aulus,"61010400","3",400AA,"2","5","5","4","1"
"1825",400AB,Sédiments mésozoiques pyrénéens intensivement plissés du bassin de la dépression de la nive,,"2","400","3","4","4","4","4"
"1826",400AB01,Calcaires du Crétacé inférieur de la dépression de la Nive,"61020100","3",400AB,"2","5","5","4","1"
"1827",400AB02,"Argiles, évaporites et ophites du Trias de la dépression de la Nive","61020200","3",400AB,X,"7","1","4","1"
"1828",400AC,Sédiments mésozoiques pyrénéens intensivement plissés du bassin de Nalzen,,"2","400","3","4","4","4","4"
"1829",400AC01,Flyschs crétacés du bassin de Nalzen,"61030100","3",400AC,"2","6","2","4","1"
"1830",400AC02,"Marnes, calcaires lacustres, et conglomérats du Crétacé dans le bassin de Nalzen","61030200","3",400AC,X,"7","1","4","1"
"1831",400AC03,Calcaires et dolomies du Jurassique inférieur dans le bassin de Nalzen,"61030300","3",400AC,"2","5","5","4","1"
"1832",400AC04,Marnes du Trias supérieur dans le bassin de Nalzen,"61030400","3",400AC,X,"7","1","4","1"
"1833",400AC05,"Calcaires, dolomies et conglomérats du Permo-Trias dans le bassin de Nalzen","61030500","3",400AC,"2","5","5","4","1"
"1834",400AD,Sédiments mésozoiques pyrénéens intensivement plissés du bassin de Salies de Bearn,,"2","400","3","4","4","4","4"
"1835",400AD01,Flyschs et marnes du Crétacé inférieur du bassin de Salies de Béarn,"61040100","3",400AD,"2","6","2","4","1"
"1836",400AD02,Calcaires du Jurassique et du Crétacé inférieur du bassin de Salies de Béarn,"61040200","3",400AD,"2","5","5","4","1"
"1837",400AD03,"Argiles, évaporites et ophites du Trias du bassin de Salies de Béarn","61040300","3",400AD,X,"7","1","4","1"
"1838",400AE,Sédiments mésozoiques pyrénéens intensivement plissés du bassin de Salies de Tarascon,,"2","400","3","4","4","4","4"
"1839",400AE01,Flyschs crétacés du bassin de Tarascon,"61050100","3",400AE,"2","6","2","4","1"
"1840",400AE02,Calcaires à faciès Urgonien du Crétacé inférieur du bassin de Tarascon,"61050200","3",400AE,"2","5","5","4","1"
"1841",400AE03,Marnes et calcaires argileux du Crétacé inférieur du bassin de Tarascon,"61050300","3",400AE,X,"7","1","4","1"
"1842",400AE04,Calcaires et dolomies du Jurassique moyen et supérieur du bassin de Tarascon,"61050400","3",400AE,"2","5","5","4","1"
"1843",400AE05,Argiles du Trias et du Jurassique inférieur du bassin de Tarascon,"61050500","3",400AE,X,"7","1","4","1"
"1844",400AE06,Calcaires du Dévonien moyen et supérieur du bassin de Tarascon,"61050600","3",400AE,"2","5","5","4","1"
"1845",400AF,Bassin du flysch du sud du Bassin aquitain et formations impermeables du front nord pyrénéen,,"2","400","3","4","4","4","4"
"1846",400AF01,Argiles à galets du Pliocène et du Lannemezan du front nord pyrénéen,"61060100","3",400AF,X,"7","1","4","1"
"1847",400AF02,Molasses continentales miocènes (Helvétien à Aquitanien) du front nord pyréneen,"61060200","3",400AF,"2","6","1","4","1"
"1848",400AF03,Molasses continentales oligocènes du front nord pyrénéen,"61060300","3",400AF,"2","6","1","4","1"
"1849",400AF04,Marnes et argiles de l'Eocène du sud du front nord pyrénéen,"61060400","3",400AF,X,"7","1","4","1"
"1850",400AF06,Flyschs crétacés du sud du Bassin aquitain,"61060600","3",400AF,"2","6","2","4","1"
"1851",400AF07,Marnes du Keuper du sud du front nord pyrénéen,"61060700","3",400AF,X,"7","1","4","1"
"1852",400AF08,Grès et dolomie du Permo - Trias du front nord pyrénéen,"61060800","3",400AF,"2","5","4","4","1"
"1853",400AG,Bassin du flysch sud pyrénéen,,"2","400","2","4","4","4","4"
"1854",400AG01,Calcaires et argiles du Paléogène du bassin sud pyrénéen,"61070100","3",400AG,"2","6","1","4","1"
"1855",400AG02,Flyschs du Crétacé sud pyrénéen,"61070200","3",400AG,"2","6","2","4","1"
"1856",400AH,Bassin triasique de Bedous,,"2","400","3","4","4","4","4"
"1857",400AH01,Flyschs du Crétacé du bassin de Bedous,"61080100","3",400AH,"2","6","2","4","1"
"1858",400AH02,Calcaires et grès du Trias du bassin de Bedous,"61080200","3",400AH,"2","5","5","4","1"
"1859",400AH03,"Argiles, évaporites et ophites du Trias du bassin de Bedous","61080300","3",400AH,X,"7","1","4","1"
"1860",400AI,Bassin triasique de Saint Jean Pied de Port,,"2","400","3","4","1","4","4"
"1861",400AI01,"Argiles, évaporites, ophites, calcaires et dolomies du Trias et du Jurassique inférieur du bassin de Saint-Jean-Pied-d- Port","61090100","3",400AI,"3","7","1","4","1"
"1862","402",Chaînons calcaires du Secondaire de la chaîne pyrénéenne,,"1",,X,"1","5","4","4"
"1863",402AA,Chaînons calcaires du Secondaire d'Aspet,,"2","402","3","3","5","4","4"
"1864",402AA01,Argiles à galets du Pliocène et du Lannemezan du chaînon d'Aspet,"62010100","3",402AA,X,"7","1","4","1"
"1865",402AA02,Flyschs crétacés du chaînon d'Aspet,"62010200","3",402AA,"2","6","2","4","1"
"1866",402AA03,Calcaire à faciès Urgonien du Crétacé inférieur du chaînon d'Aspet,"62010300","3",402AA,"2","5","5","4","1"
"1867",402AA04,Marnes et calcaires argileux du Crétacé inférieur du chaînon d'Aspet,"62010400","3",402AA,X,"7","1","4","1"
"1868",402AA05,Calcaires et dolomies du Jurassique moyen et supérieur du chaînon d'Aspet,"62010500","3",402AA,"2","5","5","4","1"
"1869",402AA06,Marnes et calcaires marneux du Jurassique inférieur du chaînon d'Aspet,"62010600","3",402AA,X,"7","1","4","1"
"1870",402AA07,Calcaires et dolomies du Jurassique inférieur du chaînon d'Aspet,"62010700","3",402AA,"2","5","5","4","1"
"1871",402AA08,Argiles bariolées gypsifères du Trias supérieur du chaînon d'Aspet,"62010800","3",402AA,X,"7","1","4","1"
"1872",402AA09,"Calcaires, dolomies et conglomérats du Trias moyen et inférieur du chaînon d'Aspet","62010900","3",402AA,"2","5","5","4","1"
"1873",402AB,Chaînons calcaires du Secondaire de la dépression de Saint-Pee-sur-Nivelle,,"2","402","3","3","5","4","4"
"1874",402AB01,Calcaires du Crétacé inférieur de la dépression de Saint-Pee-sur-Nivelle,"62020100","3",402AB,"2","5","5","4","1"
"1875",402AB02,Calcaires du Jurassique de la dépression de Saint-Pee-sur-Nivelle,"62020200","3",402AB,"2","5","5","4","1"
"1876",402AB03,"Argiles, évaporites, ophites du Trias de la dépression de Saint-Pee-sur-Nivelle","62020300","3",402AB,X,"7","1","4","1"
"1877",402AC,Chaînons calcaires du Secondaire de l'anticlinal de Sainte suzanne,,"2","402","2","3","5","4","4"
"1878",402AC01,Calcaires du Crétacé inférieur de l'anticlinal de Sainte Suzanne,"62030100","3",402AC,"2","5","5","4","1"
"1879",402AC02,Flyschs et marnes du Crétacé inférieur de l'anticlinal de Sainte Suzanne,"62030200","3",402AC,"2","6","2","4","1"
"1880",402AD,Chaînons calcaires du Secondaire de l'Arberoue - Armendarits - Jaxu,,"2","402","3","3","5","4","4"
"1881",402AD01,Calcaires du Crétacé inférieur du massif de l'Arberoue - Armendarits - Jaxu,"62040100","3",402AD,"2","5","5","4","1"
"2057",404AK04,Formation du Paléozoïque supérieur du massif de l'Igountze,"63110400","3",404AK,X,"7","1","4","1"
"1882",402AD02,Calcaires du Jurassique du massif de l'Arberoue - Armendarits - Jaxu,"62040200","3",402AD,"2","5","5","4","1"
"1883",402AD03,Argiles et marnes du Secondaire du massif de l'Arberoue - Armendarits - Jaxu,"62040300","3",402AD,X,"7","1","4","1"
"1884",402AE,Chaînons calcaires du Secondaire de Mont Caup,,"2","402","3","3","5","4","4"
"1885",402AE01,Flyschs crétacés du chaînon de Mont Caup,"62050100","3",402AE,"2","6","2","4","1"
"1886",402AE02,Calcaire à faciès Urgonien du Crétacé inférieur du chaînon de Mont Caup,"62050200","3",402AE,"2","5","5","4","1"
"1887",402AE03,Marnes et calcaires argileux du Crétacé inférieur du chaînon de Mont Caup,"62050300","3",402AE,X,"7","1","4","1"
"1888",402AE04,Calcaires et dolomies du Jurassique moyen et supérieur du chaînon de Mont Caup,"62050400","3",402AE,"2","5","5","4","1"
"1889",402AE05,Argiles et marnes du Jurassique inférieur du chaînon de Mont Caup,"62050500","3",402AE,X,"7","1","4","1"
"1890",402AE06,Calcaires et dolomies du Jurassique inférieur du chaînon de Mont Caup,"62050600","3",402AE,"2","5","5","4","1"
"1891",402AE07,Argiles et marnes du Trias et du Jurassique inférieur du chaînon de Mont Caup,"62050700","3",402AE,X,"7","1","4","1"
"1892",402AE08,"Calcaires, dolomies et conglomérats du Trias moyen et inférieur du chaînon de Mont Caup","62050800","3",402AE,"2","5","5","4","1"
"1893",402AF,Chaînons calcaires du Secondaire de Rebenacq - Montaut,,"2","402","2","3","5","4","4"
"1894",402AF01,Calcaires du Crétacé inférieur du chaînon de Rebenacq - Montaut,"62060100","3",402AF,"2","5","5","4","1"
"1895",402AF02,Calcaires du Jurassique du chaînon de Rebenacq - Montaut,"62060200","3",402AF,"2","5","5","4","1"
"1896",402AF03,Grès et conglomérats du Permo-Trias du chaînon de Rebenacq - Montaut,"62060300","3",402AF,"2","5","1","4","1"
"1897",402AF04,Schistes du Paléozoïque du chaînon de Rebenacq - Montaut,"62060400","3",402AF,"2","6","2","4","1"
"1898",402AG,Chaînons calcaires du Secondaire de Sarrance,,"2","402","3","3","5","4","4"
"1899",402AG01,Calcaires du Crétacé inférieur du chaînon de Sarrance,"62070100","3",402AG,"2","5","5","4","1"
"1900",402AG02,Flyschs et marnes du Crétacé inférieur du chaînon de Sarrance,"62070200","3",402AG,"2","6","2","4","1"
"1901",402AG03,Calcaires du Jurassique moyen et supérieur du chaînon de Sarrance,"62070300","3",402AG,"2","5","5","4","1"
"1902",402AG04,"Argiles, évaporites, ophites, calcaires et dolomies du Trias et du Jurassique inférieur du chaînon de Sarrance","62070400","3",402AG,X,"7","1","4","1"
"1903",402AH,Chaînons calcaires du Secondaire de Sourroque,,"2","402","3","3","5","4","4"
"1904",402AH01,Flyschs crétacés du chaînon de Sourroque,"62080100","3",402AH,"2","6","2","4","1"
"1905",402AH02,Calcaires à faciès Urgonien du Crétacé inférieur du chaînon de Sourroque,"62080200","3",402AH,"2","5","5","4","1"
"1906",402AH03,Marnes et calcaires argileux du Crétacé inférieur du chaînon de Sourroque,"62080300","3",402AH,X,"7","1","4","1"
"1907",402AH04,Calcaires et dolomies du Jurassique moyen et supérieur du chaînon de Sourroque,"62080400","3",402AH,"2","5","5","4","1"
"1908",402AH05,Argiles et marnes du Trias et du Jurassique inférieur du chaînon de Sourroque,"62080500","3",402AH,X,"7","1","4","1"
"1909",402AH06,Gneiss et leptynites du chaînon de Sourroque,"62080600","3",402AH,"2","5","2","4","1"
"1910",402AI,Chaînons calcaires du Secondaire des Baronnies est,,"2","402","3","3","5","4","4"
"1911",402AI01,Argiles à galets du Pliocène et du Lannemezan du chaînon des Baronnies est,"62090100","3",402AI,X,"7","1","4","1"
"1912",402AI02,Flyschs du Crétacé du chaînon des Baronnies est,"62090200","3",402AI,"2","6","2","4","1"
"1913",402AI03,Calcaires à faciès Urgonien du Crétacé inférieur du chaînon des Baronnies est,"62090300","3",402AI,"2","5","5","4","1"
"1914",402AI04,Marnes et calcaires argileux du Crétacé inférieur du chaînon des Baronnies est,"62090400","3",402AI,X,"7","1","4","1"
"1915",402AI05,Calcaires et dolomies du Jurassique moyen et supérieur du chaînon des Baronnies est,"62090500","3",402AI,"2","5","5","4","1"
"1916",402AI06,Marnes du Jurassique inférieur du chaînon des Baronnies est,"62090600","3",402AI,X,"7","1","4","1"
"1917",402AI07,Calcaires et dolomies du Jurassique inférieur du chaînon des Baronnies est,"62090700","3",402AI,"2","5","5","4","1"
"1918",402AI08,Argiles et marnes bariolées gypsifères du Trias du chaînon des Baronnies est,"62090800","3",402AI,X,"7","1","4","1"
"1919",402AI09,"Calcaires, dolomies et conglomérats du Trias moyen et inférieur du chaînon des Baronnies est","62090900","3",402AI,"2","5","5","4","1"
"1920",402AI10,"Schistes, pélites, siltites et ampélites du Dévonien moyen au Cambro-Ordovicien du chaînon des Baronnies est","62091000","3",402AI,"2","6","2","4","1"
"1921",402AJ,Chaînons calcaires du Secondaire des Baronnies ouest,,"2","402","3","3","5","4","4"
"1922",402AJ01,Calcaires à faciès Urgonien du Crétacé inférieur du chaînon des Baronnies ouest,"62100100","3",402AJ,"2","5","5","4","1"
"1923",402AJ02,Marnes et calcaires argileux du Crétacé inférieur du chaînon des Baronnies ouest,"62100200","3",402AJ,X,"7","1","4","1"
"1924",402AJ03,Calcaires et dolomies du Jurassique moyen et supérieur du chaînon des Baronnies ouest,"62100300","3",402AJ,"2","5","5","4","1"
"1925",402AJ04,Marnes du Jurassique inférieur du chaînon des Baronnies ouest,"62100400","3",402AJ,X,"7","1","4","1"
"1926",402AJ05,Calcaires et dolomies du Jurassique inférieur du chaînon des Baronnies ouest,"62100500","3",402AJ,"2","5","5","4","1"
"1927",402AJ06,Argiles et marnes bariolées du Trias supérieur du chaînon des Baronnies ouest,"62100600","3",402AJ,X,"7","1","4","1"
"1928",402AJ07,"Calcaires, dolomies et conglomérats du Trias moyen et inférieur du chaînon des Baronnies ouest","62100700","3",402AJ,"2","5","5","4","1"
"1929",402AK,Chaînons calcaires des formations paleogènes du front nord pyrénéen,,"2","402","2","3","5","4","4"
"1930",402AK01,Calcaires et marnes de l'Eocène moyen du front nord pyrénéen,"62110100","3",402AK,"2","6","1","4","1"
"1931",402AK02,"Calcaires, calcaires dolomitiques et marnes du Paléocène du front nord pyrénéen","62110200","3",402AK,"2","5","5","4","1"
"1932",402AL,Chaînons calcaires du Secondaire des petites Pyrénées est,,"2","402","3","3","5","4","4"
"1933",402AL01,Argiles à galets du Pliocène et du Lannemezan des chaînons des Petites Pyrénées est,"62120100","3",402AL,X,"7","1","4","1"
"1934",402AL02,Molasses continentales miocènes (Helvétien à Aquitanien) des chaînons des Petites Pyrénées est,"62120200","3",402AL,"2","6","1","4","1"
"1935",402AL03,Molasses continentales oligocènes des chaînons des Petites Pyrénées est,"62120300","3",402AL,"2","6","1","4","1"
"1936",402AL04,Molasses éocènes des chaînons des Petites Pyrénées est,"62120400","3",402AL,"2","6","1","4","1"
"1937",402AL05,"Sables, grès et calcaires gréseux de l'Eocène inférieur basal des chaînons des Petites Pyrénées est","62120500","3",402AL,"2","5","1","4","1"
"2058",404AK05,Calcaires du Paléozoïque supérieur du massif de l'Igountze,"63110500","3",404AK,"2","5","5","4","1"
"1938",402AL06,"Calcaires, grès et marnes du Paléocène des chaînons des Petites Pyrénées est","62120600","3",402AL,"2","5","5","4","1"
"1939",402AL07,"Marnes, calcaires et grès du Crétacé supérieur des chaînons des Petites Pyrénées est","62120700","3",402AL,"2","6","4","4","1"
"1940",402AL08,"Argiles, évaporites et marnes du Trias supérieur des chaînons des Petites Pyrénées est","62120800","3",402AL,X,"7","1","4","1"
"1941",402AM,Chaînons calcaires du Secondaire des petites Pyrénées ouest,,"2","402","3","3","5","4","4"
"1942",402AM01,Argiles à galets du Pliocène et du Lannemezan des chaînons des Petites Pyrénées ouest,"62130100","3",402AM,X,"7","1","4","1"
"1943",402AM02,Molasses continentales miocènes (Helvétien à Aquitanien) des chaînons des Petites Pyrénées ouest,"62130200","3",402AM,"2","6","1","4","1"
"1944",402AM04,Molasses éocènes des chaînons des Petites Pyrénées ouest,"62130400","3",402AM,"2","6","1","4","1"
"1945",402AM05,"Sables, grès et calcaires gréseux de l'Eocène inférieur basal des chaînons des Petites Pyrénées ouest","62130500","3",402AM,"2","5","1","4","1"
"1946",402AM06,"Calcaires, grès et marnes du Paléocène des chaînons des Petites Pyrénées ouest","62130600","3",402AM,"2","5","5","4","1"
"1947",402AM07,"Marnes, calcaires et grès du Crétacé supérieur des chaînons des Petites Pyrénées ouest","62130700","3",402AM,"2","6","4","4","1"
"1948",402AM08,"Argiles, évaporites et marnes du Trias supérieur des chaînons des Petites Pyrénées ouest","62130800","3",402AM,X,"7","1","4","1"
"1949",402AN,Chaînons calcaires du Secondaire du Massif de la Pierre Saint Martin,,"2","402","2","3","5","4","4"
"1950",402AN01,Flysch du massif de La Pierre Saint Martin,"62140100","3",402AN,"2","6","2","4","1"
"1951",402AN02,Calcaires des Canyons du Crétacé supérieur du massif de La Pierre Saint Martin,"62140200","3",402AN,"2","5","5","4","1"
"1952",402AO,Chaînons calcaires du Secondaire du Massif des Arbailles,,"2","402","3","3","5","4","4"
"1953",402AO01,Calcaires du Crétacé inférieur du Massif des Arbailles,"62150100","3",402AO,"2","5","5","4","1"
"1954",402AO02,Marnes noires du Crétacé inférieur (Aptien-Albien) du Massif des Arbailles,"62150200","3",402AO,X,"7","1","4","1"
"1955",402AO03,Calcaires du Jurassique moyen et supérieur du Massif des Arbailles,"62150300","3",402AO,"2","5","5","4","1"
"1956",402AO04,"Argiles, évaporites et ophites du Trias et du Jurassique inférieur du Massif des Arbailles","62150400","3",402AO,X,"7","1","4","1"
"1957",402AO05,Grès et conglomérats du Trias du Massif des Arbailles,"62150500","3",402AO,"2","5","1","4","1"
"1958",402AO06,Schistes du Paléozoïque supérieur du Massif des Arbailles,"62150600","3",402AO,"2","6","2","4","1"
"1959",402AP,Chaînons calcaires du Secondaire du Massif des eaux bonnes,,"2","402","2","3","5","4","4"
"1960",402AP01,Calcaires des Canyons du Crétacé supérieur du massif des Eaux Bonnes,"62160100","3",402AP,"2","5","5","4","1"
"1961",402AP02,Flyschs et marnes du Paléozoïque et du mesozoique du massif des Eaux Bonnes,"62160200","3",402AP,"2","6","2","4","1"
"1962",402AP03,Calcaires du Paléozoïque supérieur et du Trias du massif des Eaux Bonnes,"62160300","3",402AP,"2","5","5","4","1"
"1963",402AQ,Chaînons calcaires du Secondaire du nord Arize,,"2","402","3","3","5","4","4"
"1964",402AQ01,Flyschs crétacés du nord Arize,"62170100","3",402AQ,"2","6","2","4","1"
"1965",402AQ02,Calcaires à faciès Urgonien du Crétacé inférieur du nord Arize,"62170200","3",402AQ,"2","5","5","4","1"
"1966",402AQ03,Marnes et calcaires argileux du Crétacé inférieur du nord Arize,"62170300","3",402AQ,X,"7","1","4","1"
"1967",402AQ04,Calcaires et dolomies du Jurassique moyen et supérieur du nord Arize,"62170400","3",402AQ,"2","5","5","4","1"
"1968",402AQ05,Argiles et marnes bariolées gypsifères du Trias supérieur du nord Arize,"62170500","3",402AQ,X,"7","1","4","1"
"1969",402AQ06,"Calcaires, dolomies et conglomérats du Trias moyen et inférieur du nord Arize","62170600","3",402AQ,"2","5","5","4","1"
"1970",402AR,Formations majoritairement carbonatées du Pays de Sault,,"2","402","3","3","5","4","1"
"1971",402AR10,Marnes et calcaires argileux de l'Albien du Pays de Sault,"63100905","3",402AR,"2","6","4","4","1"
"1972",402AR11,Calcaires et dolomies du Trias au Crétacé du Pays de Sault,"63100910","3",402AR,"2","5","5","4","1"
"1973",402AR12,Marbres du Jurassique et Crétacé du Pays de Sault,"63100920","3",402AR,"2","5","5","4","1"
"1974",402AR13,"Schistes, micaschistes et gneiss des massifs nord-pyrénéens de Bessède-de-Sault et de Montjoie","63100940","3",402AR,X,"7",X,"4","1"
"1975",402AR14,Calcaires et schistes du Dévonien et flyschs gréso-pélitiques du Carbonifère du Pays de Sault,"63100930","3",402AR,"2","5","5","4","1"
"1976",402AS,Chaînons calcaires du Secondaire du Plantaurel et du Pech de Foix,,"2","402","3","3","5","4","4"
"1977",402AS01,Molasses éocènes des chaînons du Plantaurel et du Pech de Foix,"62190100","3",402AS,"2","6","1","4","1"
"1978",402AS02,"Calcaires, grès et calcaires gréseux de l'Eocène inférieur des chaînons du Plantaurel et du Pech de Foix","62190200","3",402AS,"2","5","1","4","1"
"1979",402AS03,"Calcaires, grès et marnes du Paléocène des chaînons du Plantaurel et du Pech de Foix","62190300","3",402AS,"2","5","5","4","1"
"1980",402AS04,"Grès, calcaires et marnes du Crétacé supérieur des chaînons du Plantaurel et du Pech de Foix","62190400","3",402AS,"3","5","4","4","1"
"1981",402AS05,Calcaires à faciès Urgonien du Crétacé inférieur des chaînons du Plantaurel et du Pech de Foix,"62190500","3",402AS,"2","5","5","4","1"
"1982",402AS06,Marnes et calcaires argileux du Crétacé inférieur des chaînons du Plantaurel et du Pech de Foix,"62190600","3",402AS,X,"7","1","4","1"
"1983",402AS07,Calcaires et dolomies du Jurassique des chaînons du Plantaurel et du Pech de Foix,"62190700","3",402AS,"2","5","5","4","1"
"1984",402AS08,Marnes gypsifères du Trias supérieur des chaînons du Plantaurel et du Pech de Foix,"62190800","3",402AS,X,"7","1","4","1"
"1985",402AT,Chaînons calcaires du Secondaire de Ahargou - Layens - Montagnou,,"2","402","3","3","5","4","4"
"1986",402AT01,Calcaires du Crétacé inférieur des massifs de Ahargou - Layens - Montagnou,"62200100","3",402AT,"2","5","5","4","1"
"1987",402AT02,Calcaires du Jurassique moyen et supérieur des massifs de Ahargou - Layens - Montagnou,"62200200","3",402AT,"2","5","5","4","1"
"1988",402AT03,Formations imperméables du Secondaire des massifs de Ahargou - Layens - Montagnou,"62200300","3",402AT,X,"7","1","4","1"
"1989",402AT04,Calcaires du Trias des massifs de Ahargou - Layens - Montagnou,"62200400","3",402AT,"2","5","5","4","1"
"1990",402AU,Chaînons calcaires du Secondaire de Durban - Betharram,,"2","402","3","3","5","4","4"
"1991",402AU01,Calcaires du Crétacé inférieur des chaînons de Durban - Betharram,"62210100","3",402AU,"2","5","5","4","1"
"1992",402AU02,Flyschs et marnes du Crétacé inférieur des chaînons de Durban - Betharram,"62210200","3",402AU,"2","6","2","4","1"
"2256",515AP08,Unité karstique du plateau de Lamoura - La Pesse,"750","3",515AP,"2","5","3","2","1"
"1993",402AU03,Calcaires du Jurassique moyen et supérieur des chaînons de Durban - Betharram,"62210300","3",402AU,"2","5","5","4","1"
"1994",402AU04,Marnes du Trias et du Jurassique inférieur des chaînons de Durban - Betharram,"62210400","3",402AU,X,"7","1","4","1"
"1995",402AV,Chaînons calcaires du Secondaire du mail Arrouy - Arudy,,"2","402","3","3","5","4","4"
"1996",402AV01,Calcaires du Crétacé inférieur des chaînons du Mail Arrouy - Arudy,"62220100","3",402AV,"2","5","5","4","1"
"1997",402AV02,Flyschs et marnes du Crétacé inférieur des chaînons du Mail Arrouy - Arudy,"62220200","3",402AV,"2","6","2","4","1"
"1998",402AV03,Calcaires du Jurassique moyen et supérieur des chaînons du Mail Arrouy - Arudy,"62220300","3",402AV,"2","5","5","4","1"
"1999",402AV04,Marnes du Trias et du Jurassique inférieur des chaînons du Mail Arrouy - Arudy,"62220400","3",402AV,X,"7","1","4","1"
"2000","404",Massifs de la chaîne pyrénéenne,,"1",,X,"2","2","4","4"
"2001",404AA,Massif de Bassies,,"2","404","2","3","2","4","4"
"2002",404AA01,Granitoïdes de Bassiès,"63010100","3",404AA,"2","5","2","4","1"
"2003",404AB,Massif de Baygoura,,"2","404","3","4","2","4","4"
"2004",404AB01,"Argiles, évaporites, ophites, calcaires et dolomies du Trias du massif de Baygoura","63020100","3",404AB,X,"7","1","4","1"
"2005",404AB02,Grès et conglomérats du Permo-Trias du massif de Baygoura,"63020200","3",404AB,"2","5","1","4","1"
"2006",404AB03,Schistes du Paléozoïque inférieur du massif de Baygoura,"63020300","3",404AB,"2","6","2","4","1"
"2007",404AC,Massif de Bellongue,,"2","404","3","4","2","4","4"
"2008",404AC01,"Pélites, grès et calcaires (faciès culm) du Carbonifère du massif de Bellongue","63030100","3",404AC,X,"7","1","4","1"
"2009",404AC02,Calcaires du Dévonien moyen et supérieur du massif de Bellongue,"63030200","3",404AC,"2","5","5","4","1"
"2010",404AC03,"Schistes, pélites, siltites et ampélites du Dévonien moyen au Cambro-Ordovicien du massif de Bellongue","63030300","3",404AC,"2","6","2","4","1"
"2011",404AD,Massif de Bethmale-Castillon-Heran,,"2","404","2","4","2","4","4"
"2012",404AD01,Flyschs crétacés du massif de Bethmale-Castillon-Héran,"63040100","3",404AD,"2","6","2","4","1"
"2013",404AD02,"Schistes, pélites, siltites et ampélites du Dévonien moyen au Cambro-Ordovicien du massif de Bethmale-Castillon-Heran","63040200","3",404AD,"2","6","2","4","1"
"2014",404AD03,Granitoïdes de Bethmale et de Castillon,"63040300","3",404AD,"2","5","2","4","1"
"2015",404AD04,Gneiss et leptynites de Bethmale et Héran,"63040400","3",404AD,"2","5","2","4","1"
"2016",404AE,Massif de Brassac-Garrasoula-Arize-Trois-Seigneurs-Saint Barthélemy,,"2","404","3","4","2","4","4"
"2017",404AE01,Flyschs crétacés du massif du Saint-Barthélémy,"63050100","3",404AE,"2","6","2","4","1"
"2018",404AE02,"Pélites, grès et calcaires (faciès culm) du Carbonifère du massif du Saint-Barthélémy","63050200","3",404AE,X,"7","1","4","1"
"2019",404AE03,"Pélites, grès et calcaires (faciès culm) du Carbonifère du massif de l'Arize","63050300","3",404AE,X,"7","1","4","1"
"2020",404AE04,Calcaires du Dévonien du massif de Saint-Barthélémy,"63050400","3",404AE,"2","5","5","4","1"
"2021",404AE06,Calcaires du Dévonien moyen et supérieur du massif de l'Arize,"63050500","3",404AE,"2","5","5","4","1"
"2022",404AE07,"Schistes, pélites, siltites et ampélites du Dévonien moyen au Cambro-Ordovicien du massif du Saint-Barthélémy","63050600","3",404AE,"2","6","2","4","1"
"2023",404AE08,"Schistes, pélites, siltites et ampélites du Dévonien moyen au Cambro-Ordovicien du Massif des Trois- Seigneurs","63050700","3",404AE,"2","6","2","4","1"
"2024",404AE09,"Schistes, pélites, siltites et ampélites du Dévonien moyen au Cambro-Ordovicien du massif de l'Arize","63050800","3",404AE,"2","6","2","4","1"
"2025",404AE10,Granitoïdes des massifs de Quercabanac et de Garrassoula,"63050900","3",404AE,"2","5","2","4","1"
"2026",404AE11,Granitoïdes du massif de Brassac,"63051000","3",404AE,"2","5","2","4","1"
"2027",404AE12,"Complexe anatectique des massifs de l'Arize, du Saint-Barthélémy et des Trois- Seigneurs","63051100","3",404AE,"2","5","2","4","1"
"2028",404AE13,"Micaschistes des massifs de l'Arize, du Saint-Barthélémy et des Trois- Seigneurs","63051200","3",404AE,"2","6","2","4","1"
"2029",404AE14,Gneiss du massif de Saint-Barthélémy,"63051300","3",404AE,"2","5","2","4","1"
"2030",404AF,Massif de Cauteret,,"2","404","2","3","2","4","4"
"2031",404AF01,Granitoïdes du Grand Arroubert et pluton de Cauterets,"63060100","3",404AF,"2","5","2","4","1"
"2032",404AG,Massif de la Barousse,,"2","404","2","4","2","4","4"
"2033",404AG01,"Schistes, pélites, siltites et ampélites du Dévonien moyen au Cambro-Ordovicien du massif de Barousse","63070100","3",404AG,"2","6","2","4","1"
"2034",404AG02,Granitoïdes du massif de la Barousse,"63070200","3",404AG,"2","5","2","4","1"
"2035",404AG03,Micaschistes du massif de la Barousse,"63070300","3",404AG,"2","6","2","4","1"
"2036",404AH,Massif de la Rhune,,"2","404","3","4","2","4","4"
"2037",404AH01,"Argiles, évaporites et ophites du Trias supérieur du massif de la Rhune","63080100","3",404AH,X,"7","1","4","1"
"2038",404AH02,"Grès, conglomérats, schistes et basaltes du Permo-Trias et du Stéphanien du massif de la Rhune","63080200","3",404AH,"2","5","2","4","1"
"2039",404AH03,Schistes du Carbonifère du massif de la Rhune,"63080300","3",404AH,"2","6","2","4","1"
"2040",404AH04,Roches cristallines du massif de la Rhune,"63080400","3",404AH,"2","6","2","4","1"
"2041",404AI,Massif de la ride d'Espelette,,"2","404","2","4","2","4","4"
"2042",404AI01,"Schistes, grès, conglomérats du Paléozoïque de la ride d'Espelette","63090100","3",404AI,"2","6","2","4","1"
"2043",404AJ,Granitoïdes de l'Hospitalet-Aston,,"2","404","2","4","2","4","4"
"2044",404AJ01,Calcaires du Dévonien du massif de l'Aston,"63100100","3",404AJ,"2","5","5","4","1"
"2045",404AJ02,Calcaires du Dévonien moyen et supérieur du massif de l'Hospitalet,"63100200","3",404AJ,"2","5","5","4","1"
"2046",404AJ03,Schistes du Cambro-Ordovicien et ampélites du Silurien des massifs de l'Aston et de Quérigut,"63100300","3",404AJ,"2","6","2","4","1"
"2047",404AJ04,"Schistes, pélites, siltites et ampélites du Dévonien moyen au Cambro-Ordovicien du massif de l'Hospitalet","63100400","3",404AJ,"2","6","2","4","1"
"2048",404AJ05,Granitoïdes d'Ax-les-thermes,"63100500","3",404AJ,"2","5","2","4","1"
"2049",404AJ06,Granitoïdes de l'Hospitalet-Mil-minut,"63100600","3",404AJ,"2","5","2","4","1"
"2050",404AJ08,Gneiss de l'Hospitalet-Mil-Menut,"63100800","3",404AJ,"2","5","2","4","1"
"2051",404AJ09,Micaschistes du massif de l'Aston,"63100900","3",404AJ,"2","6","2","4","1"
"2052",404AJ11,Gneiss du massif de l'Aston,"63101000","3",404AJ,"2","5","2","4","1"
"2053",404AK,Massif de l'Igountze,,"2","404","3","4","2","4","4"
"2054",404AK01,Flyschs du massif d'Igountze,"63110100","3",404AK,"2","6","2","4","1"
"2055",404AK02,"Argiles, évaporites et ophites du Trias du massif de l'Igountze","63110200","3",404AK,X,"7","1","4","1"
"2059",404AK06,Schistes et calcaires du Paléozoïque inférieur du massif de l'Igountze,"63110600","3",404AK,"2","6","2","4","1"
"2060",404AL,Massif de lis Caillauas-Perdiguère-Dome de la Garonne,,"2","404","2","4","2","4","4"
"2061",404AL01,Micaschistes du Cambro-Ordovicien du massif de Lis-Caillauas,"63120100","3",404AL,"2","6","2","4","1"
"2062",404AL02,Micaschistes du Cambro-Ordovicien du Dôme de la Garonne,"63120200","3",404AL,"2","6","2","4","1"
"2063",404AL03,Granitoïdes de Tramezaygues et d'Arguelongue,"63120300","3",404AL,"2","5","2","4","1"
"2064",404AL04,"Granitoïdes de Lis-Caillauas, de Gourg-Blanc et de Perdiguère","63120400","3",404AL,"2","5","2","4","1"
"2065",404AM,Massif de l'Ursuya,,"2","404","2","4","2","4","4"
"2066",404AM01,Roches cristallines du massif de l'Ursuya,"63130100","3",404AM,"2","6","2","4","1"
"2067",404AN,Massif de Mendibelza - Esterenguibel,,"2","404","2","4","2","4","4"
"2068",404AN01,Grès et conglomérats du Permo-Trias du massif d'Esterenguibel,"63140100","3",404AN,"2","5","1","4","1"
"2069",404AN02,Calcaires et grès du Paléozoïque supérieur du massif d'Esterenguibel,"63140200","3",404AN,"2","5","5","4","1"
"2070",404AN03,Schistes du Paléozoïque inférieur du massif d'Esterenguibel,"63140300","3",404AN,"2","6","2","4","1"
"2071",404AN04,Schistes du Paléozoïque supérieur du massif de Mendibelza,"63140400","3",404AN,"2","6","2","4","1"
"2072",404AN05,Calcaires du Paléozoïque supérieur du massif de Mendibelza,"63140500","3",404AN,"2","5","5","4","1"
"2073",404AN06,Schistes du Paléozoïque inférieur du massif de Mendibelza,"63140600","3",404AN,"2","6","2","4","1"
"2074",404AO,Massif de Milhas,,"2","404","3","4","2","4","4"
"2075",404AO01,Argiles à galets du Pliocène et du Lannemezan du massif de Milhas,"63150100","3",404AO,X,"7","1","4","1"
"2076",404AO02,Complexe anatectique du massif de Milhas,"63150200","3",404AO,"2","5","2","4","1"
"2077",404AO03,Schistes et micaschistes du massif de Milhas,"63150300","3",404AO,"2","6","2","4","1"
"2078",404AP,Massif de Montgaillard et Bagnères de Bigorre,,"2","404","3","4","2","4","4"
"2079",404AP01,Argiles à galets du Pliocène et du Lannemezan du massif de Montgaillard et Bagnères de Bigorre,"63160100","3",404AP,X,"7","1","4","1"
"2080",404AP02,Migmatites du massif de Montgaillard,"63160200","3",404AP,"2","6","2","4","1"
"2081",404AP03,Migmatites du massif de Bagnères de Bigorre,"63160300","3",404AP,"2","6","2","4","1"
"2082",404AQ,Massif de l'Aston et du Querigut,,"2","404","2","3","2","4","1"
"2083",404AQ03,Granitoïdes de Querigut,"63170300","3",404AQ,"2","5","2","4","1"
"2084",404AR,Massif des Aldudes,,"2","404","2","4","2","4","4"
"2085",404AR01,Flyschs du Crétacé du massif des Aldudes,"63180100","3",404AR,"2","6","2","4","1"
"2086",404AR02,Grès et conglomérats du Permo-Trias du massif des Aldudes,"63180200","3",404AR,"2","5","1","4","1"
"2087",404AR03,Calcaires du Paléozoïque (devonien) du massif des Aldudes,"63180300","3",404AR,"2","5","5","4","1"
"2088",404AR04,Schistes du Paléozoïque inférieur du massif des Aldudes,"63180400","3",404AR,"2","6","2","4","1"
"2089",404AS,Massif du Cinco-villas,,"2","404","3","4","2","4","4"
"2090",404AS01,Calcaires du Crétacé inférieur du massif du Cinco-villas,"63190100","3",404AS,"2","5","5","4","1"
"2091",404AS02,Grès et conglomérats du Permo-Trias du massif du Cinco-villas,"63190200","3",404AS,X,"7","1","4","1"
"2092",404AS03,Schistes du Paléozoïque du massif du Cinco-villas,"63190300","3",404AS,"2","6","2","4","1"
"2093",404AS04,Schistes du Paléozoïque inférieur du Gorospil dans le massif du Cinco-villas,"63190400","3",404AS,"2","6","2","4","1"
"2094",404AS05,Roches cristallines du massif de Cinco-villas,"63190500","3",404AS,"2","6","2","4","1"
"2095",404AT,Massif du Neouvielle,,"2","404","2","3","2","4","4"
"2096",404AT01,Granitoïdes du massif de Néouvielle,"63200100","3",404AT,"2","5","2","4","1"
"2097",404AU,Massif pyrénéen central,,"2","404","3","4","2","4","4"
"2098",404AU01,Flyschs du Crétacé de la haute chaine,"63210100","3",404AU,"2","6","2","4","1"
"2099",404AU02,Calcaires du Crétacé supérieur de la haute chaine,"63210200","3",404AU,"2","5","5","4","1"
"2100",404AU03,"Calcaires, calcaires gréseux et grès (calcaires des Canyons) du Cénomanien - Eocène inférieur du massif de la haute chaine","63210300","3",404AU,"2","5","5","4","1"
"2101",404AU04,"Formations du Secondaire des pics Bergon, de la Marere et de Tacha de la haute chaine","63210400","3",404AU,"2","5","5","4","1"
"2102",404AU05,Formations imperméables du Secondaire de la haute chaine,"63210500","3",404AU,X,"7","1","4","1"
"2103",404AU06,Schistes du Paléozoïque supérieur de la haute chaine,"63210600","3",404AU,"2","6","2","4","1"
"2104",404AU07,Calcaires du Paléozoïque supérieur,"63210700","3",404AU,"2","5","5","4","1"
"2105",404AU08,Schistes du Paléozoïque inférieur de la haute chaine,"63210800","3",404AU,"2","6","2","4","1"
"2106",404AU09,Ensemble volcanique permien de la haute chaine (Ossau-Pic Arlet),"63210900","3",404AU,X,"7","2","4","1"
"2107",404AU10,Granitoïdes du pluton des Eaux Chaudes et du pluton occidental de Cauterets,"63211000","3",404AU,"2","5","2","4","1"
"2108",404AU11,Granitoïdes du massif du Riberot,"63211100","3",404AU,"2","5","2","4","1"
"2109",404AU12,Granitoïdes des massifs de Serradiouse et du Soum Haut,"63211200","3",404AU,"2","5","2","4","1"
"2110",404AU13,Granitoïdes du massif de Salau,"63211300","3",404AU,"2","5","2","4","1"
"2111",404AU14,Granitoïdes du massif de Lassas,"63211400","3",404AU,"2","5","2","4","1"
"2112",404AU15,Granitoïdes du masif du Néouvielle,"63211500","3",404AU,"2","5","2","4","1"
"2113",404AU16,Complexe métamorphique et anatectique de Gavarnie-Héas,"63211600","3",404AU,"2","5","2","4","1"
"2114",404AU17,Granitoïdes du massif de Barroude,"63211700","3",404AU,"2","5","2","4","1"
"2115",404AU18,Granitoïdes du massif de Bordères-Louron,"63211800","3",404AU,"2","5","2","4","1"
"2116",404AU19,Granitoïdes du massif du Chiroulet,"63211900","3",404AU,"2","5","2","4","1"
"2117",404AU20,Granitoïdes des massifs de Lesponne et d'Aygue-Rouye,"63212000","3",404AU,"2","5","2","4","1"
"2118","502",Formations sédimentaires et volcano-sédimentaires primaires de la bordure sud des Vosges,,"1",,"3","2","2","2","4"
"2119",502AA,Formations sédimentaires et volcano-sédimentaires primaires de la bordure sud des Vosges,,"2","502","3","4","2","2","1"
"2120",502AA00,"NV3 absent, nom de l'entité NV2 : Formations sédimentaires et volcano-sédimentaires primaires de la bordure sud des Vosges","970","3",502AA,"3","6","2","2","2"
"2121","505",Formations de la Dombes et du Fossé bressan,,"1",,X,"1",X,"2","4"
"2122",505AA,"Graviers sous couverture argileuse du ""Saint-Côme"" du Val de Saône",,"2","505","1","3","1","2","1"
"2123",505AA01,"Graviers sous couverture argileuse du ""Saint-Côme"" du Val de Saône - RD","50","3",505AA,"1","5","1","2","1"
"2124",505AA02,"Graviers sous couverture argileuse du ""Saint-Côme"" du Val de Saône - RG","50","3",505AA,"1","5","1","2","1"
"2125",505AB,Formations argilo-marneuses du Plio-Pléistocène du fossé bressan et du Val de Saône,,"2","505","3","4",X,"2","1"
"2126",505AB00,"NV3 absent, nom de l'entité NV2 : Formations argilo-marneuses du Plio-Pléistocène du fossé bressan et du Val de Saône","150","3",505AB,"3","6",X,"2","2"
"2127",505AC,Graviers affleurants plio-quaternaires de Dijon-Sud,,"2","505","2","3","1","2","1"
"2128",505AC00,"NV3 absent, nom de l'entité NV2 : Graviers affleurants plio-quaternaires de Dijon-Sud","160","3",505AC,"2","5","1","2","2"
"2129",505AD,Graviers profonds du Pliocène de Dijon-Sud,,"2","505","1","3","1","2","1"
"2130",505AD00,"NV3 absent, nom de l'entité NV2 : Graviers profonds du Pliocène de Dijon-Sud","200","3",505AD,"1","5","1","2","2"
"2131",505AE,Graviers profonds du Pliocène de la Tille,,"2","505","1","3","1","2","1"
"2132",505AE00,"NV3 absent, nom de l'entité NV2 : Graviers profonds du Pliocène de la Tille","200","3",505AE,"1","5","1","2","2"
"2133",505AF,Cailloutis de la forêt de Chaux du Pliocène moyen au sud de la Loue,,"2","505","1","3","1","2","1"
"2134",505AF00,"NV3 absent, nom de l'entité NV2 : Cailloutis de la forêt de Chaux du Pliocène moyen au sud de la Loue","200","3",505AF,"1","5","1","2","2"
"2135",505AG,Graviers et calcaires lacustres profonds du Plio-Quaternaire du Meuzin et de la plaine de Nuits,,"2","505","1","3","1","2","1"
"2136",505AG00,"NV3 absent, nom de l'entité NV2 : Graviers et calcaires lacustres profonds du Plio-Quaternaire du Meuzin et de la plaine de Nuits","200","3",505AG,"1","5","1","2","2"
"2137",505AH,Graviers et calcaires lacustres profonds du Plio-Quaternaire de Vignoles,,"2","505","1","3","1","2","1"
"2138",505AH00,"NV3 absent, nom de l'entité NV2 : Graviers et calcaires lacustres profonds du Plio-Quaternaire de Vignoles","200","3",505AH,"1","5","1","2","2"
"2139",505AI,Marnes et calcaires lacustres de l'Oligocène et de l'Eocène du fossé bressan,,"2","505","1","4","2","2","1"
"2140",505AI00,"NV3 absent, nom de l'entité NV2 : Marnes et calcaires lacustres de l'Oligocène et de l'Eocène du fossé bressan","410","3",505AI,"1","6","2","2","2"
"2141",505AJ,"Craie, sables et argiles du Crétacé affleurants au nord du fossé bressan",,"2","505","2","4","1","2","1"
"2142",505AJ00,"Complément de l'entité NV2 : Craie, sables et argiles du Crétacé affleurants au nord du fossé bressan","600","3",505AJ,"2","6","1","2","3"
"2143",505AJ01,Système karstique de la source de l'Albane,"600","3",505AJ,"2","5","2","2","1"
"2144",505AK,Formations calcaires jurassiques sous couverture du fossé bressan,,"2","505","1","3","3","2","1"
"2145",505AK00,"NV3 absent, nom de l'entité NV2 : Formations calcaires jurassiques sous couverture du fossé bressan","700","3",505AK,"1","5","3","2","2"
"2146","507","Formations plio-quaternaires (morainiques, fluvio-glaciaires, molasiques) de la Dombes",,"1",,X,"12","1","2","4"
"2147",507AA,Formations morainiques de la Dombes,,"2","507","3","4","1","2","1"
"2148",507AA00,"NV3 absent, nom de l'entité NV2 : Formations morainiques de la Dombes","20","3",507AA,"3","6","1","2","2"
"2149",507AB,Formations fluvio-glaciaires du couloir de Certines,,"2","507","1","3","1","2","1"
"2150",507AB00,"NV3 absent, nom de l'entité NV2 : Formations fluvio-glaciaires du couloir de Certines","49","3",507AB,"1","6","1","2","2"
"2151",507AC,Formations plio-quaternaires de la Dombes,,"2","507","2","3","1","2","1"
"2152",507AC00,Complément de l'entité NV2 : Formations plio-quaternaires de la Dombes,"50","3",507AC,"2","5","1","2","3"
"2153",507AC01,Formations fluvio-glaciaires de Lent,"50","3",507AC,"1","5","1","2","1"
"2154",507AD,Formations argilo-sableuses du Plio-Quaternaire ancien du Val de Saône,,"2","507","2","3","1","2","1"
"2155",507AD00,Complément de l'entité NV2 : Formations argilo-sableuses du Plio-Quaternaire ancien du Val de Saône,"350","3",507AD,"2","7","1","2","3"
"2156",507AD01,Argiles pliocènes du Val de Saône,"350","3",507AD,"1","7","1","2","1"
"2157",507AD02,Sables pliocènes du Val de Saône,"350","3",507AD,"1","5","1","2","1"
"2158",507AE,Formations molassiques de la Dombes et de la Bresse,,"2","507","1","3","1","2","1"
"2159",507AE00,"NV3 absent, nom de l'entité NV2 : Formations molassiques de la Dombes et de la Bresse","500","3",507AE,"1","5","1","2","2"
"2160","509",Plio-Quaternaire de la forêt de Chaux en Franche-Comté,,"1",,"3","1","1","2","4"
"2161",509AA,Cailloutis pliocènes de la Forêt de Chaux,,"2","509","3","3","1","2","1"
"2162",509AA00,"NV3 absent, nom de l'entité NV2 : Cailloutis pliocènes de la Forêt de Chaux","300","3",509AA,"3","5","1","2","2"
"2163","513",Formations secondaires et tertiaires de Haute-Saône,,"1",,X,"1",X,"2","4"
"2164",513AA,Formations variées du Crétacé et Tertiaire du fossé de Gy,,"2","513","3","4","1","2","1"
"2165",513AA00,"NV3 absent, nom de l'entité NV2 : Formations variées du Crétacé et Tertiaire du fossé de Gy","650","3",513AA,"3","6","1","2","2"
"2166",513AB,Calcaires du Jurassique entre Saône et Ognon,,"2","513","2","3","3","2","1"
"2167",513AB00,Complément de l'entité NV2 : Calcaires du Jurassique entre Saône et Ognon,"750","3",513AB,"2","5","3","2","3"
"2168",513AB01,Système karstique de la font de Champdamoy,"750","3",513AB,"2","5","3","2","1"
"2169",513AB04,Système karstique de la source de la Romaine,"750","3",513AB,"2","5","3","2","1"
"2170",513AC,Calcaires du Jurassique moyen et supérieur plateau Haute-Saône,,"2","513","2","3","3","2","1"
"2171",513AC00,"NV3 absent, nom de l'entité NV2 : Calcaires du Jurassique moyen et supérieur plateau Haute-Saône","750","3",513AC,"2","5","3","2","2"
"2172",513AE,Marnes triasiques et liasiques des Avants-Monts du Jura-Ognon rive gauche,,"2","513","3","4","1","2","1"
"2173",513AE00,"NV3 absent, nom de l'entité NV2 : Marnes triasiques et liasiques des Avants-Monts du Jura-Ognon rive gauche","850","3",513AE,"3","7","1","2","2"
"2174","515",Formations secondaires essentiellement calcaires et tertiaires du Jura,,"1",,X,"1",X,"2","4"
"2175",515AA,Formations crétacées et miocènes des synclinaux du Haut-Jura et du Haut-Doubs,,"2","515","3","3","5","2","1"
"2176",515AA00,"NV3 absent, nom de l'entité NV2 : Formations crétacées et miocènes des synclinaux du Haut-Jura et du Haut-Doubs","630","3",515AA,"3","5","5","2","2"
"2177",515AB,Calcaires jurassiques du Jura septentrional,,"2","515","2","3","3","2","1"
"2178",515AB01,Unité karstique du Val de Saint Dizier,"730","3",515AB,"2","5","3","2","1"
"2179",515AB02,Unité karstique du Ruisseau de la Batte Trou de la Doue,"730","3",515AB,"2","5","3","2","1"
"2180",515AB03,Calcaires jurassiques du Jura septentrional,"730","3",515AB,"2","5","3","2","1"
"2181",515AC,Calcaires jurassiques du Jura septentrional sous-couverture,,"2","515","1","3","3","2","1"
"2182",515AC00,"NV3 absent, nom de l'entité NV2 : Calcaires jurassiques du Jura septentrional sous-couverture","30000","3",515AC,"1","5","3","2","2"
"2183",515AD,Calcaires et marnes jurassiques de l'Ile Crémieu,,"2","515","2","4","5","2","1"
"2184",515AD00,Complément de l'entité NV2 : Calcaires et marnes jurassiques de l'Ile Crémieu,"650","3",515AD,"2","6","5","2","3"
"2185",515AD01,Unité karstique Annoisin-Chatelans,"650","3",515AD,"2","5","3","2","1"
"2186",515AE,Calcaires jurassiques du plateau d'Ornans,,"2","515","2","3","3","2","1"
"2187",515AE00,Complément de l'entité NV2 : Calcaires jurassiques du plateau d'Ornans,"750","3",515AE,"2","5","3","2","3"
"2188",515AE02,Complément de l'entité NV2 : Calcaires jurassiques du bassin versant du Cusancin,"750","3",515AE,"2","5","3","2","3"
"2189",515AF,Calcaires jurassiques du plateau de Quingey,,"2","515","2","3","5","2","1"
"2190",515AF00,Complément de l'entité NV2 : Calcaires jurassiques du plateau de Quingey,"750","3",515AF,"2","5","5","2","3"
"2191",515AF01,Système karstique et bassin d'alimentation de la source d'Arcier,"750","3",515AF,"3","5","3","2","1"
"2192",515AF02,Système karstique Gour-Chevanne,"750","3",515AF,"2","5","3","2","1"
"2193",515AF03,Système karstique de Fontain - Chenecey Buillon,"750","3",515AF,"2","5","3","2","1"
"2194",515AG,Calcaires jurassiques et crétacés de la Haute-Chaîne,,"2","515","2","3","3","2","1"
"2195",515AG00,"NV3 absent, nom de l'entité NV2 : Calcaires jurassiques et crétacés de la Haute-Chaîne","750","3",515AG,"2","5","3","2","2"
"2196",515AH,Calcaires jurassiques du plateau de Levier,,"2","515","2","3","3","2","1"
"2197",515AH00,"NV3 absent, nom de l'entité NV2 : Calcaires jurassiques du plateau de Levier","752","3",515AH,"2","5","3","2","2"
"2198",515AI,Calcaires jurassiques et crétacés du plateau de Champagnole,,"2","515","2","3","3","2","1"
"2199",515AI00,Complément de l'entité NV2 : Calcaires jurassiques et crétacés du plateau de Champagnole,"750","3",515AI,"2","5","3","2","3"
"2200",515AI01,Système karstique de la source de l'Ain-Papeterie,"750","3",515AI,"2","5","3","2","1"
"2201",515AI03,Système karstique du Lison,"748","3",515AI,"2","5","3","2","1"
"2202",515AJ,Calcaires jurassiques et crétacés du Haut-Doubs,,"2","515","2","3","3","2","1"
"2203",515AJ00,Complément de l'entité NV2 : Calcaires jurassiques et crétacés du Haut-Doubs,"751","3",515AJ,"2","5","5","2","3"
"2204",515AJ01,Unité karstique du Dessoubre,"750","3",515AJ,"2","5","3","2","1"
"2205",515AK,Calcaires jurassiques secteur de Jougne-Mont de l'Herba,,"2","515","2","3","3","2","1"
"2206",515AK00,"NV3 absent, nom de l'entité NV2 : Calcaires jurassiques secteur de Jougne-Mont de l'Herba","750","3",515AK,"2","5","3","2","2"
"2207",515AL,Calcaires jurassiques du Haut-Bugey,,"2","515","2","3","3","2","1"
"2208",515AL00,Complément de l'entité NV2 : Calcaires jurassiques du Haut-Bugey,"750","3",515AL,"2","5","3","2","3"
"2209",515AL01,Système karstique du Burlandier,"750","3",515AL,"2","5","3","2","1"
"2210",515AL02,Système karstique de Gallanchons Ravageuse,"750","3",515AL,"2","5","3","2","1"
"2211",515AL03,Système karstique du Bois du Chapitre,"750","3",515AL,"2","5","3","2","1"
"2212",515AL04,Système karstique de la Combe du Val,"750","3",515AL,"2","5","3","2","1"
"2213",515AL05,Système karstique du Trou des Marmites,"750","3",515AL,"2","5","3","2","1"
"2214",515AL06,Système karstique de la Dorche,"750","3",515AL,"2","5","3","2","1"
"2215",515AL07,Système karstique de Saint-Martin-Groin,"750","3",515AL,"2","5","3","2","1"
"2216",515AL08,Système karstique de Chaley,"750","3",515AL,"2","5","3","2","1"
"2217",515AL09,Système karstique du Gardon,"750","3",515AL,"2","5","3","2","1"
"2218",515AL10,Système karstique de la Doua,"750","3",515AL,"2","5","3","2","1"
"2219",515AL11,Système karstique de Vers Cha,"750","3",515AL,"2","5","3","2","1"
"2220",515AL12,Système karstique de la Charabotte,"750","3",515AL,"2","5","3","2","1"
"2221",515AL13,Système karstique des Essaillants,"750","3",515AL,"2","5","3","2","1"
"2222",515AL14,Système karstique de Froidières,"750","3",515AL,"2","5","3","2","1"
"2223",515AL15,Système karstique de Violette,"750","3",515AL,"2","5","3","2","1"
"2224",515AL16,Système karstique du plateau d'Hostias,"750","3",515AL,"2","5","3","2","1"
"2225",515AL17,Système karstique de l'Arène,"750","3",515AL,"2","5","3","2","1"
"2226",515AL18,Système karstique des Hopitaux,"750","3",515AL,"2","5","3","2","1"
"2227",515AL19,Système karstique des Hoteaux,"750","3",515AL,"2","5","3","2","1"
"2228",515AM,Calcaires jurassiques du Bas-Bugey,,"2","515","2","3","3","2","1"
"2229",515AM00,Complément de l'entité NV2 : Calcaires jurassiques du Bas-Bugey,"750","3",515AM,"2","5","3","2","3"
"2230",515AM01,Système karstique de Pont Martin,"750","3",515AM,"2","5","3","2","1"
"2231",515AM02,Système karstique du Pissoir,"750","3",515AM,"2","5","3","2","1"
"2232",515AM03,Système karstique de Darroz,"750","3",515AM,"2","5","3","2","1"
"2233",515AM04,Système karstique de la Tuffière,"750","3",515AM,"2","5","3","2","1"
"2234",515AM05,Système karstique de Pissot,"750","3",515AM,"2","5","3","2","1"
"2235",515AM06,Système karstique de la Burbanche,"750","3",515AM,"2","5","3","2","1"
"2236",515AM07,Système karstique de Tovière du Pilet,"750","3",515AM,"2","5","3","2","1"
"2237",515AM08,Système karstique de Gland,"750","3",515AM,"2","5","3","2","1"
"2238",515AM09,Système karstique du Creux de la Roche,"750","3",515AM,"2","5","3","2","1"
"2239",515AM10,Système karstique de Setrin,"750","3",515AM,"2","5","3","2","1"
"2240",515AM11,Système karstique de Chamont,"750","3",515AM,"2","5","3","2","1"
"2241",515AM12,Système karstique de Monitieu,"750","3",515AM,"2","5","3","2","1"
"2242",515AN,Calcaires jurassiques et crétacés sous couverture du Pays de Gex,,"2","515","1","3","3","2","4"
"2243",515AN00,"NV3 absent, nom de l'entité NV2 : Calcaires jurassiques et crétacés sous couverture du Pays de Gex","750","3",515AN,"1","6","3","2","2"
"2244",515AO,Calcaires jurassiques et crétacés de la Haute Chaîne et du Pays de Gex,,"2","515","2","3","3","2","1"
"2245",515AO00,Complément de l'entité NV2 : Calcaires jurassiques et crétacés de la Haute Chaîne et du Pays de Gex,"750","3",515AO,"2","5","3","2","3"
"2246",515AO01,Système karstique du Creux de l'Envers,"750","3",515AO,"2","5","3","2","1"
"2247",515AO02,Système karstique de Fontaine de Mars-Septfontaine,"750","3",515AO,"2","5","3","2","1"
"2248",515AO03,Système karstique d'Allemogne,"750","3",515AO,"2","5","3","2","1"
"2249",515AO04,Système karstique de l'Allondon,"750","3",515AO,"2","5","3","2","1"
"2250",515AP,Calcaires jurassiques et crétacés du Haut Jura,,"2","515","2","3","3","2","1"
"2251",515AP00,Complément de l'entité NV2 : Calcaires jurassiques et crétacés du Haut Jura,"750","3",515AP,"2","5","5","2","3"
"2252",515AP04,Système karstique de Source Bleue (01),"750","3",515AP,"2","5","3","2","1"
"2253",515AP05,Système karstique d'Avalanches,"750","3",515AP,"2","5","3","2","1"
"2254",515AP06,Système karstique de Roche Fauconnière,"750","3",515AP,"2","5","3","2","1"
"2255",515AP07,Système karstique de Coz-Trebillet,"750","3",515AP,"2","5","3","2","1"
"2257",515AP09,Unité karstique du plateau de Longchaumois,"750","3",515AP,"2","5","3","2","1"
"2258",515AP10,"Système karstique du Grandvaux, de la source de l'Enragé","750","3",515AP,"2","5","3","2","1"
"2259",515AQ,Calcaires du Jurassique moyen du premier plateau du Jura,,"2","515","2","3","3","2","1"
"2260",515AQ00,Complément de l'entité NV2 : Calcaires du Jurassique moyen du premier plateau du Jura,"750","3",515AQ,"2","5","5","2","3"
"2261",515AQ01,Unité karstique des reculées de la Seille,"750","3",515AQ,"2","5","3","2","1"
"2262",515AR,Calcaires du Jurassique moyen et supérieur du Revermont et de la Petite Montagne,,"2","515","2","3","3","2","1"
"2263",515AR00,Complément de l'entité NV2 : Calcaires du Jurassique moyen et supérieur du Revermont et de la Petite Montagne,"750","3",515AR,"2","5","5","2","3"
"2264",515AR01,Système karstique de la Doye,"750","3",515AR,"2","5","3","2","1"
"2265",515AR02,Système karstique du Solnan,"750","3",515AR,"2","5","3","2","1"
"2266",515AR03,Système karstique du Suran Nord,"750","3",515AR,"2","5","3","2","1"
"2267",515AR04,Système karstique de Corveissiat,"750","3",515AR,"2","5","3","2","1"
"2268",515AR05,Système karstique de Fontaine Noire de Cize (01),"750","3",515AR,"2","5","3","2","1"
"2269",515AR06,Système karstique de Hautecourt-Romanèche,"750","3",515AR,"2","5","3","2","1"
"2270",515AR07,Système karstique d'Ariot,"750","3",515AR,"2","5","3","2","1"
"2271",515AR08,Système karstique du Suran Sud-Grand Font,"750","3",515AR,"2","5","3","2","1"
"2272",515AS,Calcaires jurassiques de la zone préjurassienne et avants-monts,,"2","515","2","3","3","2","1"
"2273",515AS00,Complément de l'entité NV2 : Calcaires jurassiques de la zone préjurassienne et avants-monts,"750","3",515AS,"2","5","5","2","3"
"2274",515AS01,Système karstique de Chailluz,"750","3",515AS,"2","5","3","2","1"
"2275",515AS02,Système karstique d'Avanne,"750","3",515AS,"2","5","3","2","1"
"2276",515AS03,Système karstique de Grandfontaine,"750","3",515AS,"2","5","3","2","1"
"2277",515AS05,Calcaires profonds des avants-mont dans la vallée du Doubs,"760","3",515AS,"2","5","3","2","1"
"2278",515AT,Marnes triasiques et liasiques des Avants-Monts,,"2","515","3","4","1","2","1"
"2279",515AT00,"NV3 absent, nom de l'entité NV2 : Marnes triasiques et liasiques des Avants-Monts","750","3",515AT,"3","7","1","2","2"
"2280",515AU,Calcaires et marnes du Trias et Jurassique inférieur du Vignoble,,"2","515","3","4","1","2","1"
"2281",515AU00,"NV3 absent, nom de l'entité NV2 : Calcaires et marnes du Trias et Jurassique inférieur du Vignoble","850","3",515AU,"3","6","1","2","2"
"2282",515AV,"Socle primaire, formations triasiques et liasiques du Massif de la Serre",,"2","515","2","4","2","3","1"
"2283",515AV00,"NV3 absent, nom de l'entité NV2 : Socle primaire, formations triasiques et liasiques du Massif de la Serre","870","3",515AV,"2","7","2","3","2"
"2284",515AX,"Multicouche du Jura alsacien, des Marnes du Keuper (Trias supérieur) aux Calcaires aquifères du Jurassique supérieur",,"2","515","2","4","4","2","4"
"2285",515AX01,Formations superficielles du Cénozoique (Pléistocène à Eocène) en Alsace,"20000","3",515AX,X,"7","1","2","1"
"2286",515AX03,"Formations aquifères calcaires (Séquanien), marnos-calcaires (Kimméridgien), Calcaires et Oolithiques (Rauracien) en Alsace","32000","3",515AX,"3","5","5","2","1"
"2287",515AX05,Argiles bleues de l'Oxfordien-Argovien en Alsace,"33000","3",515AX,X,"7","1","2","1"
"2288",515AX07,Grande Oolithe du Bajocien et Marnes et Calcaires roux sableux à Rhynchonelles du Bathonien supérieur au Callovien supérieur en Alsace,"37110","3",515AX,"3","5","4","2","1"
"2289",515AX09,Formations du Lias supérieur en Alsace,"40000","3",515AX,X,"7","1","2","1"
"2290",515AX11,Formation du Lias inférieur en Alsace,"41600","3",515AX,"1","5","1","2","1"
"2291",515AX13,Marnes du Keuper niveau imperméable en Alsace,"41900","3",515AX,X,"7","1","2","1"
"2292","516",Formations de l'Albanais et du Genevois,,"1",,X,"1",X,"2","4"
"2293",516AA,Formations glaciaires du pays de Gex,,"2","516","3","4","1","2","1"
"2294",516AA00,"NV3 absent, nom de l'entité NV2 : Formations glaciaires du pays de Gex","20","3",516AA,"3","7","1","2","2"
"2295",516AB,Formations glaciaires du Sud Genevois,,"2","516","3","4","1","2","1"
"2296",516AB00,"NV3 absent, nom de l'entité NV2 : Formations glaciaires du Sud Genevois","20","3",516AB,"3","7","1","2","2"
"2297",516AC,Formations glaciaires et fluvio-glaciaires du Bas-Chablais – Pays de Gavot,,"2","516","1","4","1","2","1"
"2298",516AC00,"NV3 absent, nom de l'entité NV2 : Formations glaciaires et fluvio-glaciaires du Bas-Chablais – Pays de Gavot","30","3",516AC,"1","7","1","2","2"
"2299",516AD,Formations glaciaires et fluvio-glaciaires du Bas-Chablais – Terrasses de Thonon-les-Bains,,"2","516","2","4","1","2","1"
"2300",516AD00,Complément de l'entité NV2 : Formations glaciaires et fluvio-glaciaires du Bas-Chablais – Terrasses de Thonon-les-Bains,"30","3",516AD,"2","7","1","2","3"
"2301",516AD01,Formations glaciaires et fluvio-glaciaires du Bas-Chablais – Hautes et basses terrasses de Thonon-les-Bains,"30","3",516AD,"3","5","1","2","1"
"2302",516AE,Sillons fluvio-glaciaires de Thonon-les-Bains,,"2","516","1","3","1","2","1"
"2303",516AE00,"NV3 absent, nom de l'entité NV2 : Sillons fluvio-glaciaires de Thonon-les-Bains","50","3",516AE,"1","5","1","2","2"
"2304",516AF,Sillons fluvio-glaciaires du pays de Gex,,"2","516","3","3","1","2","1"
"2305",516AF00,"NV3 absent, nom de l'entité NV2 : Sillons fluvio-glaciaires du pays de Gex","50","3",516AF,"3","6","1","2","2"
"2306",516AG,Sillons fluvio-glaciaires du sud genevois,,"2","516","1","3","1","2","4"
"2307",516AG00,"NV3 absent, nom de l'entité NV2 : Sillons fluvio-glaciaires du sud genevois","50","3",516AG,"1","6","1","2","2"
"2308",516AH,Sillons fluvio-glaciaires d'Evian,,"2","516","1","3","1","2","1"
"2309",516AH00,"NV3 absent, nom de l'entité NV2 : Sillons fluvio-glaciaires d'Evian","50","3",516AH,"1","5","1","2","2"
"2310",516AI,Sillons fluvio-glaciaires des vallées de la Menoge et de l'Arve,,"2","516","1","3","1","2","1"
"2311",516AI00,"NV3 absent, nom de l'entité NV2 : Sillons fluvio-glaciaires des vallées de la Menoge et de l'Arve","50","3",516AI,"1","6","1","2","2"
"2312",516AJ,Formations glaciaires et molassiques de Belley,,"2","516","3","4","1","2","1"
"2313",516AJ00,"NV3 absent, nom de l'entité NV2 : Formations glaciaires et molassiques de Belley","50","3",516AJ,"3","7","1","2","2"
"2314",516AK,Formations glaciaires et molassiques de l'Albanais et du Bas-Chablais,,"2","516","2","4","1","2","1"
"2315",516AK00,Complément de l'entité NV2 : Formations glaciaires et molassiques de l'Albanais et du Bas-Chablais,"10","3",516AK,"2","7","1","2","3"
"2316",516AK01,Alluvions du Fier à Poissy et Lovagny,"10","3",516AK,"3","5","1","2","1"
"2317",516AK02,Alluvions fluvio-glaciaires de Madrid,"10","3",516AK,"3","5","1","2","1"
"2318",516AK03,Dépôts glacio-lacustres de Bellegarde-sur-Valserine,"10","3",516AK,"2","5","1","2","1"
"2319",516AL,Formations molassiques et variées de l'avant pays savoyard,,"2","516","2","4","1","2","1"
"2320",516AL00,"NV3 absent, nom de l'entité NV2 : Formations molassiques et variées de l'avant pays savoyard","500","3",516AL,"2","6","1","2","2"
"2321",516AM,"Calcaires crétacés du Salève, de la Mandallaz et d'Age",,"2","516","2","4","3","4","1"
"2322",516AM00,"NV3 absent, nom de l'entité NV2 : Calcaires crétacés du Salève, de la Mandallaz et d'Age","700","3",516AM,"2","6","3","4","2"
"2323",516AN,Calcaires jurassiques et crétacés du Gros Foug,,"2","516","2","4","3","4","1"
"2324",516AN00,"NV3 absent, nom de l'entité NV2 : Calcaires jurassiques et crétacés du Gros Foug","700","3",516AN,"2","6","3","4","2"
"2325",516AO,Calcaires jurassiques et crétacés de Vuache,,"2","516","2","4","3","4","1"
"2326",516AO00,"NV3 absent, nom de l'entité NV2 : Calcaires jurassiques et crétacés de Vuache","700","3",516AO,"2","6","3","4","2"
"2327",516AP,Calcaires jurassiques et crétacés de l'Epine,,"2","516","2","4","3","4","1"
"2328",516AP00,Complément de l'entité NV2 : Calcaires jurassiques et crétacés de l'Epine,"700","3",516AP,"2","7","3","4","3"
"2329",516AP01,Système karstique des Echelles,"700","3",516AP,"2","5","3","2","1"
"2330",516AQ,"Calcaires jurassiques et crétacés des chaînons jurassiens du Mont Tournier, de la montagne du Ratz et de l'anticlinal de Poliénas",,"2","516","2","4","3","4","1"
"2331",516AQ00,"NV3 absent, nom de l'entité NV2 : Calcaires jurassiques et crétacés des chaînons jurassiens du Mont Tournier, de la montagne du Ratz et de l'anticlinal de Poliénas","700","3",516AQ,"2","6","3","4","2"
"2332","517","Formation des Préalpes, partie Nord (Vercors, Royan, Bornes, Bauges, Chartreuse - domaines prépiémontais, Piémontais-Ligure, Briançonnais, …)",,"1",,X,"2",X,"4","4"
"2333",517AA,Formations crétacées du Vercors,,"2","517","2","4","3","2","1"
"2334",517AA00,Complément de l'entité NV2 : Formations crétacées du Vercors,"100","3",517AA,"2","7","3","2","3"
"2335",517AA01,Système karstique du synclinal d'Autrans-Goule Noire,"100","3",517AA,"2","5","3","2","1"
"2336",517AA02,Système karstique de Sornin – Saint-Nizier – Furon,"100","3",517AA,"2","5","3","2","1"
"2337",517AA03,Système karstique Bruyant,"100","3",517AA,"2","5","3","2","1"
"2338",517AA04,Système karstique du Pont des Olivets,"100","3",517AA,"2","5","3","2","1"
"2339",517AA05,Système karstique du synclinal de Villard de Lans,"101","3",517AA,"2","5","3","2","1"
"2340",517AA06,Système karstique de Coulmes Presles,"100","3",517AA,"2","5","3","2","1"
"2341",517AA07,Système karstique du synclinal de Rencurel,"100","3",517AA,"2","5","3","2","1"
"2342",517AA08,Système karstique de Goule verte,"100","3",517AA,"2","5","3","2","1"
"2343",517AA09,Système karstique de Luire-Arbois-Bournillon,"100","3",517AA,"2","5","3","2","1"
"2344",517AA10,Système karstique de l'Adouin,"100","3",517AA,"2","5","3","2","1"
"2345",517AA11,Système karstique de Goule blanche-Goule Bleue,"100","3",517AA,"2","5","3","2","1"
"2346",517AA12,Système karstique de Côte Belle,"100","3",517AA,"2","5","3","2","1"
"2347",517AA13,Système karstique Brudour-Cholet,"100","3",517AA,"2","5","3","2","1"
"2348",517AA14,Système karstique du plateau d'Ambel,"100","3",517AA,"2","5","3","2","1"
"2349",517AA15,Système karstique Glandasse-Archiane,"100","3",517AA,"2","5","3","2","1"
"2350",517AB,Formations crétacées du Royans,,"2","517","2","4","3","2","1"
"2351",517AB00,Complément de l'entité NV2 : Formations crétacées du Royans,"100","3",517AB,"2","7","3","2","3"
"2352",517AB01,Système karstique de Léoncel-Bouvante-Monts du Matin,"100","3",517AB,"2","5","3","2","1"
"2353",517AB02,Système karstique de Thaïs,"100","3",517AB,"2","5","3","2","1"
"2354",517AB03,Système karstique Gervanne,"100","3",517AB,"2","5","3","2","1"
"2355",517AC,Formations variées secondaires et tertiaires de la bordure nord du Vercors,,"2","517","2","4","3","2","1"
"2356",517AC00,Complément de l'entité NV2 : Formations variées secondaires et tertiaires de la bordure nord du Vercors,"100","3",517AC,"2","7","3","2","3"
"2357",517AC01,Système karstique de la bordure nord-ouest du Vercors,"100","3",517AC,"2","5","3","2","1"
"2358",517AD,Calcaires et marnes crétacés de la bordure ouest du Royans,,"2","517","2","4","2","2","1"
"2359",517AD00,"NV3 absent, nom de l'entité NV2 : Calcaires et marnes crétacés de la bordure ouest du Royans","100","3",517AD,"2","6","2","2","2"
"2360",517AE,"Formations variées du domaine Piémontais-Ligure : nappes de charriage des Gets, de la Simme, des Dranses et ultrahelvétique est",,"2","517","3","4","2","2","1"
"2361",517AE00,"NV3 absent, nom de l'entité NV2 : Formations variées du domaine Piémontais-Ligure : nappes de charriage des Gets, de la Simme, des Dranses et ultrahelvétique est","650","3",517AE,"3","6","2","2","2"
"2362",517AF,Formations variées secondaires et tertiaires du domaine Briançonnais : nappes de charriage des Préalpes médianes et ultrahelvétique ouest,,"2","517","2","4","3","2","1"
"2363",517AF00,Complément de l'entité NV2 : Formations variées secondaires et tertiaires du domaine Briançonnais : nappes de charriage des Préalpes médianes et ultrahelvétique ouest,"650","3",517AF,"2","7","3","2","3"
"2364",517AF01,Système karstique du plateau du Nifflon,"650","3",517AF,"2","5","3","2","1"
"2365",517AG,Formations variées secondaires et tertiaires du domaine prépiémontais : nappe de charriage de la Brèche,,"2","517","3","4","2","2","1"
"2366",517AG00,"NV3 absent, nom de l'entité NV2 : Formations variées secondaires et tertiaires du domaine prépiémontais : nappe de charriage de la Brèche","650","3",517AG,"3","6","2","2","2"
"2367",517AH,Formations variées tertiaires du domaine Flysch des Voirons : nappe de charriage du Gurnigel,,"2","517","3","4","2","2","1"
"2368",517AH00,"NV3 absent, nom de l'entité NV2 : Formations variées tertiaires du domaine Flysch des Voirons : nappe de charriage du Gurnigel","650","3",517AH,"3","6","2","2","2"
"2369",517AI,Calcaires et marnes secondaires du Massif de Platé,,"2","517","2","4","3","2","1"
"2370",517AI00,Complément de l'entité NV2 : Calcaires et marnes secondaires du Massif de Platé,"650","3",517AI,"2","7","3","2","3"
"2371",517AI01,Système karstique de Jean Bernard - Vallon de la Chambre,"650","3",517AI,"2","5","3","2","1"
"2372",517AI03,Système karstique du bassin de Flaine,"650","3",517AI,"2","5","3","2","1"
"2373",517AI05,Système karstique du vallon de Gers,"650","3",517AI,"2","5","3","2","1"
"2374",517AI07,Système karstique de la combe des Foges,"650","3",517AI,"2","5","3","2","1"
"2375",517AI09,Système karstique du vallon de Sales,"650","3",517AI,"2","5","3","2","1"
"2376",517AI11,Système karstique des forts de Platé,"650","3",517AI,"2","5","3","2","1"
"2377",517AJ,Formations variées secondaires et tertiaires entre Vercors et Royans,,"2","517","2","4","1","2","1"
"2378",517AJ00,"NV3 absent, nom de l'entité NV2 : Formations variées secondaires et tertiaires entre Vercors et Royans","650","3",517AJ,"2","6","1","2","2"
"2379",517AK,Calcaires et marnes crétacés de la Chartreuse,,"2","517","2","4","3","4","1"
"2380",517AK00,Complément de l'entité NV2 : Calcaires et marnes crétacés de la Chartreuse,"700","3",517AK,"2","7","3","4","3"
"2381",517AK01,Système karstique de Bonne Allée,"700","3",517AK,"2","5","3","2","1"
"2382",517AK02,Système karstique du Mont Outheran,"700","3",517AK,"2","5","3","2","1"
"2383",517AK03,Système karstique de la Combe-la Gorgeat,"700","3",517AK,"2","5","3","2","1"
"2384",517AK04,Système karstique de Roche Veyrand,"700","3",517AK,"2","5","3","2","1"
"2385",517AK05,Système karstique du Mont Granier,"700","3",517AK,"2","5","3","2","1"
"2386",517AK06,Système karstique de l'Alpe,"700","3",517AK,"2","5","3","2","1"
"2387",517AK07,Système karstique de l’Arpison,"700","3",517AK,"2","5","3","2","1"
"2388",517AK08,Système karstique de Sermes,"700","3",517AK,"2","5","3","2","1"
"2389",517AK09,Système karstique de Noirfond,"700","3",517AK,"2","5","3","2","1"
"2390",517AK10,Système karstique de Château,"700","3",517AK,"2","5","3","2","1"
"2391",517AK11,Système karstique du Mort Ru,"700","3",517AK,"2","5","3","2","1"
"2392",517AK12,Système karstique de Fontaine Froide,"700","3",517AK,"2","5","3","2","1"
"2393",517AK13,Système karstique du massif du Seuil,"700","3",517AK,"2","5","3","2","1"
"2394",517AK14,Système karstique de la Grande Sure nord,"700","3",517AK,"2","5","3","2","1"
"2395",517AK15,Système karstique de Passerelle,"700","3",517AK,"2","5","3","2","1"
"2396",517AK16,Système karstique de Cambise,"700","3",517AK,"2","5","3","2","1"
"2397",517AK17,Système karstique du Pont Saint-Pierre,"700","3",517AK,"2","5","3","2","1"
"2398",517AK18,Système karstique de la Maison Forestière,"700","3",517AK,"2","5","3","2","1"
"2399",517AK19,Système karstique de Combe Chaude,"700","3",517AK,"2","5","3","2","1"
"2400",517AK20,Système karstique de Scia-Fraisses-Colleret,"700","3",517AK,"2","5","3","2","1"
"2401",517AK21,Système karstique de la Forêt de Génieux nord,"700","3",517AK,"2","5","3","2","1"
"2402",517AK22,Système karstique de Charmant Som est,"700","3",517AK,"2","5","3","2","1"
"2403",517AK23,Système karstique d'Arguille-Océpé,"700","3",517AK,"2","5","3","2","1"
"2404",517AK24,Système karstique de Chaos de Bellefond - Fontaine noire,"700","3",517AK,"2","5","3","2","1"
"2405",517AK25,Système karstique de la Dent de Crolles - Guiers Mort,"700","3",517AK,"2","5","3","2","1"
"2406",517AK26,Système karstique de Grande Sure sud,"700","3",517AK,"2","5","3","2","1"
"2407",517AK27,Système karstique de la Forêt de Génieux sud,"700","3",517AK,"2","5","3","2","1"
"2408",517AK28,Système karstique de Grande Sure Sénonien,"700","3",517AK,"2","5","3","2","1"
"2409",517AK29,Unité karstique du Saint-Eynard,"700","3",517AK,"2","5","3","2","1"
"2410",517AL,Calcaires et marnes jurassiques et crétacés des Bornes occidentales,,"2","517","2","4","3","4","1"
"2411",517AL00,Complément de l'entité NV2 : Calcaires et marnes jurassiques et crétacés des Bornes occidentales,"700","3",517AL,"2","7","3","4","3"
"2412",517AL01,Système karstique de Fringles,"700","3",517AL,"2","5","3","2","1"
"2413",517AL02,Système karstique de Pont de Pierre,"700","3",517AL,"2","5","3","2","1"
"2414",517AL03,Système karstique d'Essert,"700","3",517AL,"2","5","3","2","1"
"2415",517AL04,Système karstique de Deroberts,"700","3",517AL,"2","5","3","2","1"
"2416",517AL05,Système karstique de Louvatière,"700","3",517AL,"2","5","3","2","1"
"2417",517AL06,Système karstique de Source Bleue (74),"700","3",517AL,"2","5","3","2","1"
"2418",517AL07,Système karstique de Morette,"700","3",517AL,"2","5","3","2","1"
"2419",517AL08,Système karstique de Carrière,"700","3",517AL,"2","5","3","2","1"
"2420",517AL09,Système karstique de Bunant,"700","3",517AL,"2","5","3","2","1"
"2421",517AL10,Système karstique de Diau,"700","3",517AL,"2","5","3","2","1"
"2422",517AL11,Système karstique de l'Ablon inférieur,"700","3",517AL,"2","5","3","2","1"
"2423",517AL12,Système karstique de l'Ablon supérieur,"700","3",517AL,"2","5","3","2","1"
"2424",517AL13,Système karstique de la Tête à Turpin,"700","3",517AL,"2","5","3","2","1"
"2425",517AM,Grès oligocènes et calcaires liasiques du synclinal de Thônes,,"2","517","2","4","3","2","1"
"2426",517AM00,Complément de l'entité NV2 : Grès oligocènes et calcaires liasiques du synclinal de Thônes,"700","3",517AM,"2","6","3","2","3"
"2427",517AM01,Calcaires liasiques karstifiés de la montagne de Sulens,"700","3",517AM,"2","5","3","2","1"
"2428",517AN,Calcaires et marnes jurassiques et crétacés de la Chaîne des Aravis,,"2","517","2","4","3","2","1"
"2429",517AN00,Complément de l'entité NV2 : Calcaires et marnes jurassiques et crétacés de la Chaîne des Aravis,"700","3",517AN,"2","7","3","2","3"
"2430",517AN01,Système karstique de Tour Noire,"700","3",517AN,"2","5","3","2","1"
"2431",517AN02,Système karstique Lanchéron - Saxel,"700","3",517AN,"2","5","3","2","1"
"2432",517AN03,Système karstique Gréppon,"700","3",517AN,"2","5","3","2","1"
"2433",517AN04,Système karstique du Charvin,"700","3",517AN,"2","5","3","2","1"
"2434",517AN05,Système karstique Marlens,"700","3",517AN,"2","5","3","2","1"
"2435",517AO,Calcaires et marnes jurassiques et crétacés des Bauges occidentales,,"2","517","2","4","3","4","1"
"2436",517AO00,Complément de l'entité NV2 : Calcaires et marnes jurassiques et crétacés des Bauges occidentales,"700","3",517AO,"2","7","3","4","3"
"2437",517AO01,Système karstique de Fontaine Noire (73),"700","3",517AO,"2","5","3","2","1"
"2438",517AO02,Système karstique de la Doria,"700","3",517AO,"2","5","3","2","1"
"2439",517AO03,Système karstique de Duy Saint-François,"700","3",517AO,"2","5","3","2","1"
"2440",517AO04,Système karstique de Prérouge,"700","3",517AO,"2","5","3","2","1"
"2441",517AO05,Système karstique de la Meune,"750","3",517AO,"2","5","3","2","1"
"2442",517AO06,Système karstique du Goul Moine,"700","3",517AO,"2","5","3","2","1"
"2443",517AO07,Système karstique du Bout du Monde,"750","3",517AO,"2","5","3","2","1"
"2444",517AO08,Système karstique du Bourbouillon,"750","3",517AO,"2","5","3","2","1"
"2445",517AO09,Système karstique de Bange - l'Eau Morte,"700","3",517AO,"2","5","3","2","1"
"2446",517AO10,Système karstique de Bourneau,"700","3",517AO,"2","5","3","2","1"
"2447",517AO11,Système karstique de Beuglions,"700","3",517AO,"2","5","3","2","1"
"2448",517AO12,Système karstique de la source Etang,"700","3",517AO,"2","5","3","2","1"
"2449",517AO13,Système karstique de Marquisats,"700","3",517AO,"2","5","3","2","1"
"2450",517AO14,Système karstique de Duy-Empereur,"700","3",517AO,"2","5","3","2","1"
"2451",517AO15,Système karstique du Mont Margériaz,"700","3",517AO,"2","5","3","2","1"
"2452",517AP,Calcaires et marnes jurassiques et crétacés des Bauges orientales,,"2","517","2","4","3","4","1"
"2670",534AM,Calcaires urgoniens du Bois de Lens,,"2","534","2","3","3","2","1"
"2453",517AP00,Complément de l'entité NV2 : Calcaires et marnes jurassiques et crétacés des Bauges orientales,"700","3",517AP,"2","7","3","4","3"
"2454",517AP01,Unité karstique de la Thuile,"700","3",517AP,"2","5","3","2","1"
"2455",517AP02,Système karstique de Vivier Barbouillot,"700","3",517AP,"2","5","3","2","1"
"2456",517AP03,Système karstique de l'anticlinal de Charbon,"700","3",517AP,"2","5","3","2","1"
"2457",517AP04,Système karstique de Sambuy,"700","3",517AP,"2","5","3","2","1"
"2458",517AP05,Système karstique d'Arclusaz - Pécloz,"700","3",517AP,"2","5","3","2","1"
"2459",517AP06,Système karstique de Pécloz - Mont de la Coche,"700","3",517AP,"2","5","3","2","1"
"2460",517AP08,Système karstique de Clochez,"700","3",517AP,"2","5","3","2","1"
"2461",517AP09,Système karstique du Mont Chardonnet - Fontaine de la Rave,"700","3",517AP,"2","5","3","2","1"
"2462",517AP10,Unité karstique du Colombier d'Aillons,"700","3",517AP,"2","5","3","2","1"
"2463",517AP11,Système karstique de La Touvière,"700","3",517AP,"2","5","3","2","1"
"2464",517AP12,Système karstique des Allues,"700","3",517AP,"2","5","3","2","1"
"2465","519","Conglomérats, marnes et calcaires tertiaires du Golfe de Montbéliard",,"1",,"3","2","2","2","4"
"2466",519AB,"Conglomérats, marnes et calcaires tertiaires du Golfe de Montbéliard",,"2","519","3","4","2","2","1"
"2467",519AB00,"NV3 absent, nom de l'entité NV2 : Conglomérats, marnes et calcaires tertiaires du Golfe de Montbéliard","4000","3",519AB,"3","6","2","2","2"
"2468","521","Formations morainiques, glaciaires, fluvioglacaires du bassin du Dauphiné et de l'Est lyonnais",,"1",,X,"12","1","2","4"
"2469",521AA,Formations morainiques de Chassieu,,"2","521","3","4","1","2","1"
"2470",521AA00,"NV3 absent, nom de l'entité NV2 : Formations morainiques de Chassieu","20","3",521AA,"3","7","1","2","2"
"2471",521AB,"Formations morainiques de Chavanoz, Saint-Bonnet et Saint-Priest",,"2","521","3","4","1","2","1"
"2472",521AB00,"NV3 absent, nom de l'entité NV2 : Formations morainiques de Chavanoz, Saint-Bonnet et Saint-Priest","20","3",521AB,"3","7","1","2","2"
"2473",521AC,Formations morainiques de la plaine de la Bourbre,,"2","521","3","4","1","2","1"
"2474",521AC00,"NV3 absent, nom de l'entité NV2 : Formations morainiques de la plaine de la Bourbre","20","3",521AC,"3","7","1","2","2"
"2475",521AD,"Formations glaciaires du plateau de Louze, de Saint-Prim et de Salaise-sur-Sanne",,"2","521","2","3","1","2","1"
"2476",521AD00,"NV3 absent, nom de l'entité NV2 : Formations glaciaires du plateau de Louze, de Saint-Prim et de Salaise-sur-Sanne","20","3",521AD,"2","5","1","2","2"
"2477",521AF,Alluvions anciennes des basses terrasses entre la confluence de l'Isère et de la Drôme,,"2","521","2","3","1","1","1"
"2478",521AF00,"NV3 absent, nom de l'entité NV2 : Alluvions anciennes des basses terrasses entre la confluence de l'Isère et de la Drôme","20","3",521AF,"2","6","1","1","2"
"2479",521AG,Formations morainiques de la basse vallée de l'Ain,,"2","521","3","3","1","2","1"
"2480",521AG00,"NV3 absent, nom de l'entité NV2 : Formations morainiques de la basse vallée de l'Ain","20","3",521AG,"3","6","1","2","2"
"2481",521AH,Formations fluvio-glaciaires de Meximieux à Montluel,,"2","521","2","3","1","2","1"
"2482",521AH00,"NV3 absent, nom de l'entité NV2 : Formations fluvio-glaciaires de Meximieux à Montluel","48","3",521AH,"2","5","1","2","2"
"2483",521AI,Formations fluvio-glaciaires du couloir de Meyzieu,,"2","521","2","3","1","2","1"
"2484",521AI00,"NV3 absent, nom de l'entité NV2 : Formations fluvio-glaciaires du couloir de Meyzieu","50","3",521AI,"2","5","1","2","2"
"2485",521AJ,Formations fluvio-glaciaires du couloir de Décines-Chassieu,,"2","521","2","3","1","2","1"
"2486",521AJ00,"NV3 absent, nom de l'entité NV2 : Formations fluvio-glaciaires du couloir de Décines-Chassieu","50","3",521AJ,"2","5","1","2","2"
"2487",521AK,Formations fluvio-glaciaires du couloir d'Heyrieux,,"2","521","2","3","1","2","1"
"2488",521AK00,"NV3 absent, nom de l'entité NV2 : Formations fluvio-glaciaires du couloir d'Heyrieux","50","3",521AK,"2","5","1","2","2"
"2489",521AM,Alluvions fluvio-glaciaires de la plaine de Bièvre-Valloire,,"2","521","2","3","1","2","1"
"2490",521AM00,"NV3 absent, nom de l'entité NV2 : Alluvions fluvio-glaciaires de la plaine de Bièvre-Valloire","50","3",521AM,"2","5","1","2","2"
"2491",521AN,Alluvions anciennes des terrasses de l'Isère,,"2","521","2","3","1","2","1"
"2492",521AN00,"NV3 absent, nom de l'entité NV2 : Alluvions anciennes des terrasses de l'Isère","50","3",521AN,"2","5","1","2","2"
"2493",521AO,Formations fluvio-glaciaires du Bas-Dauphiné - Véga et Sévenne,,"2","521","2","3","1","2","1"
"2494",521AO00,"NV3 absent, nom de l'entité NV2 : Formations fluvio-glaciaires du Bas-Dauphiné - Véga et Sévenne","50","3",521AO,"2","5","1","2","2"
"2495",521AP,Formations fluvio-glaciaires du Bas-Dauphiné - Gère et Vésonne,,"2","521","2","3","1","2","1"
"2496",521AP00,"NV3 absent, nom de l'entité NV2 : Formations fluvio-glaciaires du Bas-Dauphiné - Gère et Vésonne","50","3",521AP,"2","5","1","2","2"
"2497",521AQ,Terrasses fluvio-glaciaires du Rhône entre Vertrieu et Saint- Romain-de-Jalionas,,"2","521","2","3","1","2","1"
"2498",521AQ00,"NV3 absent, nom de l'entité NV2 : Terrasses fluvio-glaciaires du Rhône entre Vertrieu et Saint- Romain-de-Jalionas","50","3",521AQ,"2","5","1","2","2"
"2499",521AR,Alluvions anciennes de la plaine de Valence,,"2","521","2","3","1","2","1"
"2500",521AR00,Complément de l'entité NV2 : Alluvions anciennes de la plaine de Valence,"50","3",521AR,"2","5","1","2","3"
"2501",521AR01,Cailloutis calcaires quaternaires d'Alixan,"50","3",521AR,"2","5","1","2","1"
"2502",521AS,Formations du Pliocène supérieur des plateaux de Bonnevaux et Chambaran,,"2","521","2","4","1","2","1"
"2503",521AS00,"NV3 absent, nom de l'entité NV2 : Formations du Pliocène supérieur des plateaux de Bonnevaux et Chambaran","350","3",521AS,"2","6","1","2","2"
"2504",521AT,Formations molassiques de l'Est Lyonnais,,"2","521","1","3","1","2","1"
"2505",521AT00,"NV3 absent, nom de l'entité NV2 : Formations molassiques de l'Est Lyonnais","500","3",521AT,"1","5","1","2","2"
"2506",521AU,Formations molassiques du Bas-Dauphiné,,"2","521","3","3","1","2","1"
"2507",521AU00,"NV3 absent, nom de l'entité NV2 : Formations molassiques du Bas-Dauphiné","500","3",521AU,"3","5","1","2","2"
"2508",521AV,Conglomérats de Voreppe,,"2","521","3","4","1","2","1"
"2509",521AV00,"NV3 absent, nom de l'entité NV2 : Conglomérats de Voreppe","500","3",521AV,"3","7","1","2","2"
"2510","523",Formations jurassiques et triasiques de Bourgogne dans le bassin Rhône Méditerranée,,"1",,X,"2",X,"2","4"
"2511",523AA,Calcaires jurassiques et triasiques et formations oligocènes en rive droite de la Saône entre Thoissy et Lozanne,,"2","523","2","4","2","2","1"
"2512",523AA00,Complément de l'entité NV2 : Calcaires jurassiques et triasiques et formations oligocènes en rive droite de la Saône entre Thoissy et Lozanne,"650","3",523AA,"2","7","2","2","3"
"2513",523AA01,Calcaires du Dogger en rive droite de la Saône en aval de Villefranche-sur-Saône,"650","3",523AA,"2","5","5","2","1"
"2514",523AB,"Calcaires, marnes et grès du Jurassique et du Trias de la Côte mâconnaise",,"2","523","3","4","3","2","1"
"2515",523AB00,"NV3 absent, nom de l'entité NV2 : Calcaires, marnes et grès du Jurassique et du Trias de la Côte mâconnaise","750","3",523AB,"3","6","3","2","2"
"2516",523AC,"Calcaires, marnes et grès du Jurassique et du Trias de la Côte chalonnaise",,"2","523","2","4","2","2","1"
"2517",523AC00,"Complément de l'entité NV2 : Calcaires, marnes et grès du Jurassique et du Trias de la Côte chalonnaise","750","3",523AC,"2","6","5","2","3"
"2518",523AC01,Système karstique de la Douix de Cortevaix,"750","3",523AC,"2","5","3","2","1"
"2519",523AC02,Système karstique de la source de Salornay,"750","3",523AC,"2","5","3","2","1"
"2520",523AE,Calcaires jurassiques de la Côte dijonnaise,,"2","523","2","3","3","2","1"
"2521",523AE00,Complément de l'entité NV2 : Calcaires jurassiques de la Côte dijonnaise,"800","3",523AE,"2","5","5","2","3"
"2522",523AE01,"Marnes, calcaires et grès du Lias et du Trias de la Côte dijonnaise","800","3",523AE,"2","5","1","2","1"
"2523","525",Formations variées des Alpes internes et externes,,"1",,X,"2",X,"4","4"
"2524",525AA,Alluvions du plateau de la Matheysine,,"2","525","2","3","1","2","1"
"2525",525AA00,"NV3 absent, nom de l'entité NV2 : Alluvions du plateau de la Matheysine","20","3",525AA,"2","5","1","2","2"
"2526",525AB,Formations cristallines du haut bassin versant de l'Isère - Alpes internes,,"2","525","3","4","2","4","1"
"2527",525AB00,"NV3 absent, nom de l'entité NV2 : Formations cristallines du haut bassin versant de l'Isère - Alpes internes","50000","3",525AB,"3","7","2","4","2"
"2528",525AC,Formations sédimentaires du haut bassin versant de l'Isère - Alpes internes,,"2","525","3","4","2","4","1"
"2529",525AC00,"NV3 absent, nom de l'entité NV2 : Formations sédimentaires du haut bassin versant de l'Isère - Alpes internes","50000","3",525AC,"3","7","2","4","2"
"2530",525AE,Formations cristallines de Belledonne du bassin versant de l'Arc - Alpes externes,,"2","525","3","4","2","4","1"
"2531",525AE00,"NV3 absent, nom de l'entité NV2 : Formations cristallines de Belledonne du bassin versant de l'Arc - Alpes externes","50000","3",525AE,"3","6","2","4","2"
"2532",525AF,Formations sédimentaires du bassin versant de l'Arc - Alpes externes,,"2","525","3","4","2","4","1"
"2533",525AF00,"NV3 absent, nom de l'entité NV2 : Formations sédimentaires du bassin versant de l'Arc - Alpes externes","50000","3",525AF,"3","7","2","4","2"
"2534",525AG,Formations cristallines du bassin versant de l'Arc - Alpes internes,,"2","525","3","4","2","4","1"
"2535",525AG00,"NV3 absent, nom de l'entité NV2 : Formations cristallines du bassin versant de l'Arc - Alpes internes","50000","3",525AG,"3","6","2","4","2"
"2536",525AH,Formations sédimentaires du bassin versant de l'Arc - Alpes internes,,"2","525","3","4","2","4","1"
"2537",525AH00,"NV3 absent, nom de l'entité NV2 : Formations sédimentaires du bassin versant de l'Arc - Alpes internes","50000","3",525AH,"3","7","2","4","2"
"2538",525AI,Formations cristallines de Belledonne du bas bassin versant de l'Isère,,"2","525","3","4","2","4","1"
"2539",525AI00,"NV3 absent, nom de l'entité NV2 : Formations cristallines de Belledonne du bas bassin versant de l'Isère","50000","3",525AI,"3","6","2","4","2"
"2540",525AJ,Formations sédimentaires du bas bassin versant de l'Isère,,"2","525","3","4","2","4","1"
"2541",525AJ00,"NV3 absent, nom de l'entité NV2 : Formations sédimentaires du bas bassin versant de l'Isère","50000","3",525AJ,"3","6","2","4","2"
"2542",525AK,Formations cristallines du bassin versant de la Romanche,,"2","525","3","4","2","4","1"
"2543",525AK00,"NV3 absent, nom de l'entité NV2 : Formations cristallines du bassin versant de la Romanche","50000","3",525AK,"3","7","2","4","2"
"2544",525AL,Formations sédimentaires du bassin versant de la Romanche,,"2","525","3","4","2","4","1"
"2545",525AL00,"NV3 absent, nom de l'entité NV2 : Formations sédimentaires du bassin versant de la Romanche","50000","3",525AL,"3","7","2","4","2"
"2546",525AM,Formations cristallines du bassin versant du Drac,,"2","525","3","4","2","4","1"
"2547",525AM00,"NV3 absent, nom de l'entité NV2 : Formations cristallines du bassin versant du Drac","50000","3",525AM,"3","7","2","4","2"
"2548",525AO,Formations cristallines des massifs Mont Blanc - Aiguilles Rouges,,"2","525","3","4","2","4","1"
"2549",525AO00,"NV3 absent, nom de l'entité NV2 : Formations cristallines des massifs Mont Blanc - Aiguilles Rouges","50000","3",525AO,"3","6","2","4","2"
"2550",525AP,Formations sédimentaires du haut bassin versant de l'Arve,,"2","525","3","4","2","4","1"
"2551",525AP00,"NV3 absent, nom de l'entité NV2 : Formations sédimentaires du haut bassin versant de l'Arve","50000","3",525AP,"3","6","2","4","2"
"2552",525AQ,Formations cristallines du haut bassin de l'Isère - Alpes externes,,"2","525","3","4","2","4","1"
"2553",525AQ00,"NV3 absent, nom de l'entité NV2 : Formations cristallines du haut bassin de l'Isère - Alpes externes","50000","3",525AQ,"3","6","2","4","2"
"2554",525AR,Formations sédimentaires du haut bassin de l'Isère - Alpes externes,,"2","525","3","4","2","4","1"
"2555",525AR00,"NV3 absent, nom de l'entité NV2 : Formations sédimentaires du haut bassin de l'Isère - Alpes externes","50000","3",525AR,"3","6","2","4","2"
"2556",525BA,"Formations schisteuses, gréso-conglomératiques et carbonatées primaires et secondaires du bassin versant du Guil",,"2","525","2","4","2","4","1"
"2557",525BA00,"NV3 absent, nom de l'entité NV2 : Formations schisteuses, gréso-conglomératiques et carbonatées primaires et secondaires du bassin versant du Guil","98","3",525BA,"2","6","2","4","2"
"2558",525BB,"Formations schisteuses, gréso-conglomératiques et carbonatées primaires et secondaires des zones briançonnaise et piémontaise du bassin versant de l'Ubaye",,"2","525","2","4","2","4","1"
"2559",525BB00,"NV3 absent, nom de l'entité NV2 : Formations schisteuses, gréso-conglomératiques et carbonatées primaires et secondaires des zones briançonnaise et piémontaise du bassin versant de l'Ubaye","100","3",525BB,"2","6","2","4","2"
"2560",525BC,Formations marno-calcaires et gréseuses du Jurassique à l'Eocène du bassin versant de l'Ubaye,,"2","525","2","4","2","4","1"
"2561",525BC00,"NV3 absent, nom de l'entité NV2 : Formations marno-calcaires et gréseuses du Jurassique à l'Eocène du bassin versant de l'Ubaye","100","3",525BC,"2","6","2","4","2"
"2562",525BD,"Formations schisteuses, et carbonatées primaires et secondaires de la zone briançonnaise du bassin versant de la Durance",,"2","525","2","4","2","4","1"
"2563",525BD00,"NV3 absent, nom de l'entité NV2 : Formations schisteuses, et carbonatées primaires et secondaires de la zone briançonnaise du bassin versant de la Durance","100","3",525BD,"2","6","2","4","2"
"2564",525BE,Flyschs à Helminthoïdes et schistes noirs d'âge crétacé supérieur à paléocène de la nappe de l'Embrunais-Ubaye,,"2","525","2","3","4","2","1"
"2565",525BE00,"NV3 absent, nom de l'entité NV2 : Flyschs à Helminthoïdes et schistes noirs d'âge crétacé supérieur à paléocène de la nappe de l'Embrunais-Ubaye","99","3",525BE,"2","5","4","2","2"
"2566",525BF,Formations marno-calcaires et gréseuses du Jurassique à l'Eocène des bassins versants de la Doire et du Rau,,"2","525","2","4","2","4","1"
"2567",525BF00,"NV3 absent, nom de l'entité NV2 : Formations marno-calcaires et gréseuses du Jurassique à l'Eocène des bassins versants de la Doire et du Rau","100","3",525BF,"2","6","2","4","2"
"2568",525CA,Formations cristallines du Massif des Ecrins du bassin versant de la Durance,,"2","525","2","4","2","3","1"
"2569",525CA00,"NV3 absent, nom de l'entité NV2 : Formations cristallines du Massif des Ecrins du bassin versant de la Durance","100","3",525CA,"2","7","2","3","2"
"2570",525CB,"Formations cristallines du Massif de l'Argentera des bassins versants de la Tinée, du Var et de la Roya",,"2","525","2","4","2","3","1"
"2571",525CB00,"NV3 absent, nom de l'entité NV2 : Formations cristallines du Massif de l'Argentera des bassins versants de la Tinée, du Var et de la Roya","100","3",525CB,"2","7","2","3","2"
"2572","527",Socle du Massif central oriental dans le bassin Rhône Méditerranée,,"1",,X,"2",X,"3","4"
"2573",527AB,"Formations primaires cristallophylliennes et magmatiques (gneiss, granites) entre Givors et Beausemblant",,"2","527","3","4","2","3","1"
"2574",527AB00,"Complément de l'entité NV2 : Formations primaires cristallophylliennes et magmatiques (gneiss, granites) entre Givors et Beausemblant","1000","3",527AB,"3","7","2","3","3"
"2575",527AB01,Formations primaires cristallines et cristallophylliennes affleurantes et sub-affleurantes à Vienne en rive gauche du Rhône,"1000","3",527AB,"2","7","2","3","1"
"2576",527AC,"Formations primaires cristallophylliennes et magmatiques (gneiss, granites) dans le bassin versant de la Cance et de l'Ay",,"2","527","2","3","2","3","1"
"2577",527AC00,"NV3 absent, nom de l'entité NV2 : Formations primaires cristallophylliennes et magmatiques (gneiss, granites) dans le bassin versant de la Cance et de l'Ay","50000","3",527AC,"2","5","2","3","2"
"2578",527AD,"Formations primaires cristallophylliennes et magmatiques (gneiss, granites) dans le bassin versant du Doux",,"2","527","2","4","2","3","4"
"2579",527AD00,"NV3 absent, nom de l'entité NV2 : Formations primaires cristallophylliennes et magmatiques (gneiss, granites) dans le bassin versant du Doux","50000","3",527AD,"2","5","2","3","2"
"2580",527AD01,Calcaires jurassiques entre Saint-Peray (Crussol) et Charmes-sur-Rhône,"750","3",527AD,"2","6","3","2","1"
"2581",527AE,"Formations primaires cristallophylliennes et magmatiques (gneiss, granites) dans le sous-bassin versant amont de l'Ardèche",,"2","527","2","3","2","3","1"
"2582",527AE00,"NV3 absent, nom de l'entité NV2 : Formations primaires cristallophylliennes et magmatiques (gneiss, granites) dans le sous-bassin versant amont de l'Ardèche","50000","3",527AE,"2","5","2","3","2"
"2583",527AF,"Formations primaires cristallophylliennes et magmatiques (gneiss, granites) dans les bassins versants de l'Eyrieux et de l'Ouvèze",,"2","527","2","3","2","3","1"
"2584",527AF00,"NV3 absent, nom de l'entité NV2 : Formations primaires cristallophylliennes et magmatiques (gneiss, granites) dans les bassins versants de l'Eyrieux et de l'Ouvèze","50000","3",527AF,"2","5","2","3","2"
"2585",527AG,"Formations primaires cristallophylliennes et magmatiques (gneiss, granites) dans le sous-bassin versant Piémont du Tanargue (Beaume et Ligne)",,"2","527","2","3","2","3","1"
"2586",527AG00,"NV3 absent, nom de l'entité NV2 : Formations primaires cristallophylliennes et magmatiques (gneiss, granites) dans le sous-bassin versant Piémont du Tanargue (Beaume et Ligne)","50000","3",527AG,"2","5","2","3","2"
"2587",527AJ,Formations primaires métamorphiques et plutoniques affleurantes ou sub-affleurantes dans l'ouest lyonnais,,"2","527","2","3","2","3","1"
"2588",527AJ00,"NV3 absent, nom de l'entité NV2 : Formations primaires métamorphiques et plutoniques affleurantes ou sub-affleurantes dans l'ouest lyonnais","50000","3",527AJ,"2","5","2","3","2"
"2589",527AK,Formations primaires métamorphiques affleurantes ou sub-affleurantes entre Neuville-Sur-Saône et Lyon en rive gauche de la Saône,,"2","527","3","3","2","3","1"
"2590",527AK00,"NV3 absent, nom de l'entité NV2 : Formations primaires métamorphiques affleurantes ou sub-affleurantes entre Neuville-Sur-Saône et Lyon en rive gauche de la Saône","50000","3",527AK,"3","5","2","3","2"
"2591",527AL,Formations primaires cristallines des bassins versants Azergues-Brévenne-Ardière,,"2","527","2","3","4","3","1"
"2592",527AL00,"NV3 absent, nom de l'entité NV2 : Formations primaires cristallines des bassins versants Azergues-Brévenne-Ardière","50000","3",527AL,"2","5","4","3","2"
"2593",527AM,Formations primaires cristallines du bassin versant du Garon,,"2","527","2","3","2","3","1"
"2594",527AM00,"NV3 absent, nom de l'entité NV2 : Formations primaires cristallines du bassin versant du Garon","50000","3",527AM,"2","5","2","3","2"
"2595",527AN,Formations primaires cristallines du bassin versant du Gier,,"2","527","2","3","2","3","1"
"2596",527AN00,"NV3 absent, nom de l'entité NV2 : Formations primaires cristallines du bassin versant du Gier","50000","3",527AN,"2","5","2","3","2"
"2597",527AO,Socle granitique et métamorphique du Charollais,,"2","527","1","4","2","3","1"
"2598",527AO00,"NV3 absent, nom de l'entité NV2 : Socle granitique et métamorphique du Charollais","50000","3",527AO,"1","6","2","3","2"
"2599","529",Marnes du Pliocène marin de la vallée du Rhône et de ses affluents,,"1",,"1","2","1","2","4"
"2600",529AA,Argiles bleues du Pliocène inférieur de la moyenne et basse vallée du Rhône,,"2","529","1","4","1","2","1"
"2601",529AA00,"NV3 absent, nom de l'entité NV2 : Argiles bleues du Pliocène inférieur de la moyenne et basse vallée du Rhône","90","3",529AA,"1","7","1","2","2"
"2602","531","Formations du Diois, des Baronnies, de la Plaine d'Orange et du bassin de Valréas",,"1",,X,"2",X,"2","4"
"2603",531AA,Alluvions des hautes terrasses de Donzère – Les Granges-Contardes,,"2","531","2","3","1","1","1"
"2604",531AA00,"NV3 absent, nom de l'entité NV2 : Alluvions des hautes terrasses de Donzère – Les Granges-Contardes","5","3",531AA,"2","5","1","1","2"
"2605",531AB,Formations tertiaires du bassin de Valréas,,"2","531","2","4","1","2","1"
"2606",531AB00,Complément de l'entité NV2 : Formations tertiaires du bassin de Valréas,"550","3",531AB,X,"7","1","2","3"
"2607",531AB01,Calcaires barrémo-bédouliens et grès turoniens du bassin de Valréas,"550","3",531AB,"2","5","2","2","1"
"2608",531AC,Calcaires cénomano-turoniens du bassin de Dieulefit,,"2","531","3","4","5","2","1"
"2609",531AC00,"NV3 absent, nom de l'entité NV2 : Calcaires cénomano-turoniens du bassin de Dieulefit","650","3",531AC,"3","6","5","2","2"
"2610",531AD,Calcaires cénomano-turoniens de la Forêt de Saoû,,"2","531","2","4","3","2","1"
"2611",531AD00,"NV3 absent, nom de l'entité NV2 : Calcaires cénomano-turoniens de la Forêt de Saoû","650","3",531AD,"2","6","3","2","2"
"2612",531AE,Calcaires et marnes crétacés et jurassiques de la vallée du Rhône au Diois et aux Baronnies,,"2","531","2","4","3","2","1"
"2613",531AE00,Complément de l'entité NV2 : Calcaires et marnes crétacés et jurassiques de la vallée du Rhône au Diois et aux Baronnies,"700","3",531AE,"2","7","3","2","3"
"2614",531AE01,Système karstique Aucelon,"700","3",531AE,"2","5","3","2","1"
"2615",531AE02,Système karstique d'Aygue Astaud,"700","3",531AE,"2","5","3","2","1"
"2616",531AF,Calcaires barrémo-bédoulien de Montélimar-Francillon et Valdaine,,"2","531","2","4","3","2","1"
"2617",531AF00,Complément de l'entité NV2 : Calcaires barrémo-bédoulien de Montélimar-Francillon et Valdaine,"700","3",531AF,"2","7","3","2","3"
"2618",531AF01,Système karstique des calcaires barrémo-bédoulien de Montélimar-Francillon et Valdaine,"700","3",531AF,"2","5","3","2","1"
"2619","533",Formations de la bordure sous-cévenole dans le Gard et l'Ardèche,,"1",,X,"1",X,"2","4"
"2620",533AB,Formations volcaniques des Coirons,,"2","533","3","3","1","5","1"
"2621",533AB00,"NV3 absent, nom de l'entité NV2 : Formations volcaniques des Coirons","95","3",533AB,"3","5","1","5","2"
"2622",533AC,Calcaires et marnes du Crétacé supérieur de Saint-Montan à Saint-Just,,"2","533","3","4","4","2","1"
"2623",533AC00,"NV3 absent, nom de l'entité NV2 : Calcaires et marnes du Crétacé supérieur de Saint-Montan à Saint-Just","650","3",533AC,"3","6","4","2","2"
"2624",533AE,Calcaires urgoniens de la Montagne de la Serre,,"2","533","2","3","3","2","1"
"2625",533AE00,"NV3 absent, nom de l'entité NV2 : Calcaires urgoniens de la Montagne de la Serre","700","3",533AE,"2","5","3","2","2"
"2626",533AF,Calcaires jurassiques de la bordure sous-cévenole,,"2","533","2","3","3","2","1"
"2627",533AF01,Unité karstique entre Escrinet et la vallée du Rhône,"750","3",533AF,"2","5","3","2","1"
"2628",533AF02,Unité karstique Nord Vogüé,"750","3",533AF,"2","5","3","2","1"
"2629",533AF03,Unité karstique entre l'Ardèche et la Ligne,"750","3",533AF,"2","5","3","2","1"
"2630",533AF05,"Unité karstique entre l'Ardèche, la Beaume et la Ligne","750","3",533AF,"2","5","3","2","1"
"2631",533AF06,Unité karstique entre la Beaume et le Chassezac,"750","3",533AF,"2","5","3","2","1"
"2632",533AF07,Unité karstique sud Chassezac,"750","3",533AF,"2","5","3","2","1"
"2633",533AF08,Système karstique cuvette de Saint André de Cruzières,"750","3",533AF,"2","5","3","2","1"
"2634",533AG,Calcaires urgoniens en rive gauche de l'Ardèche de Vallon-Pont-d'Arc à Saint Martin d'Ardèche,,"2","533","2","4","3","2","1"
"2635",533AG00,Complément de l'entité NV2 : Calcaires urgoniens en rive gauche de l'Ardèche de Vallon-Pont-d'Arc à Saint Martin d'Ardèche,"750","3",533AG,"2","7","3","2","3"
"2636",533AG01,Unité karstique de Lagorce Ibie,"750","3",533AG,"2","5","3","2","1"
"2637",533AG02,Unité karstique du Bois Malbosc,"750","3",533AG,"2","5","3","2","1"
"2638",533AG03,Unité karstique Gras - Laoul - Sources de Tournes,"750","3",533AG,"2","5","3","2","1"
"2639",533AG04,Unité karstique Saint Montan - Viviers,"750","3",533AG,"2","5","3","2","1"
"2640",533AG05,Unités karstiques de Saint Thomé et Valvignères,"750","3",533AG,"2","5","3","2","1"
"2641",533AH,Calcaires urgoniens en rive droite de l'Ardèche de Vallon-Pont-d'Arc à Saint Martin d'Ardèche,,"2","533","2","3","3","2","1"
"2642",533AH00,"NV3 absent, nom de l'entité NV2 : Calcaires urgoniens en rive droite de l'Ardèche de Vallon-Pont-d'Arc à Saint Martin d'Ardèche","750","3",533AH,"2","5","3","2","2"
"2643",533AJ,Formations variées du Trias supérieur au Jurassique moyen de la bordure sous-cévenole,,"2","533","1","4","4","2","1"
"2644",533AJ00,"NV3 absent, nom de l'entité NV2 : Formations variées du Trias supérieur au Jurassique moyen de la bordure sous-cévenole","850","3",533AJ,"1","6","4","2","2"
"2645",533AK,Grès du Trias (moyen et inférieur) ardéchois,,"2","533","3","3","5","2","1"
"2646",533AK00,"NV3 absent, nom de l'entité NV2 : Grès du Trias (moyen et inférieur) ardéchois","860","3",533AK,"3","5","5","2","2"
"2647",533AL,Calcaires et marnes jurassiques et crétacés du Gangeois et du Thaurac,,"2","533","2","3","3","2","1"
"2648",533AL00,"NV3 absent, nom de l'entité NV2 : Calcaires et marnes jurassiques et crétacés du Gangeois et du Thaurac","200","3",533AL,"2","5","3","2","2"
"2649",533AP,"Formations du houiller, dolomies et marnes du Trias et du Lias, calcaires du Jurassique et du Crétacé inférieur de la bordure cévenole entre Saint Ambroix et Alès",,"2","533","2","3","4","2","1"
"2650",533AP00,"NV3 absent, nom de l'entité NV2 : Formations du houiller, dolomies et marnes du Trias et du Lias, calcaires du Jurassique et du Crétacé inférieur de la bordure cévenole entre Saint Ambroix et Alès","10","3",533AP,"3","5","4","2","2"
"2651",533AP01,Formations du Houiller de la bordure cévenole entre Saint-Ambroix et Alès,"110","3",533AP,"3","6","4","2","1"
"2652",533AP02,Calcaires et marnes du Lias et du Trias de la bordure cévenole entre Saint-Ambroix et Alès,"100","3",533AP,"3","5","3","4","1"
"2653",533AP03,Calcaires du Jurassique supérieur et moyen de la bordure cévenole entre Saint-Ambroix et Alès,"100","3",533AP,"3","5","3","2","1"
"2654",533AP05,Formations du Crétacé inférieur de la bordure cévenole entre Saint-Ambroix et Alès,"100","3",533AP,"2","6","4","2","1"
"2655",533AR,Calcaires du Lias et Jurassique de la bordure cévenole entre Alès et Sumène,,"2","533","2","3","3","2","1"
"2656",533AR01,Calcaires et marnes du Lias et du Trias entre Alès et Sumène,"100","3",533AR,"2","5","3","2","1"
"2657",533AR02,Calcaires jurassiques entre Alès et Sumène,"100","3",533AR,"2","5","3","2","1"
"2658",533AT,Calcaires et schistes cambriens de la région viganaise,,"2","533","2","3","4","2","1"
"2659",533AT01,Calcaires cambriens de la région viganaise,"100","3",533AT,"2","5","3","2","1"
"2660",533AT02,Schistes cambriens de la région viganaise,"100","3",533AT,"2","7","1","2","1"
"2661","534",Calcaires urgoniens du Gard et de l'Ardèche et calcaires jurassiques du Dôme de Lédignan,,"1",,X,"1",X,"2","4"
"2662",534AF,Calcaires urgoniens de la fontaine d'Eure,,"2","534","2","3","3","2","1"
"2663",534AF00,"NV3 absent, nom de l'entité NV2 : Calcaires urgoniens de la fontaine d'Eure","150","3",534AF,"2","5","3","2","2"
"2664",534AH,Calcaires urgoniens entre la vallée de la Cèze et Tavel,,"2","534","2","3","3","2","1"
"2665",534AH00,"NV3 absent, nom de l'entité NV2 : Calcaires urgoniens entre la vallée de la Cèze et Tavel","150","3",534AH,"2","5","3","2","2"
"2666",534AJ,Calcaires urgoniens des Gorges du moyen Gardon (rive gauche),,"2","534","2","3","3","2","1"
"2667",534AJ00,"NV3 absent, nom de l'entité NV2 : Calcaires urgoniens des Gorges du moyen Gardon (rive gauche)","150","3",534AJ,"2","5","3","2","2"
"2668",534AK,Calcaires urgoniens des Gorges du moyen Gardon (rive droite),,"2","534","2","3","3","2","1"
"2669",534AK00,"NV3 absent, nom de l'entité NV2 : Calcaires urgoniens des Gorges du moyen Gardon (rive droite)","150","3",534AK,"2","5","3","2","2"
"2671",534AM00,"NV3 absent, nom de l'entité NV2 : Calcaires urgoniens du Bois de Lens","150","3",534AM,"2","5","3","2","2"
"2672",534AN,Calcaires urgoniens sous couverture de la vallée des Gardons,,"2","534","1","3","2","2","1"
"2673",534AN00,"NV3 absent, nom de l'entité NV2 : Calcaires urgoniens sous couverture de la vallée des Gardons","200","3",534AN,"1","5","2","2","2"
"2674",534AP,Calcaires urgoniens du secteur de Villeneuve les Avignon,,"2","534","2","3","3","2","1"
"2675",534AP00,"NV3 absent, nom de l'entité NV2 : Calcaires urgoniens du secteur de Villeneuve les Avignon","250","3",534AP,"2","5","3","2","2"
"2676",534AQ,Calcaires urgoniens du bassin hydrogéologique de la Cèze,,"2","534","2","3","3","2","1"
"2677",534AQ00,"NV3 absent, nom de l'entité NV2 : Calcaires urgoniens du bassin hydrogéologique de la Cèze","200","3",534AQ,"2","5","3","2","2"
"2678",534AS,Formations urgoniennes ou tertiaires du bassin de Pujaut à Fournès (calcaires et marnes),,"2","534","3","3","4","2","1"
"2679",534AS00,"NV3 absent, nom de l'entité NV2 : Formations urgoniennes ou tertiaires du bassin de Pujaut à Fournès (calcaires et marnes)","250","3",534AS,"3","5","4","2","2"
"2680",534AU,Calcaires jurassiques du dôme de Lédignan,,"2","534","3","3","3","2","1"
"2681",534AU00,"NV3 absent, nom de l'entité NV2 : Calcaires jurassiques du dôme de Lédignan","400","3",534AU,"3","5","3","2","2"
"2682","548",Marnes et marno-calcaires crétacés et oligocènes de la bordure des Cévennes et du Bas-Vivarais,,"1",,"2","2","2","2","4"
"2683",548AC,Marnes et marno-calcaires crétacés et oligocènes de la bordure des Cévennes et du Bas-Vivarais,,"2","548","2","4","2","2","1"
"2684",548AC00,Complément de l'entité NV2 : Marnes et marno-calcaires crétacés et oligocènes de la bordure des Cévennes et du Bas-Vivarais,"120","3",548AC,"3","6","1","2","3"
"2685",548AC01,Calcaires du Barrémo-bédoulien de Meysse,"650","3",548AC,"2","5","2","2","1"
"2686","561",Formations sédimentaires crétacées et tertiaires des basses vallées du Rhône et de la Durance,,"1",,X,"1",X,"2","4"
"2687",561AA,Molasse miocène du Comtat Venaissin,,"2","561","3","3","1","2","1"
"2688",561AA00,"NV3 absent, nom de l'entité NV2 : Molasse miocène du Comtat Venaissin","200","3",561AA,"3","5","1","2","2"
"2689",561AB,Formations crétacées et tertiaires du bassin du Calavon,,"2","561","2","4","1","2","1"
"2690",561AB00,Complément de l'entité NV2 : Formations crétacées et tertiaires du bassin du Calavon,"99","3",561AB,"2","6","1","2","3"
"2691",561AB01,Molasse miocène des bassins d'Apt et de l’Encrême,"10","3",561AB,"1","5","1","2","1"
"2692",561AC,Formations détritiques mio-pliocènes du plateau de Valensole,,"2","561","2","3","4","2","1"
"2693",561AC00,"NV3 absent, nom de l'entité NV2 : Formations détritiques mio-pliocènes du bassin de Digne – Valensole","100","3",561AC,"2","5","4","2","2"
"2694",561AD,Formations variées à dominante tertiaire de la basse et moyenne vallée de la Durance,,"2","561","3","4","1","2","1"
"2695",561AD00,"NV3 absent, nom de l'entité NV2 : Formations variées à dominante tertiaire de la basse et moyenne vallée de la Durance","100","3",561AD,"3","6","1","2","2"
"2696",561AE,Formations crétacées et tertiaires du bassin versant de la Touloubre et de l’ouest de l’étang de Berre,,"2","561","3","3","2","2","4"
"2697",561AE00,"NV3 absent, nom de l'entité NV2 : Formations crétacées et tertiaires du bassin versant de la Touloubre et de l’ouest de l’étang de Berre","100","3",561AE,"3","5","2","2","2"
"2698",561AF,Cailloutis plio-quaternaires de la plaine de Crau,,"2","561","2","3","1","2","1"
"2699",561AF00,"NV3 absent, nom de l'entité NV2 : Cailloutis plio-quaternaires de la plaine de Crau","5","3",561AF,"2","5","1","2","2"
"2700",561AG,Formations deltaïques plio-quaternaires de Camargue,,"2","561","3","4","1","2","4"
"2701",561AG00,"NV3 absent, nom de l'entité NV2 : formations deltaïques plio-quaternaires de Camargue","10","3",561AG,"3","6","1","2","2"
"2702",561AH,Formations crétacées et tertiaires du sud du Comtat,,"2","561","3","4","1","2","1"
"2703",561AH00,Complément de l'entité NV2 : Formations crétacées et tertiaires du sud du Comtat,"100","3",561AH,"3","6","1","2","3"
"2704",561AH01,Sables blancs cénomaniens de Bédouin-Mormoiron,"10","3",561AH,"3","5","1","2","1"
"2705",561AI,Formations jurassiques à quaternaires de la basse vallée du Rhône,,"2","561","3","4","1","2","1"
"2706",561AI00,"NV3 absent, nom de l'entité NV2 : Formations jurassiques à quaternaires de la basse vallée du Rhône","100","3",561AI,"3","6","1","2","2"
"2707",561AJ,Calcaires et grès du Crétacé supérieur de la vallée du Rhône de Pont-Saint-Esprit à Roquemaure,,"2","561","3","4","2","2","1"
"2708",561AJ00,"NV3 absent, nom de l'entité NV2 : Calcaires et grès du Crétacé supérieur de la vallée du Rhône de Pont-Saint-Esprit à Roquemaure","300","3",561AJ,"3","6","2","2","2"
"2709","563",Formations sédimentaires secondaires et tertiaires de la côte méditerranéenne,,"1",,"3","1",X,"2","4"
"2710",563AA,Formations secondaires et tertiaires du bassin de l'Arc,,"2","563","3","3","5","2","1"
"2711",563AA01,Formations calcaires du Crétacé supérieur du bassin de l'Arc,"10","3",563AA,"3","5","5","2","1"
"2712",563AB,Formations détritiques à dominante oligocène du bassin de Marseille,,"2","563","3","4","1","2","1"
"2713",563AB00,"NV3 absent, nom de l'entité NV2 : Formations détritiques à dominante oligocène du bassin de Marseille","99","3",563AB,"3","6","1","2","2"
"2714",563AC,Grès et marnes du Crétacé supérieur du bassin du Beausset,,"2","563","3","4","1","2","1"
"2715",563AC00,"NV3 absent, nom de l'entité NV2 : Grès et marnes du Crétacé supérieur du bassin du Beausset","100","3",563AC,"3","6","1","2","2"
"2716",563AE,Poudingues pliocènes de la basse vallée du Var,,"2","563","3","3","1","2","1"
"2717",563AE00,"NV3 absent, nom de l'entité NV2 : Poudingues pliocènes de la basse vallée du Var","99","3",563AE,"3","5","1","2","2"
"2718",563AF,Alluvions de la plaine de l'Eygoutier,,"2","563","3","3","1","2","1"
"2719",563AF00,"NV3 absent, nom de l'entité NV2 : Alluvions de la plaine de l'Eygoutier","100","3",563AF,"3","5","1","2","2"
"2720","565","Formations calcaires karstiques provençales et sub-alpines, à dominante crétacée de Provence",,"1",,X,"1","3","2","4"
"2721",565AA,Massif calcaire du Crétacé supérieur du Dévoluy,,"2","565","2","3","3","2","1"
"2722",565AA00,"NV3 absent, nom de l'entité NV2 : Massif calcaire du Crétacé supérieur du Dévoluy","100","3",565AA,"2","5","3","2","2"
"2723",565AE,"Formations calcaires du Crétacé supérieur des haut-bassins Verdon, Durance et Var",,"2","565","2","3","3","2","1"
"2724",565AE00,"NV3 absent, nom de l'entité NV2 : Formations calcaires du Crétacé supérieur des haut-bassins Verdon, Durance et Var","100","3",565AE,"2","5","3","2","2"
"2725",565AF,Calcaires du Crétacé inférieur des Monts de Vaucluse et de la montagne du Lubéron,,"2","565","2","3","3","2","1"
"2786",569AF,Formations calcaires jurassiques des Préalpes niçoises,,"2","569","2","3","3","2","1"
"2726",565AF00,Complément de l'entité NV2 : Calcaires du Crétacé inférieur des Monts de Vaucluse et de la montagne du Lubéron,"100","3",565AF,"2","5","3","2","3"
"2727",565AF01,Unité karstique de la Fontaine de Vaucluse,"10","3",565AF,"2","5","3","2","1"
"2728",565AF02,Ensemble Nord-Ventoux - Montagne de Bluye,"10","3",565AF,"2","5","3","2","1"
"2729",565AF03,Calcaires urgoniens massif du Luberon et du bassin du Coulon-Calavon,"10","3",565AF,"2","5","3","2","1"
"2730",565AI,"Massifs carbonatés jurassiques et crétacés des chaînes de l'Estaque, de la Nerthe, de l'Etoile et du Garlaban",,"2","565","2","3","3","2","1"
"2731",565AI01,"Massifs carbonatés jurassiques et crétacés des chaînes de l'Estaque, de la Nerthe","10","3",565AI,"2","5","3","2","1"
"2732",565AI02,Massifs carbonatés jurassiques et crétacés du massif de l'Etoile,"10","3",565AI,"2","5","3","2","1"
"2733",565AI03,Massifs carbonatés jurassiques et crétacés du massif du Garlaban,"10","3",565AI,"2","5","3","2","1"
"2734",565AJ,Massifs calcaires du Jurassique supérieur et du Crétacé inférieur des Calanques et du bassin du Beausset,,"2","565","1","3","3","2","1"
"2735",565AJ00,Systèmes karstiques des Calanques entre Marseille et Cassis,"5000","3",565AJ,"1","5","3","2","3"
"2736",565AJ01,Massifs calcaires jurassiques du Faron (source Saint-Antoine) et du Coudon,"5000","3",565AJ,"3","5","3","4","1"
"2737",565AK,Massifs calcaires crétacés des Alpilles et de la Montagnette,,"2","565","2","3","3","2","1"
"2738",565AK00,Massif calcaire crétacé de la Montagnette,"5000","3",565AK,"1","5","3","2","2"
"2739",565AK01,Massif calcaire crétacé des Alpilles,"10","3",565AK,"2","5","3","2","1"
"2740",565AL,"Massifs calcaires crétacés des Costes, de la Barben et de la Fare",,"2","565","2","3","3","2","1"
"2741",565AL00,"NV3 absent, nom de l'entité NV2 : Massifs calcaires crétacés des Costes, de la Barben et de la Fare","100","3",565AL,"2","5","3","2","2"
"2742",565AL01,Massifs calcaires crétacés des Costes,"150","3",565AL,"2","5","3","2","1"
"2743",565AL02,Massifs calcaires crétacés de la Barben et de la Fare,"10","3",565AL,"2","5","3","2","1"
"2744","567",Formations calcaires à dominante jurassique des départements du Var et des Bouches-du-Rhône,,"1",,"2","1","3","2","4"
"2745",567AA,Massif calcaire jurassique à crétacé de la Sainte-Victoire,,"2","567","2","3","3","2","1"
"2746",567AA00,"NV3 absent, nom de l'entité NV2 : Massif calcaire jurassique à crétacé de la Sainte-Victoire","100","3",567AA,"2","5","3","2","2"
"2747",567AB,Calcaires jurassiques du Bassin de l'Arc,,"2","567","2","3","3","2","1"
"2748",567AB00,"NV3 absent, nom de l'entité NV2 : Calcaires jurassiques du Bassin de l'Arc","110","3",567AB,"2","5","3","2","2"
"2749",567AC,"Massifs calcaires jurassiques à crétacés de la Sainte Baume, du Mont Aurélien et de l'Agnis",,"2","567","2","3","3","2","1"
"2750",567AC00,"NV3 absent, nom de l'entité NV2 : Massifs calcaires jurassiques à crétacés de la Sainte Baume, du Mont Aurélien et de l'Agnis","100","3",567AC,"2","5","3","2","2"
"2751",567AC01,Massif calcaire jurassique supérieur d'Agnis,"10","3",567AC,"2","5","3","2","1"
"2752",567AD,Massif calcaire jurassique à crétacé inférieur de Beaumont-de-Pertuis,,"2","567","2","3","3","2","1"
"2753",567AD00,"NV3 absent, nom de l'entité NV2 : Massif calcaire jurassique à crétacé inférieur de Beaumont-de-Pertuis","5000","3",567AD,"1","5","3","2","2"
"2754",567AD01,Massifs calcaires jurassique à crétacé inférieur du secteur de Mirabeau et du nord-ouest du Var : Bois de Mont Major - source de la Foux,"10","3",567AD,"2","5","3","2","1"
"2755",567AD02,Massif calcaire jurassique de Vautubière,"10","3",567AD,"2","5","3","2","1"
"2756",567AD03,Massif calcaire jurassique de Jouques,"10","3",567AD,"2","5","3","2","1"
"2757",567AD04,Massif calcaire jurassique à crétacé inférieur de Mirabeau,"5000","3",567AD,"2","5","3","2","1"
"2758",567AD05,Massif calcaire jurassique à crétacé inférieur de Beaumont-de-Pertuis,"10","3",567AD,"2","5","3","2","1"
"2759",567AD06,Massif calcaire jurassique à tertiaire de Cadarache,"10","3",567AD,"2","5","3","2","1"
"2760",567AE,"Massifs carbonatés jurassiques du Centre-Var, hauts bassins de l'Argens et du Gapeau",,"2","567","2","3","3","2","1"
"2761",567AE01,Massif calcaire jurassique de Lorgues,"10","3",567AE,"2","5","3","2","1"
"2762",567AE02,Massif calcaire jurassique de Cotignac,"10","3",567AE,"2","5","3","2","1"
"2763",567AE03,Massif calcaire jurassique de Correns - Bessillon,"10","3",567AE,"2","5","3","2","1"
"2764",567AE04,Massif calcaire jurassique du Val,"10","3",567AE,"2","5","3","2","1"
"2765",567AE05,Massif calcaire jurassique de Vins,"10","3",567AE,"2","5","3","2","1"
"2766",567AE06,Massif calcaire jurassique de Brignoles,"10","3",567AE,"2","5","3","2","1"
"2767",567AE07,Massif calcaire jurassique de Saint-Quinis,"10","3",567AE,"2","5","3","2","1"
"2768",567AE08,Massif calcaire jurassique de Rocbaron,"10","3",567AE,"2","5","3","2","1"
"2769",567AE09,Massif calcaire jurassique de Néoules,"10","3",567AE,"2","5","3","2","1"
"2770",567AE10,Massif calcaire jurassique de Cuers,"10","3",567AE,"2","5","3","2","1"
"2771",567AM,Plateaux calcaires jurassiques de Tavernes - Vinon,,"2","567","2","3","3","2","1"
"2772",567AM00,"NV3 absent, nom de l'entité NV2 : Plateaux calcaires jurassiques de Tavernes - Vinon","150","3",567AM,"2","5","3","2","2"
"2773",567AO,Formations carbonatées jurassiques du Plan de Canjuers et de ses unités de bordure,,"2","567","2","3","3","2","1"
"2774",567AO00,"NV3 absent, nom de l'entité NV2 : Formations carbonatées jurassiques du Plan de Canjuers et de ses unités de bordure","100","3",567AO,"2","5","3","2","2"
"2775","569",Ensemble jurassique subalpin et formations carbonatées du Muschelkalk du sud des Alpes-Maritimes,,"1",,"2","1","3","2","4"
"2776",569AA,Ecailles calcaires jurassiques du Mont Vial,,"2","569","2","3","3","2","1"
"2777",569AA00,"NV3 absent, nom de l'entité NV2 : Ecailles calcaires jurassiques du Mont Vial","99","3",569AA,"2","5","3","2","2"
"2778",569AB,Massifs calcaires et jurassiques de la région de Mons - Audibergue,,"2","569","2","3","3","2","1"
"2779",569AB00,"NV3 absent, nom de l'entité NV2 : Massifs calcaires et jurassiques de la région de Mons - Audibergue","100","3",569AB,"2","5","3","2","2"
"2780",569AC,Massif calcaire jurassique du Cheiron,,"2","569","2","3","3","2","1"
"2781",569AC00,"NV3 absent, nom de l'entité NV2 : Massif calcaire jurassique du Cheiron","100","3",569AC,"2","5","3","2","2"
"2782",569AD,Massifs calcaires jurassiques de la région de Tourette - Chiers,,"2","569","2","3","3","2","1"
"2783",569AD00,"NV3 absent, nom de l'entité NV2 : Massifs calcaires jurassiques de la région de Tourette - Chiers","100","3",569AD,"2","5","3","2","2"
"2784",569AE,Formations carbonatées du Jurassique de la région de Villeneuve - Loubet,,"2","569","2","3","3","2","1"
"2785",569AE00,"NV3 absent, nom de l'entité NV2 : Formations carbonatées du Jurassique de la région de Villeneuve - Loubet","100","3",569AE,"2","5","3","2","2"
"2893","604",Formations métamorphiques alpines de Corse,,"1",,"2","1","2","4","4"
"2787",569AF00,"NV3 absent, nom de l'entité NV2 : Formations calcaires jurassiques des Préalpes niçoises","200","3",569AF,"2","5","3","2","2"
"2788",569AG,Formations carbonatées du Muschelkalk du sud-ouest des Alpes-Maritimes,,"2","569","2","3","3","2","1"
"2789",569AG00,"NV3 absent, nom de l'entité NV2 : Formations carbonatées du Muschelkalk du sud-ouest des Alpes-Maritimes","100","3",569AG,"2","5","3","2","2"
"2790","571",Formations carbonatées à dominante triasique du département du Var,,"1",,"2","1","3","2","4"
"2791",571AC,Calcaires et dolomies du Muschelkalk du Massif de Flassans,,"2","571","2","3","3","2","1"
"2792",571AC00,"NV3 absent, nom de l'entité NV2 : Calcaires et dolomies du Muschelkalk du Massif de Flassans","100","3",571AC,"2","5","3","2","2"
"2793",571AD,Calcaires et dolomies triasiques de l'Arc de Barjols,,"2","571","2","3","3","2","1"
"2794",571AD00,"NV3 absent, nom de l'entité NV2 : Calcaires et dolomies triasiques de l'Arc de Barjols","100","3",571AD,"2","5","3","2","2"
"2795",571AE,Calcaires et dolomies du Muschelkalk de la région de Draguignan,,"2","571","2","3","3","2","1"
"2796",571AE00,"NV3 absent, nom de l'entité NV2 : Calcaires et dolomies du Muschelkalk de la région de Draguignan","100","3",571AE,"2","5","3","2","2"
"2797",571AE01,Calcaires et dolomies du Muschelkalk de la région de Draguignan - Trans-en-Provence - La Motte,"10","3",571AE,"2","5","3","2","1"
"2798",571AE02,Calcaires et dolomies du Muschelkalk du Plateau des Arcs - Nouradons,"10","3",571AE,"2","5","3","2","1"
"2799",571AE04,Calcaires et dolomies du Muschelkalk de la région de Fayence - Montauroux,"10","3",571AE,"2","5","3","2","1"
"2800","573",Formations antécarbonifères à triasiques du Var et des Alpes-Maritimes,,"1",,"2","2","2","4","4"
"2801",573AA,Formations marno-calcaires et argileuses du Trias au Crétacé du centre du Var - Bassins versants de l'Argens et du Gapeau,,"2","573","2","4","2","4","1"
"2802",573AA00,"NV3 absent, nom de l'entité NV2 : Formations marno-calcaires et argileuses du Trias au Crétacé du centre du Var - Bassins versants de l'Argens et du Gapeau","99","3",573AA,"2","6","2","4","2"
"2803",573AA01,Bande triasique de Méounes – Garéoult - la Roquebrussanne,"10","3",573AA,"2","5","3","2","1"
"2804",573AB,Marnes et cargneules du Trias supérieur entre la Siagne et le Loup,,"2","573","2","4","2","4","1"
"2805",573AB00,"NV3 absent, nom de l'entité NV2 : Marnes et cargneules du Trias supérieur entre la Siagne et le Loup","100","3",573AB,"2","6","2","4","2"
"2806",573AC,Grès et pélites du Trias inférieur et du Permien du bassin versant du Gapeau,,"2","573","2","4","2","4","1"
"2807",573AC00,"NV3 absent, nom de l'entité NV2 : Grès et pélites du Trias inférieur et du Permien du bassin versant du Gapeau","100","3",573AC,"2","7","2","4","2"
"2808",573AD,Grès et pélites du Trias inférieur et du Permien du bassin versant de l'Argens,,"2","573","2","4","2","4","1"
"2809",573AD00,"NV3 absent, nom de l'entité NV2 : Grès et pélites du Trias inférieur et du Permien du bassin versant de l'Argens","100","3",573AD,"2","7","2","4","2"
"2810",573AF,"Formations anté-carbonifères à liasiques de la région de Toulon - Bassins versants du Grand Vallat, de la Reppe et du Las et Mont des Oiseaux",,"2","573","2","4","2","4","1"
"2811",573AF00,"NV3 absent, nom de l'entité NV2 : Formations anté-carbonifères à liasiques de la région de Toulon - Bassins versants du Grand Vallat, de la Reppe et du Las et Mont des Oiseaux","200","3",573AF,"2","7","2","4","2"
"2812",573AF01,Calcaires et dolomies muschelkalk de la bordure sud de la plaine de l'Eygoutier,"10","3",573AF,"2","5","3","2","1"
"2813",573AF02,Calcaires liasiques du synclinal de Bandol,"10","3",573AF,"2","5","3","2","1"
"2814","577",Formations marno-calcaires secondaires à tertiaires de la Moyenne-Durance et du Verdon,,"1",,"2","2",X,"4","4"
"2815",577AA,Formations marno-calcaires du Jurassique moyen au Crétacé des bassins versants du Buech et du Jabron,,"2","577","2","4","1","2","1"
"2816",577AA00,"NV3 absent, nom de l'entité NV2 : Formations marno-calcaires du Jurassique moyen au Crétacé des bassins versants du Buech et du Jabron","100","3",577AA,"2","7","1","2","2"
"2817",577AC,Formations marno-calcaires du Lias au Crétacé du bassin versant de la Durance (De Chateauroux à Sisteron),,"2","577","2","4","2","4","1"
"2818",577AC00,"NV3 absent, nom de l'entité NV2 : Formations marno-calcaires du Lias au Crétacé du bassin versant de la Durance (De Chateauroux à Sisteron)","100","3",577AC,"2","6","2","4","2"
"2819",577AD,Formations marno-calcaires du Trias au Crétacé du bassin versant de la Haute-Bléone,,"2","577","2","4","2","4","1"
"2820",577AD00,"NV3 absent, nom de l'entité NV2 : Formations marno-calcaires du Trias au Crétacé du bassin versant de la Haute-Bléone","100","3",577AD,"2","6","2","4","2"
"2821",577AE,Formations marno-calcaires du Lias à l'Oligocène du bassin versant de la Haute-Asse,,"2","577","2","4","2","4","1"
"2822",577AE00,"NV3 absent, nom de l'entité NV2 : Formations marno-calcaires du Lias à l'Oligocène du bassin versant de la Haute-Asse","100","3",577AE,"2","6","2","4","2"
"2823",577AF,Formations marno-calcaires et gréseuses du Crétacé à l'Eocène du Haut-Verdon,,"2","577","2","4","2","4","1"
"2824",577AF00,"NV3 absent, nom de l'entité NV2 : Formations marno-calcaires et gréseuses du Crétacé à l'Eocène du Haut-Verdon","100","3",577AF,"2","6","2","4","2"
"2825",577AG,Formations marno-calcaires secondaires et tertiaires et grès oligocènes du bassin versant du Moyen-Verdon et de l'Artuby,,"2","577","2","4","2","4","1"
"2826",577AG00,"NV3 absent, nom de l'entité NV2 : Formations marno-calcaires secondaires et tertiaires et grès oligocènes du bassin versant du Moyen-Verdon et de l'Artuby","100","3",577AG,"2","6","2","4","2"
"2827",577AG01,Calcaires jurassiques du col de l'Olivier,"10","3",577AG,"2","5","3","2","1"
"2828",577AH,Grès éocènes du Champsaur - bassin versant de la Durance,,"2","577","2","4","4","4","1"
"2829",577AH00,"NV3 absent, nom de l'entité NV2 : Grès éocènes du Champsaur - bassin versant de la Durance","98","3",577AH,"2","6","4","4","2"
"2830","581",Formations cristallines anté-carbonifères à permiennes du Var,,"1",,"2","2","2","3","4"
"2831",581AA,Phyllades anté-carbonifères du Massif des Maures - bassin versant du Gapeau,,"2","581","2","4","2","3","1"
"2832",581AA00,"NV3 absent, nom de l'entité NV2 : Phyllades anté-carbonifères du Massif des Maures - bassin versant du Gapeau","100","3",581AA,"2","7","2","3","2"
"2833",581AB,Gneiss et micaschistes anté-carbonifères du Massif des Maures - bassin versant de l'Argens,,"2","581","2","4","2","3","1"
"2834",581AB00,"NV3 absent, nom de l'entité NV2 : Gneiss et micaschistes anté-carbonifères du Massif des Maures - bassin versant de l'Argens","100","3",581AB,"2","7","2","3","2"
"2835",581AC,"Gneiss et micaschistes anté-carbonifères du Massif des Maures - bassin versant Giscle, Môle et Batailler",,"2","581","2","4","2","3","1"
"2836",581AC00,"NV3 absent, nom de l'entité NV2 : Gneiss et micaschistes anté-carbonifères du Massif des Maures - bassin versant Giscle, Môle et Batailler","100","3",581AC,"2","7","2","3","2"
"2837",581AD,Formations métamorphiques primaires des îles d'Hyères,,"2","581","2","4","2","3","4"
"2838",581AD00,"NV3 absent, nom de l'entité NV2 : Formations métamorphiques primaires des îles d'Hyères","100","3",581AD,"2","7","2","3","2"
"2839",581AE,Formations cristallines et volcaniques primaires des massifs de l’Estérel et du Tanneron,,"2","581","2","4","2","3","1"
"2840",581AE00,"NV3 absent, nom de l'entité NV2 : Formations cristallines et volcaniques primaires des massifs de l’Estérel et du Tanneron","100","3",581AE,"2","7","2","3","2"
"2841","583",Formations marno-calcaires et gréseuses primaires à tertiaires des Alpes-Maritimes et du bassin versant du Var,,"1",,"2","2","2","4","4"
"2842",583AA,Formations marno-calcaires et gréseuses primaires à tertiaires des Alpes-Maritimes et du bassin versant du Var,,"2","583","2","4","2","4","1"
"2843",583AA00,"NV3 absent, nom de l'entité NV2: Formations marno-calcaires et gréseuses primaires à tertiaires des Alpes-Maritimes et du bassin versant du Var","100","3",583AA,"2","6","2","4","2"
"2844",583AB,Formations marno-calcaires et grès du secondaire au tertiaire des préalpes niçoises,,"2","583","2","4","2","4","1"
"2845",583AB00,"NV3 absent, nom de l'entité NV2 : Formations marno-calcaires et grès du secondaire au tertiaire des préalpes niçoises","100","3",583AB,"2","6","2","4","2"
"2846",583AC,Formations diverses à dominante marneuse du Crétacé au Pliocène moyen du Sud-Ouest des Alpes-Maritimes,,"2","583","2","4","2","4","1"
"2847",583AC00,Complément de l'entité NV2 : Formations diverses à dominante marneuse du Crétacé au Pliocène moyen du Sud-Ouest des Alpes-Maritimes,"10","3",583AC,"3","7","4","2","3"
"2848",583AC01,Formations andésitiques oligocènes du secteur des Aspres,"10","3",583AC,"2","5","2","5","1"
"2849","585",Formations marno-calcaires secondaires du bassin versant du Drac et grès tertiaires du Champsaur,,"1",,"1","1","3","2","1"
"2850",585AA,Formations marno-calcaires secondaires du bassin versant du Drac et grès tertiaires du Champsaur,,"2","585","1","3","3","2","1"
"2851",585AA01,Formations marno-calcaires secondaires du bassin versant du Drac et grès tertiaires du Champsaur,"5000","3",585AA,"1","5","3","2","1"
"2852","600",Formations tertiaires et quaternaires de Corse,,"1",,"2","12",X,"2","4"
"2853",600AA,Domaine hydrogéologique des flysch pélito-gréseux éocènes de Solenzara,,"2","600","2","4","4","2","4"
"2854",600AA01,Flysch pélito-gréseux éocènes de Solenzara,"10","3",600AA,"2","6","4","2","1"
"2855",600AC,Domaine hydrogéologique des alluvions anciennes de la plaine alluviale de la Marana-Casinca,,"2","600","2","3","1","2","4"
"2856",600AC01,Alluvions anciennes de la plaine alluviale de la Marana-Casinca,"10","3",600AC,"2","5","1","2","1"
"2857",600AE,Formations du Miocène et du Pliocène de Corse,,"2","600","2","3","1","2","4"
"2858",600AE01,Formations du Miocène et du Pliocène de la Plaine-Orientale,"10","3",600AE,"3","6","1","2","1"
"2859",600AE04,Calcaires bioclastiques et molasses miocènes du bassin de Saint-Florent,"10","3",600AE,"2","6","4","2","1"
"2860",600AE07,Grès et biocalcarénites miocènes du bassin de Bonifacio,"20","3",600AE,"1","6","4","2","1"
"2861",600AE10,Arènes et sables miocènes du bassin de Bonifacio,"10","3",600AE,"2","6","1","2","1"
"2862",600AE13,Grès et conglomérats miocènes du bassin de Francardo - Ponte Leccia,"10","3",600AE,"2","6","1","2","1"
"2863","602",Socle granitique de la Corse,,"1",,"2","2","2","3","4"
"2864",602AA,Socle granitique du nord-ouest de la Corse,,"2","602","2","4","2","3","4"
"2865",602AA01,Socle granitique du bassin versant de l'Asco,"10","3",602AA,"2","7","2","3","1"
"2866",602AA02,Socle granitique des bassins versants des fleuves côtiers de l'Aliso inclus à l'Ostriconi,"10","3",602AA,"2","7","2","3","1"
"2867",602AA03,Socle granitique des bassins versants des fleuves côtiers de l'Ostriconi au ruisseau de Teghiella,"10","3",602AA,"2","6","2","3","1"
"2868",602AA04,Socle granitique des bassins versants des fleuves côtiers du ruisseau de Teghiella inclus au ruisseau de Cardiccia,"10","3",602AA,"2","6","2","3","1"
"2869",602AA05,Socle granitique des bassins versants des fleuves côtiers du ruisseau de Cardiccia inclus à la Punta Muchillia,"10","3",602AA,"2","7","2","3","1"
"2870",602AA06,Socle granitique des bassins versants des fleuves côtiers de la Punta Muchillia au ruisseau d'Esigna inclus,"10","3",602AA,"2","7","2","3","1"
"2871",602AA07,Socle granitique des bassins versants des fleuves côtiers du ruisseau d'Esigna au Liamone,"10","3",602AA,"2","7","2","3","1"
"2872",602AB,Socle granitique du centre de la Corse,,"2","602","2","4","2","3","4"
"2873",602AB01,Socle granitique du bassin versant du Golo de sa source à l'Asco,"10","3",602AB,"2","6","2","3","1"
"2874",602AB02,Socle granitique du bassin versant du Liamone,"10","3",602AB,"2","6","2","3","1"
"2875",602AB03,Socle granitique du bassin versant du Tavignano de sa source au Vecchio inclus,"10","3",602AB,"2","5","2","3","1"
"2876",602AC,Socle granitique du secteur d'Ajaccio,,"2","602","2","4","2","3","4"
"2877",602AC01,Socle granitique des bassins versants des fleuves côtiers du Liamone à la Gravona,"10","3",602AC,"2","7","2","3","1"
"2878",602AC02,Socle granitique du bassin versant de la Gravona,"10","3",602AC,"2","7","2","3","1"
"2879",602AD,Socle granitique du Taravo et de l'Alta-Rocca,,"2","602","2","3","2","3","4"
"2880",602AD01,Socle granitique du bassin versant du Prunelli,"10","3",602AD,"2","5","2","3","1"
"2881",602AD02,Socle granitique des bassins versants des fleuves côtiers du Taravo au Prunelli,"10","3",602AD,"2","7","2","3","1"
"2882",602AD03,Socle granitique du bassin versant du Taravo,"10","3",602AD,"2","5","2","3","1"
"2883",602AD04,Socle granitique des bassins versants des fleuves côtiers du Taravo au Rizzanese,"10","3",602AD,"2","7","2","3","1"
"2884",602AD05,Socle granitique du bassin versant du Rizzanese,"10","3",602AD,"2","5","2","3","1"
"2885",602AD06,Socle granitique des bassins versants des fleuves côtiers du Tavignano au Fium Orbu inclus,"10","3",602AD,"2","5","2","3","1"
"2886",602AD07,Socle granitique des bassins versants des fleuves côtiers du Fium Orbu au Travo inclus,"10","3",602AD,"2","5","2","3","1"
"2887",602AE,Socle granitique de l'extrême sud de la Corse,,"2","602","2","4","2","3","4"
"2888",602AE01,Socle granitique des bassins versants des fleuves côtiers du Rizzanese à l'Ortolo inclus,"10","3",602AE,"2","7","2","3","1"
"2889",602AE02,Socle granitique des bassins versants des fleuves côtiers du Travo à la rivière de Conca,"10","3",602AE,"2","7","2","3","1"
"2890",602AE03,Socle granitique des bassins versants des fleuves côtiers de la rivière de Conca incluse au Stabiacciu,"10","3",602AE,"2","7","2","3","1"
"2891",602AE04,Socle granitique des bassins versants des fleuves côtiers du Stabiacciu inclus au ruisseau de Ventilegne,"10","3",602AE,"2","7","2","3","1"
"2892",602AE05,Socle granitique des bassins versants des fleuves côtiers du ruisseau de Ventilegne inclus à l'Ortolo,"10","3",602AE,"2","7","2","3","1"
"2894",604AA,Formations métamorphiques de la Balagne,,"2","604","2","4","2","4","4"
"2895",604AA01,Formations métamorphiques du bassin versant de l'Asco,"10","3",604AA,"2","7","2","4","1"
"2896",604AA02,Formations métamorphiques des bassins versants des fleuves côtiers de l'Ostriconi au ruisseau de Teghiella,"10","3",604AA,"2","6","2","4","1"
"2897",604AB,Formations métamorphiques du Cap-Corse,,"2","604","2","4","2","4","4"
"2898",604AB01,Formations métamorphiques des bassins versants des fleuves côtiers du Golo au ruisseau de Poggiolo et du Fium Albino inclus à l'Aliso,"10","3",604AB,"2","6","2","4","1"
"2899",604AB02,Formations métamorphiques des bassins versants des fleuves côtiers du ruisseau de Poggiolo inclus au Fium Albino,"10","3",604AB,"2","6","2","4","1"
"2900",604AB03,Formations métamorphiques des bassins versants des fleuves côtiers de l'Aliso inclus à l'Ostriconi,"10","3",604AB,"2","6","2","4","1"
"2901",604AC,Formations métamorphiques de la Castagniccia,,"2","604","2","3","2","4","4"
"2902",604AC01,Formations métamorphiques du bassin versant du Golo de sa source à l'Asco,"10","3",604AC,"2","5","2","4","1"
"2903",604AC02,Formations métamorphiques des bassins versants des fleuves côtiers du Golo inclus au Fium Alto,"10","3",604AC,"2","6","2","4","1"
"2904",604AC03,Formations métamorphiques du bassin versant du Tavignano de sa source au Vecchio inclus,"10","3",604AC,"2","5","2","4","1"
"2905",604AC04,Formations métamorphiques du bassin versant du Tavignano du Vecchio à la mer Méditerranée,"10","3",604AC,"2","5","2","4","1"
"2906",604AC05,Formations métamorphiques des bassins versants des fleuves côtiers de la rivière d'Alesani incluse au Tavignano,"10","3",604AC,"2","5","2","4","1"
"2907",604AC06,Formations métamorphiques des bassins versants des fleuves côtiers de la rivière d'Alesani au Fium alto inclus,"10","3",604AC,"2","5","2","4","1"
"2908",604AC07,Formations métamorphiques des bassins versants des fleuves côtiers du Tavignano au Fium Orbu inclus,"10","3",604AC,"2","5","2","4","1"
"2909","621",Calcaires jurassiques et triasiques du Mont d'Or,,"1",,"3","1","2","2","4"
"2910",621AX,Calcaires jurassiques et triasiques du Mont d'Or,,"2","621","3","3","2","2","1"
"2911",621AX01,Calcaires jurassiques et triasiques du Mont d'Or,"250","3",621AX,"3","5","2","2","1"
"2912","631",Calcaires et marnes du Jurassique et du Crétacé du Nord de Montpellier jusqu'à la rive droite de la Vis,,"1",,X,"1",X,"2","4"
"2913",631AA,Calcaires jurassiques de la Buèges - St-Guilhem,,"2","631","2","3","3","2","1"
"2914",631AA00,Complément de l'entité NV2 : Calcaires jurassiques de la Buèges - St-Guilhem,"200","3",631AA,"2","5","3","2","3"
"2915",631AA01,Système karstique des Cent Fonts,"200","3",631AA,"2","5","3","2","1"
"2916",631AB,Calcaires jurassiques de la Seranne et rive droite de la Vis,,"2","631","2","3","3","2","1"
"2917",631AB00,"NV3 absent, nom de l'entité NV2 : Calcaires jurassiques de la Seranne et rive droite de la Vis","200","3",631AB,"2","5","3","2","2"
"2918",631AC,Calcaires jurassiques du Larzac méridionnal de St-Michel à St-Pierre de la Fage,,"2","631","2","3","3","2","1"
"2919",631AC00,"NV3 absent, nom de l'entité NV2 : Calcaires jurassiques du Larzac méridionnal de St-Michel à St-Pierre de la Fage","200","3",631AC,"2","5","3","2","2"
"2920",631AD,Calcaires jurassiques de la terminaison méridionnale du Larzac au Nord de Lodève,,"2","631","2","3","3","2","1"
"2921",631AD00,"NV3 absent, nom de l'entité NV2 : Calcaires jurassiques de la terminaison méridionnale du Larzac au Nord de Lodève","200","3",631AD,"2","5","3","2","2"
"2922",631AF,Calcaires et marnes du Jurassique moyen au Berriasien du compartiment occidental de la source du Lez,,"2","631","2","3","3","2","1"
"2923",631AF00,Complément de l'entité NV2 : Calcaires et marnes du Jurassique moyen au Berriasien du compartiment occidental de la source du Lez,"300","3",631AF,"2","5","5","2","3"
"2924",631AF01,Système karstique des Fontanilles,"300","3",631AF,"2","5","3","2","1"
"2925",631AG,Calcaires et marnes du Jurassique moyen au Berriasien du compartiment oriental de la source du Lez,,"2","631","3","3","3","2","1"
"2926",631AG00,"NV3 absent, nom de l'entité NV2 : Calcaires et marnes du Jurassique moyen au Berriasien du compartiment oriental de la source du Lez","100","3",631AG,"3","5","3","2","2"
"2927",631AH,Calcaires du Crétacé inférieur du Causse de l'Hortus,,"2","631","3","3","3","2","1"
"2928",631AH00,"NV3 absent, nom de l'entité NV2 : Calcaires du Crétacé inférieur du Causse de l'Hortus","200","3",631AH,"3","5","3","2","2"
"2929",631AJ,Calcaires éocènes du bassin de Saint Martin de Londres,,"2","631","3","4","4","2","1"
"2930",631AJ00,"NV3 absent, nom de l'entité NV2 : Calcaires éocènes du bassin de Saint Martin de Londres","100","3",631AJ,"3","6","4","2","2"
"2931",631AK,"Calcaires et marnes du Crétacé supérieur, de l'Eocène et de l'Oligocène de l'avant pli de Montpellier",,"2","631","2","4","4","2","1"
"2932",631AK00,"Complément de l'entité NV2 : Calcaires et marnes du Crétacé supérieur, de l'Eocène et de l'Oligocène de l'avant pli de Montpellier","100","3",631AK,"2","6","4","2","3"
"2933",631AK01,Calcaires lutétiens de l'avant pli de Montpellier,"100","3",631AK,"2","5","3","2","1"
"2934","643","Calcaires, grès, marnes du Crétacé et de l'Eocène et calcaires et marnes de l'Oligo-Miocène du Gard",,"1",,X,"2",X,"2","4"
"2935",643AA,Marnes et marno-calcaires du Valanginien du dôme de Lédignan,,"2","643","3","4","4","2","1"
"2936",643AA00,"NV3 absent, nom de l'entité NV2 : Marnes et marno-calcaires du Valanginien du dôme de Lédignan","300","3",643AA,"3","7","4","2","2"
"2937",643AB,"Calcaires, marnes et molasses crétacés, éocènes,oligocènes et miocènes des bassins de Castries et de Sommières",,"2","643","2","3","4","2","1"
"2938",643AB00,"Complément de l'entité NV2 : Calcaires, marnes et molasses crétacés, éocènes,oligocènes et miocènes des bassins de Castries et de Sommières","100","3",643AB,X,"6",X,"2","3"
"2939",643AB01,Molasses miocènes du bassin de Sommières,"100","3",643AB,"3","5","4","2","1"
"2940",643AB02,Molasses miocènes du bassin de Castries,"100","3",643AB,"3","5","4","2","1"
"2941",643AB03,Calcaires de Pondres (Oligocène inférieur) du bassin de Salinelles,"150","3",643AB,"3","5","4","2","1"
"2942",643AB04,Calcaires de Salinelles (Oligocène supérieur) du bassin de Salinelles,"100","3",643AB,"3","5","4","2","1"
"2943",643AC,Calcaires et marnes tertiaires du bassin de Saint Chaptes,,"2","643","2","4","4","2","1"
"2944",643AC01,Calcaires et marnes oligocènes du bassin de Saint-Chaptes,"100","3",643AC,"3","6","5","2","1"
"2945",643AC02,Calcaires et marnes de l'Eocène du bassin de Saint-Chaptes,"100","3",643AC,"3","6","4","2","1"
"2946",643AC03,Marnes tertiaires du bassin de Saint-Chaptes,"100","3",643AC,"2","7","1","2","1"
"2947",643AD,"Molasses, marnes et calcaires du Crétacé supérieur au Miocène du bassin d'Uzès",,"2","643","2","3","1","2","1"
"2948",643AD01,Molasses du bassin d'Uzès,"100","3",643AD,"1","5","1","2","1"
"3820",972AF07,Hyaloclastites du Morne Jacob,"230","3",972AF,"3","5","7","5","1"
"2949",643AD02,"Grès, calcaires et marnes du Crétacé moyen et supérieur du bassin d'Uzès","100","3",643AD,"3","6","4","2","1"
"2950",643AE,"Argiles, grès et calcaires éocènes à l'ouest du Mont Bouquet",,"2","643","3","4","4","2","1"
"2951",643AE00,"NV3 absent, nom de l'entité NV2 : Argiles, grès et calcaires éocènes à l'ouest du Mont Bouquet","100","3",643AE,"3","6","4","2","2"
"2952",643AF,Calcaires du Crétacé inférieur des Garrigues nîmoises,,"2","643","2","3","4","2","1"
"2953",643AF00,"NV3 absent, nom de l'entité NV2 : Calcaires du Crétacé inférieur des Garrigues nîmoises","150","3",643AF,"2","5","4","2","2"
"2954",643AF01,Calcaires et marnes du Valanginien de Saint-Sériès - Saturargues,"100","3",643AF,"3","5","3","2","1"
"2955",643AG,"Grès, calcaires et marnes du Crétacé moyen et supérieur dans le bassin versant de la basse Cèze",,"2","643","3","4","4","2","1"
"2956",643AG00,"NV3 absent, nom de l'entité NV2 : Grès, calcaires et marnes du Crétacé moyen et supérieur dans le bassin versant de la basse Cèze","150","3",643AG,"3","6","4","2","2"
"2957",643AH,Marno-calcaires du Crétacé inférieur de la Vaunage,,"2","643","3","4","1","2","1"
"2958",643AH00,"NV3 absent, nom de l'entité NV2 : Marno-calcaires du Crétacé inférieur de la Vaunage","100","3",643AH,"3","7","1","2","2"
"2959",643AJ,Calcaires et marno-calcaires de l'Hauterivien du dôme de Lédignan,,"2","643","2","4","4","2","1"
"2960",643AJ00,"NV3 absent, nom de l'entité NV2 : Calcaires et marno-calcaires de l'Hauterivien du dôme de Lédignan","150","3",643AJ,"2","6","4","2","2"
"2961",643AK,Calcaires et marno-calcaires de l'Hauterivien de l'anticlinal de Lussan,,"2","643","2","4","4","2","1"
"2962",643AK00,"NV3 absent, nom de l'entité NV2 : Calcaires et marno-calcaires de l'Hauterivien de l'anticlinal de Lussan","150","3",643AK,"2","6","4","2","2"
"2963",643AL,"Grès, calcaires et marnes du Crétacé moyen et supérieur dans le bassin versant de la basse Ardèche",,"2","643","3","4","4","2","1"
"2964",643AL00,"NV3 absent, nom de l'entité NV2 : Grès, calcaires et marnes du Crétacé moyen et supérieur dans le bassin versant de la basse Ardèche","150","3",643AL,"3","6","4","2","2"
"2965",643AM,"Grès, calcaires et marnes du Crétacé moyen et supérieur dans le bassin versant du Rhône dans le secteur de Pont Saint Esprit",,"2","643","3","4","4","2","1"
"2966",643AM00,"NV3 absent, nom de l'entité NV2 : Grès, calcaires et marnes du Crétacé moyen et supérieur dans le bassin versant du Rhône dans le secteur de Pont Saint Esprit","150","3",643AM,"3","6","4","2","2"
"2967",643AN,Calcaires et argiles éocènes et oligocènes du bassin d'Issirac,,"2","643","3","4","4","2","1"
"2968",643AN00,"NV3 absent, nom de l'entité NV2 : Calcaires et argiles éocènes et oligocènes du bassin d'Issirac","100","3",643AN,"3","7","4","2","2"
"2969","647",Sables astiens et argiles du Pliocène dans la plaine languedocienne entre Béziers et Nîmes,,"1",,X,"1","1","2","4"
"2970",647AA,Alluvions et Villafranchien de la Vistrenque et des Costières,,"2","647","2","3","1","2","1"
"2971",647AA01,Alluvions quaternaires et villafranchiennes de la Vistrenque,"5","3",647AA,"3","5","1","2","1"
"2972",647AA02,Alluvions quaternaires et villafranchiennes des Costières,"5","3",647AA,"2","5","1","2","1"
"2973",647AA03,Formations villafranchiennes des Costières entre Vauvert et Saint Gilles,"5","3",647AA,"2","5","1","2","1"
"2974",647AA04,Alluvions quaternaires et villafranchiennes à l'Ouest de Saint Gilles,"5","3",647AA,"1","5","1","2","1"
"2975",647AA05,Sables et argiles de l'Astien des Costières,"5","3",647AA,"1","5","1","2","1"
"2976",647AB,Sables astiens d'Agde-Valras-embouchure de l'Aude,,"2","647","3","3","1","2","1"
"2977",647AB00,"NV3 absent, nom de l'entité NV2 : Sables astiens d'Agde-Valras-embouchure de l'Aude","300","3",647AB,"3","5","1","2","2"
"2978",647AC,Alluvions quaternaires et villafranchiennes entre le Vidourle et le Lez,,"2","647","3","3","1","2","1"
"2979",647AC00,"NV3 absent, nom de l'entité NV2 : Alluvions quaternaires et villafranchiennes entre le Vidourle et le Lez","5","3",647AC,"3","5","1","2","2"
"2980",647AD,Alluvions quaternaires et villafranchiennes et sables tertiaires entre le Lez et Sète,,"2","647","2","4","1","2","1"
"2981",647AD01,Alluvions quaternaires et villafranchiennes entre Montpellier et Sète,"5","3",647AD,"2","6","1","2","1"
"2982",647AD03,Sables et marnes tertiaires du secteur de Montpellier,"5","3",647AD,"2","6","1","2","1"
"2983",647AE,Argiles du Pliocène (Plaisancien) d'Agde-Valras-embouchure de l'Aude,,"2","647","1","4","1","2","1"
"2984",647AE00,"NV3 absent, nom de l'entité NV2 : Argiles du Pliocène (Plaisancien) d'Agde-Valras-embouchure de l'Aude","350","3",647AE,"1","7","1","2","2"
"2985",647AF,Alluvions anciennes de l'Hérault et de la Lergue,,"2","647","2","3","1","2","1"
"2986",647AF01,Alluvions anciennes de l'Hérault entre le Pont du Diable et la mer,"100","3",647AF,"2","5","1","2","1"
"2987",647AF02,Alluvions anciennes de la Lergue,"100","3",647AF,"2","5","1","2","1"
"2988",647AG,Alluvions anciennes de l'Orb entre Réals et la mer,,"2","647","2","3","1","2","1"
"2989",647AG00,"NV3 absent, nom de l'entité NV2 : Alluvions anciennes de l'Orb entre Réals et la mer","100","3",647AG,"2","5","1","2","2"
"2990","651",Calcaires cambriens et pélites permiennes du Lodevois,,"1",,"3","2",X,"2","4"
"2991",651AA,Calcaires cambriens du Lodévois,,"2","651","3","3","3","2","1"
"2992",651AA00,"NV3 absent, nom de l'entité NV2 : Calcaires cambriens du Lodévois","600","3",651AA,"3","5","3","2","2"
"2993",651AB,Pélites permiennes du Lodévois,,"2","651","3","4","1","2","1"
"2994",651AB00,"NV3 absent, nom de l'entité NV2 : Pélites permiennes du Lodévois","200","3",651AB,"3","6","1","2","2"
"2995","657",Formations oligo-mio-pliocènes et marnes et calcaires du Crétacé au Pliocène de la plaine languedocienne,,"1",,X,"2","1","2","4"
"2996",657AA,Marnes et calcaires du Crétacé au Pliocène du Bas Languedoc dans le bassin versant de l'Etang de Thau,,"2","657","3","4","1","2","1"
"2997",657AA00,"NV3 absent, nom de l'entité NV2 : Marnes et calcaires du Crétacé au Pliocène du Bas Languedoc dans le bassin versant de l'Etang de Thau","200","3",657AA,"3","6","1","2","2"
"2998",657AB,Marnes et calcaires du Crétacé au Pliocène du Bas Languedoc dans le bassin versant de l'Hérault,,"2","657","3","4","1","2","1"
"2999",657AB00,"NV3 absent, nom de l'entité NV2 : Marnes et calcaires du Crétacé au Pliocène du Bas Languedoc dans le bassin versant de l'Hérault","200","3",657AB,"3","6","1","2","2"
"3000",657AC,"Molasses, calcaires, grès et marnes tertiaires du bassin versant du Libron",,"2","657","3","4","1","2","1"
"3001",657AC00,"NV3 absent, nom de l'entité NV2 : Molasses, calcaires, grès et marnes tertiaires du bassin versant du Libron","200","3",657AC,"3","6","1","2","2"
"3002",657AE,"Molasses, calcaires, grès et marnes tertiaires du bassin versant de l'Orb",,"2","657","3","4","1","2","1"
"3115",693AE02,Calcaires et dolomies primaires du massif de Nore,"1000","3",693AE,"2","5","5","4","1"
"3003",657AE00,"NV3 absent, nom de l'entité NV2 : Molasses, calcaires, grès et marnes tertiaires du bassin versant de l'Orb","200","3",657AE,"3","6","1","2","2"
"3004",657AF,Formations oligo-mio-pliocènes du bassin versant de l’Aude,,"2","657","4","4","1","2","1"
"3005",657AF00,"NV3 absent, nom de l'entité NV2 : Formations oligo-mio-pliocènes du bassin versant de l’Aude","200","3",657AF,"4","6","1","2","2"
"3006",657AG,Formations oligo-mio-pliocènes entre l’Aude et la Berre,,"2","657","4","4","1","2","4"
"3007",657AG00,"NV3 absent, nom de l'entité NV2 : Formations oligo-mio-pliocènes entre l’Aude et la Berre","200","3",657AG,"4","6","1","2","2"
"3008",657AH,Formations oligo-mio-pliocènes entre la Berre et l’étang de Leucate,,"2","657","4","4","1","2","4"
"3009",657AH00,"NV3 absent, nom de l'entité NV2 : Formations oligo-mio-pliocènes entre la Berre et l’étang de Leucate","200","3",657AH,"4","6","1","2","2"
"3010","671",Formations plio-quaternaires de la plaine du Roussillon,,"1",,X,"1","1","2","4"
"3011",671AA,Sables et argiles pliocènes du Roussillon,,"2","671","1","3","1","2","1"
"3012",671AA00,"NV3 absent, nom de l'entité NV2 : Sables et argiles pliocènes du Roussillon","190","3",671AA,"1","6","1","2","2"
"3013",671AB,Alluvions anciennes du Roussillon,,"2","671","2","3","1","2","1"
"3014",671AB01,Alluvions anciennes de l'Agly,"100","3",671AB,"2","5","1","2","1"
"3015",671AB02,Alluvions anciennes de la Têt,"100","3",671AB,"2","5","1","2","1"
"3016",671AB03,Alluvions anciennes du Réart,"100","3",671AB,"2","5","1","2","1"
"3017",671AB04,Alluvions anciennes du Tech,"100","3",671AB,"2","5","1","2","1"
"3018","679",Marnes albiennes du bassin de Quillan et marnes et marno-calcaires de l'Albien du Pays de Sault,,"1",,X,"2",X,"2","4"
"3019",679AA,Marnes albiennes du Bassin de Quillan,,"2","679","3","4","4","2","1"
"3020",679AA00,"NV3 absent, nom de l'entité NV2 : Marnes albiennes du Bassin de Quillan","100","3",679AA,"3","7","4","2","2"
"3021",679AB,Marnes et marno-calcaires de l’Albien du Pays de Sault au Verdouble,,"2","679","2","4","1","2","1"
"3022",679AB00,"NV3 absent, nom de l'entité NV2 : Marnes et marno-calcaires de l’Albien du Pays de Sault au Verdouble","100","3",679AB,"2","7","1","2","2"
"3023","681",Intensément plissé de la partie centrale de la région Languedoc Roussillon (à l’ouest d’une ligne Perpignan-Béziers-Montpellier),,"1",,X,"1",X,"4","4"
"3024",681AA,Calcaires jurassiques du pli de Montpellier,,"2","681","3","3","3","2","1"
"3025",681AA01,Calcaires jurassiques du secteur de Plaissan,"400","3",681AA,"3","5","3","2","1"
"3026",681AA02,Calcaires jurassiques du bassin de Villeveyrac,"400","3",681AA,"3","5","3","2","1"
"3027",681AA03,Calcaires jurassiques du secteur d'Aumelas-Vène-Issanka-Cauvy,"400","3",681AA,"3","5","3","2","1"
"3028",681AA04,Calcaires jurassiques de la Gardiole Est,"401","3",681AA,"3","5","3","2","1"
"3029",681AA05,Calcaires jurassiques du secteur Mosson,"402","3",681AA,"3","5","3","2","1"
"3030",681AA06,Calcaires jurassiques du Pli Est de Montpellier,"403","3",681AA,"3","5","3","2","1"
"3031",681AB,"Schistes, marnes et calcaires primaires de la nappe charriée des Monts de Faugères et des écailles de Cabrières",,"2","681","2","4","1","4","1"
"3032",681AB01,Schistes primaires de la nappe charriée des Monts de Faugères et des écailles de Cabrières,"200","3",681AB,"2","7","1","4","1"
"3033",681AB02,Calcaires primaires de la nappe charriée des Monts de Faugères et des écailles de Cabrières,"200","3",681AB,"2","5","3","4","1"
"3034",681AB03,"Grès, calcaires, argiles du Trias du bassin de Gabian","200","3",681AB,"2","6","4","4","1"
"3035",681AC,"Schistes, marnes et calcaires primaires de la nappe charriée de Pardailhan",,"2","681","2","4","3","4","1"
"3036",681AC01,Schistes de la nappe charriée de Pardailhan,"100","3",681AC,"2","7","1","4","1"
"3037",681AC02,Calcaires dévoniens du St-Ponais,"100","3",681AC,"2","5","3","4","1"
"3038",681AC03,Calcaires cambriens de la nappe chariée de Pardailhan,"100","3",681AC,"2","5","3","4","1"
"3039",681AD,"Calcaires, marnes et schistes primaires du Minervois",,"2","681","2","4","4","4","1"
"3040",681AD01,Schistes du Minervois,"100","3",681AD,"2","7","1","4","1"
"3041",681AD02,Calcaires dévoniens du Minervois,"100","3",681AD,"2","5","3","4","1"
"3042",681AD03,Calcaires cambriens du Minervois,"100","3",681AD,"2","5","3","4","1"
"3043",681AE,Calcaires et marnes du Trias à l'Eocène de l'Arc de St-Chinian,,"2","681","3","4","3","4","1"
"3044",681AE00,Complément de l'entité NV2 : Calcaires et marnes du Trias à l'Eocène de l'Arc de St-Chinian,"100","3",681AE,"3","6","9","4","3"
"3045",681AE01,Calcaires liasiques de l'arc de St-Chinian,"100","3",681AE,"2","5","3","2","1"
"3046",681AF,Calcaires et marnes jurassiques et triasiques de la nappe charriée des Corbières (lobe de Fontjoncouse-Ripaud et semelle triasique de Durban),,"2","681","3","4","4","4","1"
"3047",681AF00,Complément de l'entité NV2 : Calcaires et marnes jurassiques et triasiques de la nappe charriée des Corbières (lobe de Fontjoncouse-Ripaud et semelle triasique de Durban),"100","3",681AF,"3","6","4","4","3"
"3048",681AF01,Calcaires et marnes aptiens du Tauch,"100","3",681AF,"2","5","4","4","1"
"3049",681AG,"Calcaires dévoniens, formations carbonifères et schistes du Massif du Mouthoumet",,"2","681","2","4","4","4","1"
"3050",681AG01,Calcaires et dolomies dévoniens du système d'Alet,"100","3",681AG,"2","5","3","2","1"
"3051",681AG02,Calcaires et dolomies dévoniens du système de Montjoi,"100","3",681AG,"2","5","3","2","1"
"3052",681AG03,Calcaires et dolomies dévoniens du système de Termes,"100","3",681AG,"2","5","3","2","1"
"3053",681AG04,Carbonifère du massif du Mouthoumet,"100","3",681AG,"2","7","5","4","1"
"3054",681AG05,Schistes du massif du Mouthoumet,"100","3",681AG,"2","7","1","4","1"
"3055",681AH,"Calcaires, marnes et grès du Crétacé inférieur de la Clape",,"2","681","2","3","3","4","1"
"3056",681AH00,"NV3 absent, nom de l'entité NV2 : Calcaires, marnes et grès du Crétacé inférieur de la Clape","100","3",681AH,"2","5","3","4","2"
"3057",681AJ,Calcaires et marnes jurassiques et triasiques de la nappe charriée des Corbières à l'ouest de Narbonne,,"2","681","3","3","4","4","1"
"3058",681AJ00,"NV3 absent, nom de l'entité NV2 : Calcaires et marnes jurassiques et triasiques de la nappe charriée des Corbières à l'ouest de Narbonne","100","3",681AJ,"3","5","4","4","2"
"3059",681AK,"Calcaires, grès et marnes crétacés et paléocènes du synclinal de Couiza et des synclinaux de Rennes les Bains, Sougraigne, Fourtou Soulatgé et des anticlinaux de Puivert – Cardou et de Fontaine Salée",,"2","681","3","4","4","4","1"
"3060",681AK01,Calcaires et grès du Crétacé supérieur et du Paléocène du synclinal de Rennes les Bains,"100","3",681AK,"3","6","5","4","1"
"3061",681AK02,Calcaires et grès du Crétacé supérieur de Saint Louis et Parahou,"100","3",681AK,"3","6","4","4","1"
"3062",681AK03,Calcaires et grès du Crétacé supérieur et du Paléocène du synclinal de Couiza,"100","3",681AK,"3","6","5","4","1"
"3063",681AL,Calcaires liasiques des collines de Boutenac et calcaires et grès du Crétacé supérieur du bassin de Saint André de Roquelongue,,"2","681","3","4","4","4","1"
"3064",681AL00,Complément de l'entité NV2 : Calcaires liasiques des collines de Boutenac et calcaires et grès du Crétacé supérieur du bassin de Saint André de Roquelongue,"100","3",681AL,"3","7","4","4","3"
"3065",681AL01,Calcaires liasiques du secteur de Boutenac,"100","3",681AL,"2","5","3","4","1"
"3066",681AM,Calcaires jurassico-crétacés des Corbières (système karstique des Corbières d'Opoul et de la structure du Bas Agly),,"2","681","2","3","3","4","1"
"3067",681AM00,"NV3 absent, nom de l'entité NV2 : Calcaires jurassico-crétacés des Corbières (système karstique des Corbières d'Opoul et de la structure du Bas Agly)","200","3",681AM,"2","5","3","4","2"
"3068",681AN,Calcaires et dolomies jurassico-crétacés de la Zone Nord Pyrénéenne entre l'Aude et le Verdouble,,"2","681","3","3","3","4","1"
"3069",681AN00,Complément de l'entité NV2 : Calcaires et dolomies jurassico-crétacés de la Zone Nord Pyrénéenne entre l'Aude et le Verdouble,"200","3",681AN,"3","5","5","2","3"
"3070",681AN01,Système karstique de la source de la Tirounère,"200","3",681AN,"2","5","3","4","1"
"3071",681AN02,Système karstique de la source de la Mouillière,"200","3",681AN,"2","5","3","4","1"
"3072",681AO,"Calcaires, grès et marnes jurassico-crétacés de l’extrémité orientale des Corbières (nappe charriée du Pied-du-Poul)",,"2","681","2","3","3","4","1"
"3073",681AO00,"NV3 absent, nom de l'entité NV2 : Calcaires, grès et marnes jurassico-crétacés de l’extrémité orientale des Corbières (nappe charriée du Pied-du-Poul)","300","3",681AO,"2","5","3","4","2"
"3074",681AP,Calcaires métamorphisés du synclinal de Boucheville,,"2","681","3","3","3","4","1"
"3075",681AP00,Complément de l'entité NV2 : Calcaires métamorphisés du synclinal de Boucheville,"101","3",681AP,"4","6","5","2","3"
"3076",681AP01,Système karstique des sources Las Bordes-les Adoux,"200","3",681AP,"2","5","3","4","1"
"3077",681AQ,Calcaires paléocènes et éocènes du massif de l'Alaric,,"2","681","2","3","4","2","1"
"3078",681AQ01,Calcaires paléocènes et éocènes du massif de l'Alaric (unité de Pradelles en Val),"100","3",681AQ,"2","5","9","2","1"
"3079",681AQ02,Calcaires paléocènes et éocènes du massif de l'Alaric (unité de Comigne),"100","3",681AQ,"2","5","5","2","1"
"3080",681AQ03,Calcaires paléocènes et éocènes du massif de l'Alaric (unité de Fontcouverte),"100","3",681AQ,"2","5","9","2","1"
"3081",681AQ04,Calcaires paléocènes et éocènes du massif de l'Alaric (chaînon de Lagrasse),"100","3",681AQ,"2","5","5","2","1"
"3082",681AQ05,Calcaires paléocènes et éocènes du massif de l'Alaric (unité de Thézan - Fontjoncouse),"100","3",681AQ,"2","5","9","2","1"
"3083","691","Formations cristallines et métamorphiques du Paléozoïque (granites, schistes,…) des Cévennes dans le bassin Rhône Méditerranée",,"1",,"2","1","4","3","4"
"3084",691AA,"Formations cristallines et métamorphiques (schistes, granites) des Cévennes dans le bassin versant de l’Hérault",,"2","691","2","4","4","3","1"
"3085",691AA01,Schistes des Cévennes dans le bassin versant de l'Hérault,"1000","3",691AA,"2","7","4","3","1"
"3086",691AA02,Granites des Cévennes dans le bassin versant de l'Hérault,"1000","3",691AA,"2","6","4","3","1"
"3087",691AC,"Formations cristallines et métamorphiques (schistes, granites) des Cévennes dans le bassin versant du Vidourle",,"2","691","2","4","4","3","1"
"3088",691AC01,Schistes des Cévennes dans le bassin versant du Vidourle,"1000","3",691AC,"2","7","4","3","1"
"3089",691AC02,Granites des Cévennes dans le bassin versant du Vidourle,"1000","3",691AC,"2","6","4","3","1"
"3090",691AD,Dolomies et calcaires jurassiques du fossé de Bédarieux,,"2","691","2","3","3","2","1"
"3091",691AD01,Dolomies et calcaires du Jurassique moyen et supérieur du fossé de Bédarieux,"200","3",691AD,"2","5","3","2","1"
"3092",691AD02,Dolomies et calcaires liasiques du fossé de Bédarieux,"210","3",691AD,"2","5","3","2","1"
"3093",691AE,"Formations cristallines et métamorphiques (schistes, granites) des Cévennes dans le bassin versant des Gardons",,"2","691","2","4","4","3","1"
"3094",691AE01,Schistes des Cévennes dans le bassin versant des Gardons,"51080100","3",691AE,"2","7","4","3","1"
"3095",691AE02,Granites des Cévennes dans le bassin versant des Gardons,"1000","3",691AE,"2","6","4","3","1"
"3096",691AF,"Formations cristallines et métamorphiques (schistes, granites) des Cévennes dans le bassin versant de la Cèze",,"2","691","2","4","4","3","1"
"3097",691AF00,"Complément de l'entité NV2 : Formations cristallines et métamorphiques (schistes, granites) des Cévennes dans le bassin versant de la Cèze","1000","3",691AF,"2","7","4","3","3"
"3098",691AF01,Schistes des Cévennes dans le bassin versant de la Cèze,"1000","3",691AF,"2","7","4","3","1"
"3099",691AF02,Granites des Cévennes dans le bassin versant de la Cèze,"1000","3",691AF,"2","6","4","3","1"
"3100",691AG,"Formations cristallines et métamorphiques (schistes, granites) des Cévennes dans le bassin versant de l’Ardèche",,"2","691","2","4","4","3","1"
"3101",691AG00,"Complément de l'entité NV2 : Formations cristallines et métamorphiques (schistes, granites) des Cévennes dans le bassin versant de l’Ardèche","1000","3",691AG,"2","7","4","3","3"
"3102",691AG01,Schistes des Cévennes dans le bassin versant de l'Ardèche,"51070100","3",691AG,"2","7","4","3","1"
"3103",691AG02,Granites des Cévennes dans le bassin versant de l'Ardèche,"51070100","3",691AG,"2","6","4","3","1"
"3104","693",Formations granitiques et métamorphiques du Paléozoïque de la bordure Sud Est du Massif central dans le bassin Rhône Méditerranée et calcaires cambriens et pélites permiennes du Lodévois,,"1",,"2","2","4","3","4"
"3105",693AA,Fornations cristallines et métamorphiques dans le bassin versant du Fresquel,,"2","693","2","4","4","3","1"
"3106",693AA01,Granites et gneiss dans le bassin versant du Fresquel,"1000","3",693AA,"2","6","2","3","1"
"3107",693AA02,Micaschistes dans le bassin versant du Fresquel,"1000","3",693AA,"2","7","1","3","1"
"3108",693AB,Formations cristallines et métamorphiques dans le bassin versant de l’Aude,,"2","693","2","4","4","3","1"
"3109",693AB01,Granites et gneiss dans le bassin versant de l'Aude (du Fresquel à la Cesse),"1000","3",693AB,"2","6","2","3","1"
"3110",693AB02,Micaschistes dans le bassin versant de l'Aude (du Fresquel à la Cesse),"1000","3",693AB,"2","7","1","3","1"
"3111",693AD,Formations métamorphiques dans le bassin versant de l'Aude (de l'Orbiel à la Méditerranée),,"2","693","2","4","4","3","1"
"3112",693AD00,"NV3 absent, nom de l'entité NV2 : Formations métamorphiques dans le bassin versant de l'Aude (de l'Orbiel à la Méditerranée)","1000","3",693AD,"2","7","4","3","2"
"3113",693AE,"Schistes, granites, calcaires et dolomies primaires dans le bassin versant de l'Orb (unités des Monts de Saint Gervais, d'Avène - Mendic, et de Mélagues)",,"2","693","2","4","4","3","1"
"3114",693AE01,Schistes du bassin versant de l'Orb,"1000","3",693AE,"2","7","1","3","1"
"3116",693AE03,Bassin houiller de Graissessac dans le bassin versant de l'Orb,"1000","3",693AE,"2","6","1","2","1"
"3117",693AE04,Granite d'Avène - Mendic,"1000","3",693AE,"2","6","2","3","1"
"3118",693AE05,Schistes du Caroux dans le bassin versant de l'Orb,"1000","3",693AE,"2","7","1","3","1"
"3119",693AE06,Gneiss du Caroux dans le bassin versant de l'Orb,"1000","3",693AE,"2","6","2","3","1"
"3120","699","Formations cristallines et métamorphiques intensément plissées des Pyrénées orientales, incluant le massif de Querigut et les calcaires dévoniens du synclinal de Villefranche-Mérens",,"1",,X,"2",X,"3","4"
"3121",699AA,"Formations cristallines et métamorphiques (schistes, gneiss, granites) des Pyrénées axiales dans le bassin versant de la Côte Vermeille",,"2","699","2","4","4","3","1"
"3122",699AA01,Gneiss du bassin versant de la Côte Vermeille,"1000","3",699AA,"2","6","2","3","1"
"3123",699AA02,Schistes et quartzites du bassin versant. de la Côte Vermeille,"1000","3",699AA,"2","7","7","3","1"
"3124",699AB,"Formations cristallines et métamorphiques (schistes, gneiss, granites) des Pyrénées axiales dans le bassin versant du Tech",,"2","699","3","4","4","3","1"
"3125",699AB01,Calcaires primaires des Gorges de la Fou,"1000","3",699AB,"2","5","3","2","1"
"3126",699AB02,Bassin mésozoïque de Coustouges,"1000","3",699AB,"3","6","4","4","1"
"3127",699AB03,Bassin mésozoïque de La Manère,"1000","3",699AB,"3","6","4","4","1"
"3128",699AB04,Schistes du bassin versant du Tech,"1000","3",699AB,"2","7","5","3","1"
"3129",699AB05,Massif granitique du Canigou-Batère dans le bassin versant du Tech,"1000","3",699AB,"2","6","2","3","1"
"3130",699AB06,Massif granitique de Saint Laurent de Cerdans dans le bassin versant du Tech,"1000","3",699AB,"2","6","2","3","1"
"3131",699AB07,Massif granitique de Costabonne (Prats de Mollo) dans le bassin versant du Tech,"1000","3",699AB,"2","6","2","3","1"
"3132",699AB08,Massif granitique de Roc de France (Albères) dans le bassin versant du Tech,"1000","3",699AB,"2","6","2","3","1"
"3133",699AC,Formations métamorphiques (schistes) des Pyrénées axiales dans le bassin versant du Réart (Aspres),,"2","699","2","4","4","3","1"
"3134",699AC00,"NV3 absent, nom de l'entité NV2 : Formations métamorphiques (schistes) des Pyrénées axiales dans le bassin versant du Réart (Aspres)","1000","3",699AC,"2","7","4","3","2"
"3135",699AD,"Formations cristallines et métamorphiques (schistes, gneiss, granites) des Pyrénées axiales dans le bassin versant de la Têt",,"2","699","3","4","4","4","1"
"3136",699AD00,"NV3 absent, nom de l'entité NV2 : Formations cristallines et métamorphiques (schistes, granites) du bassin versant de la Têt","50000","3",699AD,"3","6","4","4","2"
"3137",699AD01,Schistes du bassin versant de la Têt,"1000","3",699AD,"2","7","1","4","1"
"3138",699AD02,Formations métamorphiques du bassin versant de la Têt,"1000","3",699AD,"2","6","2","4","1"
"3139",699AD03,Massif granitique de Querigut-Millas dans le bassin versant de la Têt,"1000","3",699AD,"2","6","2","4","1"
"3140",699AD04,Massif granitique de Montlouis dans le bassin versant de la Têt,"1000","3",699AD,"2","6","2","4","1"
"3141",699AD05,Massif granitique de la Carença dans le bassin versant de la Têt,"1000","3",699AD,"2","6","2","4","1"
"3142",699AD06,Massif granitique du Canigou dans le bassin versant de la Têt,"1000","3",699AD,"2","6","2","4","1"
"3143",699AE,"Formations cristallines et métamorphiques (schistes, gneiss, granites) des Pyrénées axiales dans le bassin versant du Sègre",,"2","699","2","4","4","4","1"
"3144",699AE01,Schistes de la Cerdagne dans le bassin versant du Sègre,"1000","3",699AE,"2","7","1","4","1"
"3145",699AE02,Granites des massifs du Carlit et de Puymorens dans le bassin versant du Sègre,"1000","3",699AE,"2","6","2","4","1"
"3146",699AE03,Granite de l'Hospitalet dans le bassin versant du Sègre,"1000","3",699AE,"2","5","2","4","1"
"3147",699AF,"Formations cristallines et métamorphiques (schistes, gneiss, granites) des Pyrénées axiales dans le bassin versant de l'Ariège (de la source au confluent du Vicdessos)",,"2","699","2","4","4","4","1"
"3148",699AF01,Schistes du bassin versant de l'Ariège,"1000","3",699AF,"2","7","1","4","1"
"3149",699AF02,Granites des massifs du Carlit et de Puymorens dans le bassin versant de l'Ariège,"1000","3",699AF,"2","6","2","4","1"
"3150",699AF03,Granite de l'Hospitalet dans le bassin versant de l'Ariège,"1000","3",699AF,"2","5","2","4","1"
"3151",699AG,"Formations cristallines et métamorphiques (schistes, gneiss, granites) des Pyrénées axiales dans le bassin versant de l'Aude",,"2","699","2","4","4","4","1"
"3152",699AG01,Granites du massif de Quérigut dans le bassin versant de l'Aude,"1000","3",699AG,"2","5","2","4","1"
"3153",699AG02,Granite du massif de Montlouis dans le bassin versant de l'Aude,"1000","3",699AG,"2","6","2","4","1"
"3154",699AG03,Schistes du bassin versant de l'Aude,"1000","3",699AG,"2","7","1","4","1"
"3155",699AG04,Schistes du Cambro-Ordovicien et ampélites du Silurien des massifs du Quérigut et de Millas,"63100300","3",699AG,"2","6","2","4","1"
"3156",699AH,"Formations cristallines, métamorphiques et primaires (schistes, gneiss, granites) des Pyrénées axiales dans le bassin versant de l'Agly",,"2","699","2","4","4","3","1"
"3157",699AH01,Granites et gneiss du bassin versant de l'Agly,"1000","3",699AH,"2","6","2","3","1"
"3158",699AH02,Schistes du bassin versant de l'Agly,"1000","3",699AH,"2","7","7","3","1"
"3159",699AM,Calcaires dévoniens du synclinal de Villefranche-Mérens,,"2","699","2","3","3","4","1"
"3160",699AM00,"NV3 absent, nom de l'entité NV2 : Calcaires dévoniens du synclinal de Villefranche-Mérens","100","3",699AM,"2","5","3","4","2"
"3161","710",Alluvions de la Saône et de ses affluents,,"1",,"2","1","1","1","4"
"3162",710AB,Alluvions du Rahin et de l'Ognon,,"2","710","2","3","1","1","4"
"3163",710AB01,"Alluvions de l'Ognon, en amont du Rahin","2","3",710AB,"2","5","1","1","1"
"3164",710AB03,"Alluvions de l'Ognon, de la confluence du Rahin à la confluence avec la Saône","2","3",710AB,"2","5","1","1","1"
"3165",710AB05,Alluvions du Rahin,"2","3",710AB,"2","5","1","1","1"
"3166",710AD,Alluvions de la Vingeanne,,"2","710","2","3","1","1","4"
"3167",710AD01,Alluvions de la Vingeanne,"2","3",710AD,"2","5","1","1","1"
"3168",710AE,Alluvions de la Tille et de l'Ignon,,"2","710","2","3","1","1","4"
"3169",710AE01,Alluvions de la Tille aval,"2","3",710AE,"2","5","1","1","1"
"3170",710AE03,Alluvions de l'Ignon,"2","3",710AE,"2","5","1","1","1"
"3171",710AG,Alluvions de la Vouge,,"2","710","2","3","1","1","4"
"3172",710AG01,Alluvions de la Vouge,"2","3",710AG,"2","5","1","1","1"
"3173",710AR,Alluvions de l'Ouche,,"2","710","2","3","1","1","4"
"3174",710AR00,Alluvions de l'Ouche à l'aval de Dijon,"2","3",710AR,"2","5","1","1","1"
"3175",710AR63,Alluvions de l'Ouche à l'amont de Dijon,"2","3",710AR,"2","5","1","1","1"
"3176",710BL,"Alluvions de la Saône, de la confluence de l'Amance à la confluence avec l'Ognon",,"2","710","2","3","1","1","4"
"3177",710BL00,"Alluvions de la Saône, de la confluence de l'Amance à Dampierre-sur-Salon","2","3",710BL,"2","5","1","1","1"
"3178",710BL01,"Alluvions de la Saône, de Dampierre-sur-Salon à la confluence avec l'Ognon","2","3",710BL,"2","5","1","1","1"
"3179",710BO,Alluvions de la Lanterne et de ses affluents,,"2","710","2","3","1","1","4"
"3180",710BO01,Alluvions d'interfluve Breuchin-Lanterne,"2","3",710BO,"2","5","1","1","1"
"3181",710BO02,Alluvions de la Lanterne et de ses affluents en aval de la confluence Breuchin-Lanterne,"2","3",710BO,"2","5","1","1","1"
"3182",710BR,Alluvions de la Loue,,"2","710","2","3","1","1","4"
"3183",710BR00,"Alluvions de la Loue, entre Quingey et Arc-et-Senans","2","3",710BR,"2","5","1","1","1"
"3184",710BR01,"Alluvions de la Loue, d'Arc-et-Senans à la confluence avec le Doubs","2","3",710BR,"2","5","1","1","1"
"3185",710BR02,"Alluvions de la Loue, secteurs de Montgesoye et Lods","2","3",710BR,"2","5","1","1","1"
"3186",710CA,"Alluvions du Doubs et de ses affluents, avant la confluence avec la Loue",,"2","710","2","3","1","1","4"
"3187",710CA01,Alluvions de la vallée du Doubs,"2","3",710CA,"2","5","1","1","1"
"3188",710CA03,Alluvions de la plaine de Morteau,"2","3",710CA,"2","5","1","1","1"
"3189",710CA05,Alluvions de la Savoureuse,"2","3",710CA,"2","5","1","1","1"
"3190",710CA07,Alluvions du Saint Nicolas,"2","3",710CA,"2","5","1","1","1"
"3191",710CA09,Alluvions de l'Allan,"2","3",710CA,"2","5","1","1","1"
"3192",710CA11,Alluvions fluvio-glaciaires de l'Arlier,"2","3",710CA,"2","5","1","1","1"
"3193",710CD,"Alluvions Doubs aval et graviers du ""Saint-Côme"" de la plaine Saône-Doubs",,"2","710","2","3","1","1","4"
"3194",710CD01,"Alluvions Doubs aval et graviers du ""Saint-Côme"" de la plaine Saône-Doubs","2","3",710CD,"2","5","1","1","1"
"3195",710DA,Alluvions du Meuzin et de la Dheune,,"2","710","2","3","1","1","4"
"3196",710DA01,Alluvions du Meuzin,"2","3",710DA,"2","5","1","1","1"
"3197",710DA03,Alluvions de la Dheune,"2","3",710DA,"2","5","1","1","1"
"3198",710DE,Alluvions de la Grosne et de la Guye,,"2","710","2","3","1","1","4"
"3199",710DE01,Alluvions de la Grosne,"2","3",710DE,"2","5","1","1","1"
"3200",710DE03,Alluvions de la Guye,"2","3",710DE,"2","5","1","1","1"
"3201",710DG,Alluvions de la Vallière et de la Sorne,,"2","710","2","3","1","1","4"
"3202",710DG01,Alluvions de la Vallière et de la Sorne,"2","3",710DG,"2","5","1","1","1"
"3203",710DI,Formations alluviales et fluvio-glaciaires de la plaine de Bletterans,,"2","710","2","3","1","1","4"
"3204",710DI01,Formations alluviales et fluvio-glaciaires de la plaine de Bletterans,"2","3",710DI,"2","5","1","1","1"
"3205",710FA,Alluvions de la Reyssouze,,"2","710","2","3","1","1","4"
"3206",710FA01,Alluvions de la Reyssouze,"2","3",710FA,"2","5","1","1","1"
"3207",710FD,Alluvions de la Veyle,,"2","710","2","3","1","1","4"
"3208",710FD01,Alluvions de la Veyle,"2","3",710FD,"2","5","1","1","1"
"3209",710FG,Alluvions de la Chalaronne,,"2","710","2","3","1","1","4"
"3210",710FG01,Alluvions de la Chalaronne,"2","3",710FG,"2","5","1","1","1"
"3211",710FI,Alluvions de l'Ardière,,"2","710","2","3","1","1","4"
"3212",710FI01,Alluvions de l'Ardière,"2","3",710FI,"2","5","1","1","1"
"3213",710FK,Alluvions du Nizerand,,"2","710","2","3","1","1","4"
"3214",710FK01,Alluvions du Nizerand,"2","3",710FK,"2","5","1","1","1"
"3215",710FM,Alluvions de l'Azergues et de la Brévenne,,"2","710","2","3","1","1","4"
"3216",710FM01,Alluvions de l'Azergues et de la Brévenne,"2","3",710FM,"2","5","1","1","1"
"3217",710IA,Alluvions de la Saône entre l'Ognon et le Doubs,,"2","710","2","3","1","1","4"
"3218",710IA01,Alluvions de la Saône entre l'Ognon et le Doubs,"2","3",710IA,"2","5","1","1","1"
"3219",710ID,Alluvions de la Saône du confluent du Doubs au seuil calcaire de Tournus,,"2","710","2","3","1","1","4"
"3220",710ID01,Alluvions de la Saône du confluent du Doubs au seuil calcaire de Tournus,"2","3",710ID,"2","5","1","1","1"
"3221",710IG,Alluvions de la Saône du seuil calcaire de Tournus à Ambérieux,,"2","710","2","3","1","1","4"
"3222",710IG01,Alluvions de la Saône du seuil calcaire de Tournus à Ambérieux,"2","3",710IG,"2","5","1","1","1"
"3223",710IJ,Alluvions de la Saône entre Ambérieux et Caluire-et-Cuire,,"2","710","2","3","1","1","4"
"3224",710IJ01,Alluvions de la Saône entre Ambérieux et Caluire-et-Cuire,"2","3",710IJ,"2","5","1","1","1"
"3225",710IM,Alluvions de la boucle de Vaise,,"2","710","2","3","1","1","4"
"3226",710IM01,Alluvions de la boucle de Vaise,"2","3",710IM,"2","5","1","1","1"
"3227","712",Alluvions du Rhône et de ses affluents (Saône-Isère-Durance exclues),,"1",,"2","1","1","1","4"
"3228",712AA,Alluvions de la vallée du Rhône de Solaize à Tain-l'Hermitage,,"2","712","2","3","1","1","4"
"3229",712AA01,Alluvions en rive gauche du Rhône de Solaize à Laveyron,"2","3",712AA,"2","5","1","1","1"
"3230",712AA02,Alluvions de l'Ozon,"2","3",712AA,"2","5","1","1","1"
"3231",712AA03,Alluvions de la Varèze,"2","3",712AA,"2","5","1","1","1"
"3232",712AA04,Alluvions en rive gauche du Rhône de Laveyron à Tain-l'Hermitage,"2","3",712AA,"2","5","1","1","1"
"3233",712AA14,Alluvions des terrasses de Beausemblant,"2","3",712AA,"2","5","1","1","1"
"3234",712AA49,Alluvions en rive droite du Rhône d'Irigny à la confluence de la Cance,"2","3",712AA,"2","5","1","1","1"
"3235",712AA50,Alluvions en rive droite du Rhône de la confluence de la Cance à la confluence du Doux,"2","3",712AA,"2","5","1","1","1"
"3236",712AA51,Alluvions du Doux,"2","3",712AA,"2","5","1","1","1"
"3237",712AA52,Alluvions du Gier,"2","3",712AA,"2","5","1","1","1"
"3238",712AA53,Alluvions anciennes du paléo-Rhône à Saint-Genis-Laval,"2","3",712AA,"2","5","1","1","1"
"3239",712AA82,Alluvions de la vallée du Garon,"2","3",712AA,"2","5","1","1","1"
"3240",712AB,Alluvions de la Bourbre et du Catelan,,"2","712","2","3","1","1","4"
"3241",712AB01,Alluvions de la Bourbre et du Catelan,"2","3",712AB,"2","5","1","1","1"
"3242",712AB03,Placages quaternaires discontinus du Bas-Dauphiné et Alluvions fluvio-glaciaires würmiennes,"2","3",712AB,"2","5","1","1","1"
"3243",712AD,Alluvions du Rhône entre Viviers et Mornas,,"2","712","2","3","1","1","4"
"3244",712AD00,Alluvions du Rhône entre Bollène et Mornas,"2","3",712AD,"2","5","1","1","1"
"3245",712AD02,Alluvions en rive droite du Rhône du défilé de Donzère à la confluence de l'Ardèche,"2","3",712AD,"2","5","1","1","1"
"3246",712AD03,Alluvions quaternaires du Rhône rive droite de la région de Pont St Esprit,"2","3",712AD,"2","5","1","1","1"
"3247",712AD04,Alluvions en rive gauche du Rhône en aval de Viviers,"2","3",712AD,"2","5","1","1","1"
"3248",712AD05,Alluvions des terrasses entre Donzère et Bollène,"2","3",712AD,"2","5","1","1","1"
"3249",712AD48,Alluvions de la Berre,"2","3",712AD,"2","5","1","1","1"
"3319",712HA01,Alluvions de la cluse d'Annecy,"2","3",712HA,"2","5","1","1","1"
"3250",712AE,Alluvions de la vallée du Rhône de Tain-l'Hermitage à Viviers,,"2","712","2","3","1","1","4"
"3251",712AE00,Alluvions de l'Eyrieux,"2","3",712AE,"2","5","1","1","1"
"3252",712AE01,Alluvions en rive gauche du Rhône de Tain-l'Hermitage à Les Tourettes,"2","3",712AE,"2","5","1","1","1"
"3253",712AE02,Alluvions en rive droite du Rhône de la confluence de l'Ouvèze au défilé de Donzère,"2","3",712AE,"2","5","1","1","1"
"3254",712AE11,Alluvions en rive gauche du Rhône des Tourettes au défilé de Donzère,"2","3",712AE,"2","5","1","1","1"
"3255",712AE51,Alluvions en rive droite du Rhône de la confluence du Doux à la confluence de l'Eyrieux,"2","3",712AE,"2","5","1","1","1"
"3256",712AF,Alluvions de l'Herbasse et de la Galaure,,"2","712","2","3","1","1","4"
"3257",712AF01,Alluvions de l'Herbasse et de la Galaure,"2","3",712AF,"2","5","1","1","1"
"3258",712AG,Alluvions de la vallée du Rhône entre Lagnieu et Solaize,,"2","712","2","3","1","1","4"
"3259",712AG01,Alluvions de la presqu'île de Lyon en amont de la confluence Saône-Rhône,"2","3",712AG,"2","5","1","1","1"
"3260",712AG02,Alluvions en rive droite du Rhône entre l'Ile Crémieu et la confluence de l'Ain,"2","3",712AG,"2","5","1","1","1"
"3261",712AG03,Alluvions en rive droite du Rhône et du canal de Miribel entre la confluence de l'Ain et Miribel,"2","3",712AG,"2","5","1","1","1"
"3262",712AG04,Alluvions en rive gauche du Rhône entre l'Ile Crémieu et les canaux de Miribel-Jonage,"2","3",712AG,"2","5","1","1","1"
"3263",712AG05,Alluvions de l'île de Miribel-Jonage,"2","3",712AG,"2","5","1","1","1"
"3264",712AG06,Alluvions en rive gauche du Rhône entre la confluence des canaux de Miribel-Jonage et Solaize,"2","3",712AG,"2","5","1","1","1"
"3265",712AG52,Alluvions en rive droite du Rhône au Sud de Lyon entre La Mulatière et Irigny,"2","3",712AG,"2","5","1","1","1"
"3266",712AH,Alluvions de la vallée du Rhône à Pougny,,"2","712","2","3","1","1","4"
"3267",712AH01,Alluvions du Rhône dans la plaine de Morestel entre La Balme et Creys-Mepieu,"2","3",712AH,"2","5","1","1","1"
"3268",712AH02,Alluvions de la Bièvre,"2","3",712AH,"2","5","1","1","1"
"3269",712AH04,Alluvions du Rhône à Pougny,"2","3",712AH,"2","5","1","1","1"
"3270",712AH37,Alluvions du Rhône dans la plaine de Lavours-Chautagne entre Seyssel et Yenne,"2","3",712AH,"2","5","1","1","1"
"3271",712AH57,Alluvions du Rhône entre Creys-Mepieu et Lagnieu,"2","3",712AH,"2","5","1","1","1"
"3272",712AJ,Alluvions du Rhône entre Avignon et Beaucaire-Tarascon,,"2","712","2","3","1","1","4"
"3273",712AJ01,"Alluvions du Rhône rive gauche entre Avignon et Beaucaire-Tarascon, hors boucle de Vallabrègues","2","3",712AJ,"2","5","1","1","1"
"3274",712AJ04,"Alluvions quaternaires du Rhône en rive gauche, boucle de Vallabrègues","2","3",712AJ,"2","5","1","1","1"
"3275",712AJ05,Alluvions quaternaires du Rhône rive droite entre Beaucaire et Villeneuve lès Avignon,"2","3",712AJ,"2","5","1","1","1"
"3276",712AK,Alluvions du Rhône entre Mornas et Avignon,,"2","712","2","3","1","1","4"
"3277",712AK00,Alluvions du Rhône rive gauche entre Mornas et Avignon,"2","3",712AK,"2","5","1","1","1"
"3278",712AK03,Alluvions quaternaires rive droite du Rhône entre Cèze et Tave,"2","3",712AK,"2","5","1","1","1"
"3279",712AK04,Alluvions quaternaires du Rhône rive droite de l'Ardoise à Villeneuve lès Avignon,"2","3",712AK,"2","5","1","1","1"
"3280",712AY,Alluvions anciennes de la haute terrasse de Saint-Just,,"2","712","2","3","1","1","4"
"3281",712AY48,Alluvions anciennes de la haute terrasse de Saint-Just,"2","3",712AY,"2","5","1","1","1"
"3282",712AZ,Alluvions de l'Ardèche et de ses affluents,,"2","712","2","3","1","1","4"
"3283",712AZ00,Alluvions de l'Ardèche et du Chassezac d'Aubenas à Vallon Pont-d'Arc,"2","3",712AZ,"2","5","1","1","1"
"3284",712AZ47,Alluvions de l'Ardèche à Mayres,"2","3",712AZ,"2","5","1","1","1"
"3285",712AZ48,Alluvions de l'Ardèche à la confluence du Rhône,"2","3",712AZ,"2","5","1","1","1"
"3286",712BD,Alluvions du Guiers,,"2","712","2","3","1","1","4"
"3287",712BD43,Alluvions des vallées du Guiers Vif et du Guiers Mort au niveau de la dépression de Saint-Laurent-du-Pont,"2","3",712BD,"2","5","1","1","1"
"3288",712BD44,Alluvions de la basse vallée du Guiers,"2","3",712BD,"2","5","1","1","1"
"3289",712BE,Alluvions de la plaine de la Valdaine,,"2","712","2","3","1","1","4"
"3290",712BE00,Alluvions de la plaine de la Valdaine hors alluvions du Roubion et du Jabron,"2","3",712BE,"2","5","1","1","1"
"3291",712BE24,Alluvions du Roubion et du Jabron,"2","3",712BE,"2","5","1","1","1"
"3292",712BF,Alluvions des Gardons,,"2","712","2","3","1","1","4"
"3293",712BF05,Alluvions quaternaires du Bas Gardon en aval de Remoulins,"2","3",712BF,"2","5","1","1","1"
"3294",712BF22,Alluvions quaternaires du Gardon d'Alès,"2","3",712BF,"2","5","1","1","1"
"3295",712BF23,Alluvions quaternaires du Gardon d'Anduze,"2","3",712BF,"2","5","1","1","1"
"3296",712BF24,Alluvions quaternaires du Moyen Gardon,"2","3",712BF,"2","5","1","1","1"
"3297",712BJ,Alluvions de la Cèze et de la Tave,,"2","712","2","3","1","1","4"
"3298",712BJ03,Alluvions quaternaires de la basse vallée de la Cèze,"2","3",712BJ,"2","5","1","1","1"
"3299",712BJ04,Alluvions quaternaires de la Tave,"2","3",712BJ,"2","5","1","1","1"
"3300",712BJ48,Alluvions quaternaires de la Cèze dans le secteur de St Ambroix,"2","3",712BJ,"2","5","1","1","1"
"3301",712BK,"Alluvions de l'Arve, du Giffre et de la Ménoge",,"2","712","2","3","1","1","4"
"3302",712BK00,Alluvions de l'Arve,"2","3",712BK,"2","5","1","1","1"
"3303",712BK01,Alluvions du Giffre,"2","3",712BK,"2","5","1","1","1"
"3304",712BK03,Alluvions de la Ménoge,"2","3",712BK,"2","5","1","1","1"
"3305",712BM,Alluvions de la Drôme,,"2","712","2","3","1","1","4"
"3306",712BM01,Alluvions à la confluence de la Drôme et du Rhône,"2","3",712BM,"2","5","1","1","1"
"3307",712BM02,Alluvions de la Drôme en amont de Livron-sur-Drôme,"2","3",712BM,"2","5","1","1","1"
"3308",712DA,"Alluvions de la Fure, de l’Ainan, de la Morge, de Chantabot et des Rivoires",,"2","712","2","3","1","1","4"
"3309",712DA01,"Alluvions de la Fure, de l’Ainan, de la Morge, de Chantabot et des Rivoires","2","3",712DA,"2","5","1","1","1"
"3310",712EA,Alluvions des Dranses,,"2","712","2","3","1","1","4"
"3311",712EA01,Alluvions du delta de la Dranse,"2","3",712EA,"2","5","1","1","1"
"3312",712EA03,Alluvions des Dranses d'Abondance et de Morzine,"2","3",712EA,"2","5","1","1","1"
"3313",712GB,Alluvions de l'Ain et de ses affluents,,"2","712","2","3","1","1","4"
"3314",712GB01,Alluvions récentes et fluvio-glaciaires de la Bienne aval,"2","3",712GB,"2","5","1","1","1"
"3315",712GB03,Alluvions de l'Albarine,"2","3",712GB,"2","5","1","1","1"
"3316",712GB05,Alluvions de la plaine de l'Ain,"2","3",712GB,"2","5","1","1","1"
"3317",712GB07,Alluvions du Suran,"2","3",712GB,"2","5","1","1","1"
"3318",712HA,Alluvions du Fier et de ses affluents,,"2","712","2","3","1","1","4"
"3322",712HC,Alluvions de la dépression de Chambéry et du Sierroz-Tillet,,"2","712","2","3","1","1","4"
"3323",712HC01,Alluvions de la dépression de Chambéry et du Sierroz-Tillet,"2","3",712HC,"2","5","1","1","1"
"3324",712HE,Alluvions de la vallée de Couz,,"2","712","2","3","1","1","4"
"3325",712HE01,Alluvions de la vallée de Couz,"2","3",712HE,"2","5","1","1","1"
"3326",712IA,Alluvions de l'Aigues et du Lez,,"2","712","2","3","1","1","4"
"3327",712IA01,Alluvions de l'Aigues et du Lez,"2","3",712IA,"2","5","1","1","1"
"3328",712ID,"Alluvions de l'Ouvèze, des Sorgues et de la Nesque",,"2","712","2","3","1","1","4"
"3329",712ID01,Alluvions de l'Ouvèze,"2","3",712ID,"2","5","1","1","1"
"3330",712ID03,Alluvions des Sorgues et de la Nesque,"2","3",712ID,"2","5","1","1","1"
"3331",712JB,Alluvions anciennes et terrasses à l'est d'Avignon,,"2","712","2","3","1","1","4"
"3332",712JB01,Alluvions anciennes et terrasses à l'est d'Avignon,"2","3",712JB,"2","5","1","1","1"
"3333",712LA,Alluvions du Rhône entre Beaucaire-Tarascon et Saint Gilles,,"2","712","2","3","1","1","4"
"3334",712LA01,Alluvions récentes du Rhône de Tarascon à Arles,"2","3",712LA,"2","5","1","1","1"
"3335",712LA03,Alluvions du Rhône entre Beaucaire-Tarascon au Nord et St Gilles au Sud,"2","3",712LA,"2","5","1","1","1"
"3336","714",Alluvions de l'Isère,,"1",,"2","1","1","1","4"
"3337",714AB,Alluvions de l'Isère et de ses affluents de sa source à l'Arc,,"2","714","2","3","1","1","4"
"3338",714AB01,Alluvions de la vallée de l'Isère en amont de Pontcharra,"2","3",714AB,"2","5","1","1","1"
"3339",714AB03,Alluvions de la vallée de l'Arly,"2","3",714AB,"2","5","1","1","1"
"3340",714AF,Alluvions de la vallée de l'Arc,,"2","714","2","3","1","1","4"
"3341",714AF01,Alluvions de la vallée de l'Arc,"2","3",714AF,"2","5","1","1","1"
"3342",714BE,Alluvions de l'Isère et de ses affluents de l'Arc inclus au Drac,,"2","714","2","3","1","1","4"
"3343",714BE01,Alluvions de la vallée du Bréda,"2","3",714BE,"2","5","1","1","1"
"3344",714BE03,Alluvions de l'Isère entre Pontcharra et Grenoble,"2","3",714BE,"2","5","1","1","1"
"3345",714DA,Alluvions du Drac et de ses affluents,,"2","714","2","3","1","1","4"
"3346",714DA01,Alluvions de la vallée du Drac,"2","3",714DA,"2","5","1","1","1"
"3347",714DA03,Alluvions de l'Eau d'Olle et de la Romanche,"2","3",714DA,"2","5","1","1","1"
"3348",714DA05,Alluvions de la Bonne et de la Roizonne,"2","3",714DA,"2","5","1","1","1"
"3349",714DA07,Alluvions récentes du Haut Drac,"2","3",714DA,"2","5","1","1","1"
"3350",714FA,Alluvions de l'Isère et de ses affluents du Drac au Rhône,,"2","714","2","3","1","1","4"
"3351",714FA01,Alluvions glaciaires et fluvio-glaciaires de la plaine de Chantesse,"2","3",714FA,"2","5","1","1","1"
"3352",714FA03,Alluvions de la Bourne et du Méaudret,"2","3",714FA,"2","5","1","1","1"
"3353",714FA05,Alluvions de l'Isère en aval de Grenoble,"2","3",714FA,"2","5","1","1","1"
"3354",714FA07,Alluvions de l'Isère en amont de la confluence avec le Rhône,"2","3",714FA,"2","5","1","1","1"
"3355","716",Alluvions de la Durance et de ses affluents,,"1",,"2","1","1","1","4"
"3356",716AB,Alluvions de la Durance et de ses affluents de sa source au Buëch,,"2","716","2","3","1","1","4"
"3357",716AB01,Alluvions récentes de la Haute-Durance et cônes de déjection d'affluents,"2","3",716AB,"2","5","1","1","1"
"3358",716AB03,Alluvions récentes de l'Ubaye,"2","3",716AB,"2","5","1","1","1"
"3359",716AB05,Alluvions récentes de la Guisane,"2","3",716AB,"2","5","1","1","1"
"3360",716CA,Alluvions de la Durance et de ses affluents du Buëch inclus au Verdon,,"2","716","2","3","1","1","4"
"3361",716CA01,Alluvions récentes de la Moyenne Durance,"2","3",716CA,"2","5","1","1","1"
"3362",716CA03,Alluvions récentes du Buëch,"2","3",716CA,"2","5","1","1","1"
"3363",716CA05,Alluvions récentes de la Bléone,"2","3",716CA,"2","5","1","1","1"
"3364",716CA07,Alluvions récentes de l'Asse,"2","3",716CA,"2","5","1","1","1"
"3365",716DA,Alluvions de la Durance et des affluents du Verdon au Rhône,,"2","716","2","3","1","1","4"
"3366",716DA01,Alluvions récentes de la Basse Durance,"2","3",716DA,"2","5","1","1","1"
"3367",716DA03,Alluvions Graveson-Maillane,"2","3",716DA,"2","5","1","1","1"
"3368",716DA07,Alluvions récentes du Calavon,"2","3",716DA,"2","5","1","1","1"
"3369","718",Alluvions des cours d'eau côtiers méditerranéens du Languedoc Roussillon,,"1",,"2","1","1","1","4"
"3370",718AB,Alluvions récentes du Libron,,"2","718","2","3","1","1","4"
"3371",718AB01,Alluvions récentes du Libron,"2","3",718AB,"2","5","1","1","1"
"3372",718BA,Alluvions récentes du Lez,,"2","718","2","3","1","1","4"
"3373",718BA01,Alluvions récentes du Lez,"2","3",718BA,"2","5","1","1","1"
"3374",718BG,"Alluvions récentes de l'Aude, de ses affluents et de la Berre",,"2","718","2","3","1","1","4"
"3375",718BG13,Alluvions récentes de l'Aude en aval d'Olonzac,"2","3",718BG,"2","5","1","1","1"
"3376",718BG14,Alluvions récentes de l'Aude en amont d'Olonzac,"2","3",718BG,"2","5","1","1","1"
"3377",718BG15,Alluvions récentes du Fresquel,"2","3",718BG,"2","5","1","1","1"
"3378",718BG16,Alluvions récentes de la Cesse,"2","3",718BG,"2","5","1","1","1"
"3379",718BG17,Alluvions récentes de l'Ognon,"2","3",718BG,"2","5","1","1","1"
"3380",718BG18,Alluvions récentes de l'Argent Double,"2","3",718BG,"2","5","1","1","1"
"3381",718BG19,Alluvions récentes de l'Orbieu,"2","3",718BG,"2","5","1","1","1"
"3382",718BG20,Alluvions récentes de l'Orbiel,"2","3",718BG,"2","5","1","1","1"
"3383",718BG21,Alluvions récentes du Lauquet,"2","3",718BG,"2","5","1","1","1"
"3384",718BG48,Alluvions récentes de la Berre,"2","3",718BG,"2","5","1","1","1"
"3385",718BG49,Alluvions récentes entre l'Agly et la Berre,"2","3",718BG,"2","5","1","1","1"
"3386",718BH,Alluvions récentes de l'Orb,,"2","718","2","3","1","1","4"
"3387",718BH11,Alluvions de l'Orb entre Reals et la mer,"2","3",718BH,"2","5","1","1","1"
"3388",718BH12,Alluvions de l'Orb dans le secteur Lamalou,"2","3",718BH,"2","5","1","1","1"
"3389",718BH13,Alluvions du Vernazobre,"2","3",718BH,"2","5","1","1","1"
"3390",718BI,Alluvions récentes de l'Hérault et de ses affluents,,"2","718","2","3","1","1","4"
"3391",718BI05,Alluvions de l'Hérault dans le secteur de Ganges - Saint-Bauzille de Putois,"2","3",718BI,"2","5","1","1","1"
"3392",718BI06,Alluvions de l'Hérault entre le Pont du Diable et la mer,"2","3",718BI,"2","5","1","1","1"
"3393",718BI07,Alluvions de la Lergue,"2","3",718BI,"2","5","1","1","1"
"3394",718BI08,Alluvions de la Thongue,"2","3",718BI,"2","5","1","1","1"
"3395",718BI09,Alluvions de la Peyne,"2","3",718BI,"2","5","1","1","1"
"3396",718BP,Alluvions récentes de la plaine du Roussillon,,"2","718","2","3","1","1","4"
"3397",718BP01,Alluvions récentes de l'Agly,"2","3",718BP,"2","5","1","1","1"
"3398",718BP02,Alluvions récentes de la Têt,"2","3",718BP,"2","5","1","1","1"
"3405","719",Alluvions des cours d'eau côtiers méditerranéens de Provence-Alpes-Côte-d'Azur,,"1",,"2","1","1","1","4"
"3406",719AB,Alluvions des cours d'eau côtiers du Var inclus à la frontière italienne,,"2","719","2","3","1","1","4"
"3407",719AB01,Alluvions quaternaires de la basse vallée du Var,"2","3",719AB,"2","5","1","1","1"
"3408",719AB03,Alluvions récentes des Paillons,"2","3",719AB,"2","5","1","1","1"
"3409",719CA,Alluvions des cours d'eau côtiers du cap Bénat au Var,,"2","719","2","3","1","1","4"
"3410",719CA01,Alluvions récentes de la Giscle et de la Môle,"2","3",719CA,"2","5","1","1","1"
"3411",719CA03,Alluvions récentes de l'Argens,"2","3",719CA,"2","5","1","1","1"
"3412",719CA05,Alluvions récentes de la Siagne (secteur de Pégomas),"2","3",719CA,"2","5","1","1","1"
"3413",719CA07,Alluvions récentes du Loup,"2","3",719CA,"2","5","1","1","1"
"3414",719EA,Alluvions des cours d'eau côtiers du Rhône au cap Bénat inclus,,"2","719","2","3","1","1","4"
"3415",719EA01,Alluvions récentes de l'Arc,"2","3",719EA,"2","5","1","1","1"
"3416",719EA03,Alluvions récentes du Gapeau,"2","3",719EA,"2","5","1","1","1"
"3417",719EA05,Alluvions récentes de l'Huveaune,"2","3",719EA,"2","5","1","1","1"
"3418",719GA,Alluvions des îles d'Hyères - Porquerolles,,"2","719","2","3","1","1","4"
"3419",719GA01,Alluvions des îles d'Hyères - Porquerolles,"2","3",719GA,"2","5","1","1","1"
"3420","720",Alluvions récentes des cours d'eau côtiers de la Corse,,"1",,"2","1","1","1","4"
"3421",720AB,Alluvions récentes du Bevinco et du Golo,,"2","720","2","3","1","1","4"
"3422",720AB01,Alluvions récentes du Bevinco et du Golo,"2","3",720AB,"2","5","1","1","1"
"3423",720AD,Alluvions récentes des fleuves côtiers de la Corse alpine,,"2","720","2","3","1","1","4"
"3424",720AD01,Alluvions récentes de Tollare,"2","3",720AD,"2","5","1","1","1"
"3425",720AD03,Alluvions récentes de Meria,"2","3",720AD,"2","5","1","1","1"
"3426",720AD05,Alluvions récentes du Luri,"2","3",720AD,"2","5","1","1","1"
"3427",720AD07,Alluvions récentes de Pietracorbara,"2","3",720AD,"2","5","1","1","1"
"3428",720AD09,Alluvions récentes du Sisco,"2","3",720AD,"2","5","1","1","1"
"3429",720AD11,Alluvions récentes du Petrignani,"2","3",720AD,"2","5","1","1","1"
"3430",720AD13,Alluvions récentes du Bucatoggio,"2","3",720AD,"2","5","1","1","1"
"3431",720AD15,Alluvions récentes de l'Aliso et du Poggio,"2","3",720AD,"2","5","1","1","1"
"3432",720AD17,Alluvions récentes de la Strutta,"2","3",720AD,"2","5","1","1","1"
"3433",720AD19,Alluvions récentes du Fium'Albinu,"2","3",720AD,"2","5","1","1","1"
"3434",720AD21,Alluvions récentes Asco-Golo,"2","3",720AD,"2","5","1","1","1"
"3435",720AF,Alluvions récentes des fleuves côtiers de la Plaine-Orientale,,"2","720","2","3","1","1","4"
"3436",720AF01,Alluvions récentes de l'Alesani,"2","3",720AF,"2","5","1","1","1"
"3437",720AF03,Alluvions récentes du Bravona,"2","3",720AF,"2","5","1","1","1"
"3438",720AF05,Alluvions récentes du Tavignano,"2","3",720AF,"2","5","1","1","1"
"3439",720AF07,Alluvions récentes du Fium'Orbo et de l'Abatesco,"2","3",720AF,"2","5","1","1","1"
"3440",720AF09,Alluvions récentes du Travo,"2","3",720AF,"2","5","1","1","1"
"3441",720BD,Alluvions récentes des fleuves côtiers de l'Extrême Sud,,"2","720","2","3","1","1","4"
"3442",720BD01,Alluvions récentes de la Solenzara,"2","3",720BD,"2","5","1","1","1"
"3443",720BD03,Alluvions récentes de Tarco,"2","3",720BD,"2","5","1","1","1"
"3444",720BD05,Alluvions récentes du Cavo,"2","3",720BD,"2","5","1","1","1"
"3445",720BD07,Alluvions récentes de l'Oso,"2","3",720BD,"2","5","1","1","1"
"3446",720BD09,Alluvions récentes de Stabiacco-Pietroso,"2","3",720BD,"2","5","1","1","1"
"3447",720BD11,Alluvions récentes de la Plaine de Figari,"2","3",720BD,"2","5","1","1","1"
"3448",720BF,Alluvions récentes des fleuves côtiers du Golfe du Valinco,,"2","720","2","3","1","1","4"
"3449",720BF01,Alluvions récentes du Rizzanese,"2","3",720BF,"2","5","1","1","1"
"3450",720BF03,Alluvions récentes du Baracci,"2","3",720BF,"2","5","1","1","1"
"3451",720BF05,Alluvions récentes du Taravo,"2","3",720BF,"2","5","1","1","1"
"3452",720CA,Alluvions récentes des fleuves côtiers du nord-ouest de la Corse,,"2","720","2","3","1","1","4"
"3453",720CA01,Alluvions récentes de la Gravone et du Prunelli,"2","3",720CA,"2","5","1","1","1"
"3454",720CA03,Alluvions récentes de la Liscia,"2","3",720CA,"2","5","1","1","1"
"3455",720CA05,Alluvions récentes du Liamone,"2","3",720CA,"2","5","1","1","1"
"3456",720CA07,Alluvions récentes de Sagone,"2","3",720CA,"2","5","1","1","1"
"3457",720CA11,Alluvions récentes du Chiuni,"2","3",720CA,"2","5","1","1","1"
"3458",720CA13,Alluvions récentes de Bussaglia,"2","3",720CA,"2","5","1","1","1"
"3459",720CA15,Alluvions récentes de Tuara,"2","3",720CA,"2","5","1","1","1"
"3460",720CA17,Alluvions récentes de Girolata,"2","3",720CA,"2","5","1","1","1"
"3461",720CA19,Alluvions récentes du Fango,"2","3",720CA,"2","5","1","1","1"
"3462",720CA21,Alluvions récentes du Fiume Secco et du Figarella,"2","3",720CA,"2","5","1","1","1"
"3463",720CA23,Alluvions récentes de l'Algajola,"2","3",720CA,"2","5","1","1","1"
"3464",720CA25,Alluvions récentes du Régino,"2","3",720CA,"2","5","1","1","1"
"3465",720CA27,Alluvions récentes de l'Ostriconi,"2","3",720CA,"2","5","1","1","1"
"3466","910",Alluvions récentes à anciennes de la vallée de la Liane sur les formations callovo-oxfordiennes du Boulonnais et sur les sables Pissards,,"1",,"2","1","1","1","4"
"3467",910AA,Alluvions récentes à anciennes de la vallée de la Liane,,"2","910","2","3","1","1","1"
"3468",910AA01,Alluvions récentes à anciennes de la Liane,"200","3",910AA,"2","5","1","1","1"
"3469","912","Alluvions récentes à anciennes des vallées de la Canche, de l'Authie et de la Somme sur la craie du Séno-Turonien",,"1",,"2","1","1","1","4"
"3470",912AA,Alluvions récentes à anciennes de la vallée de la Canche,,"2","912","2","3","1","1","1"
"3471",912AA01,Alluvions récentes à anciennes de la Canche,"200","3",912AA,"2","5","1","1","1"
"3472",912AA03,Alluvions récentes à anciennes de la Ternoise,"200","3",912AA,"2","5","1","1","1"
"3473",912AC,Alluvions récentes à anciennes de la vallée de l'Authie,,"2","912","2","3","1","1","1"
"3474",912AC01,Alluvions récentes à anciennes de l'Authie,"200","3",912AC,"2","5","1","1","1"
"3475",912AE,Alluvions récentes à anciennes de la vallée de la Somme,,"2","912","2","3","1","1","1"
"3476",912AE01,Alluvions récentes à anciennes de la Somme,"200","3",912AE,"2","5","1","1","1"
"3477",912AE03,Alluvions récentes à anciennes du Scardon,"200","3",912AE,"2","5","1","1","1"
"3478",912AE05,Alluvions récentes à anciennes de la Nièvre,"200","3",912AE,"2","5","1","1","1"
"3479",912AE07,Alluvions récentes à anciennes de la Selle et de l'Evoissons,"200","3",912AE,"2","5","1","1","1"
"3480",912AE09,Alluvions récentes à anciennes de l'Avre aval et de ses affluents la Noye et la Luce,"200","3",912AE,"2","5","1","1","1"
"3481",912AE11,Alluvions anciennes graveleuses de l'Ancre,"200","3",912AE,"2","5","1","1","1"
"3482","914",Alluvions récentes à anciennes de la vallée de la Sambre sur les argiles du Thanétien et sur la craie et les marnes du Séno-Turonien en amont et sur les schistes et calcaires du socle de Ardennes en aval,,"1",,"2","1","1","1","4"
"3483",914AA,Alluvions récentes à anciennes de la vallée de la Sambre,,"2","914","2","3","1","1","1"
"3484",914AA01,Alluvions récentes à anciennes de la Sambre amont sur les schistes et calcaires du socle des Ardennes,"200","3",914AA,"2","5","1","1","1"
"3485",914AA03,Alluvions récentes à anciennes de la Sambre aval sur les argiles du Thanétien et sur la craie et les marnes du Séno-Turonien,"200","3",914AA,"2","5","1","1","1"
"3486","916",Alluvions récentes à anciennes de la vallée de l'Escault sur la craie du Séno-Turonien en amont et sur les sables et argiles du Thanétien en aval,,"1",,"2","1","1","1","4"
"3487",916AA,Alluvions récentes à anciennes de la vallée de l'Escault,,"2","916","2","3","1","1","1"
"3488",916AA01,Alluvions récentes à anciennes de l'Escault,"200","3",916AA,"2","5","1","1","1"
"3489",916AA03,Alluvions récentes à anciennes de la Sensée et du Cojeul,"200","3",916AA,"2","5","1","1","1"
"3490",916AA05,Alluvions récentes à anciennes de la Scarpe amont et du Crinchon,"200","3",916AA,"2","5","1","1","1"
"3491","918",Alluvions récentes à anciennes des vallées du bassin tertiaire des Flandres,,"1",,"2","1","1","1","4"
"3492",918AA,Alluvions récentes à anciennes de la vallée de la Lys,,"2","918","2","3","1","1","1"
"3493",918AA01,Alluvions récentes à anciennes de la Marque,"200","3",918AA,"2","5","1","1","1"
"3494",918AA03,Alluvions récentes à anciennes du canal de la Deule,"200","3",918AA,"2","5","1","1","1"
"3495",918AA05,Alluvions récentes à anciennes de la Lys et de la Lawe aval,"200","3",918AA,"2","5","1","1","1"
"3496",918AC,Alluvions anciennes des vallées de la Loisne et du Surgeon,,"2","918","2","3","1","1","1"
"3497",918AC01,Alluvions anciennes de la Loisne et du Surgeon,"200","3",918AC,"2","5","1","1","1"
"3498",918AE,Alluvions anciennes de la vallée de la Clarence,,"2","918","2","3","1","1","1"
"3499",918AE01,Alluvions anciennes de la Clarence,"200","3",918AE,"2","5","1","1","1"
"3500",918AG,Alluvions anciennes de la vallée de la Lawe amont,,"2","918","2","3","1","1","1"
"3501",918AG01,Alluvions anciennes de la Lawe amont,"200","3",918AG,"2","5","1","1","1"
"3502",918AI,Alluvions anciennes des vallées de la Rivièrette et du Guarbecque,,"2","918","2","3","1","1","1"
"3503",918AI01,Alluvions anciennes de la Rivièrette et du Guarbecque,"200","3",918AI,"2","5","1","1","1"
"3504",918AK,Alluvions anciennes des vallées de la Lys amont et de la Laquette,,"2","918","2","3","1","1","1"
"3505",918AK01,Alluvions anciennes de la Lys amont et de la Laquette,"200","3",918AK,"2","5","1","1","1"
"3506",918AM,Alluvions anciennes de la vallée de l'Aa,,"2","918","2","3","1","1","1"
"3507",918AM01,Alluvions anciennes de l'Aa,"200","3",918AM,"2","5","1","1","1"
"3508","920",Alluvions actuelles à anciennes de la Bresle,,"1",,"2","1","1","1","4"
"3509",920AA,Alluvions actuelles à anciennes de la Bresle,,"2","920","2","3","1","1","4"
"3510",920AA01,Alluvions actuelles à anciennes de la Bresle,"2","3",920AA,"2","5","1","1","1"
"3511","922",Alluvions actuelles à anciennes des vallées de l'Orne et de la Touques,,"1",,"2","1","1","1","4"
"3512",922AA,Alluvions actuelles à anciennes des vallées de l'Orne et de la Touques,,"2","922","2","3","1","1","4"
"3513",922AA01,Alluvions actuelles à récentes de l'Orne,"2","3",922AA,"2","5","1","1","1"
"3514",922AA03,Alluvions actuelles à anciennes de la Touques,"2","3",922AA,"2","5","1","1","1"
"3515","924",Alluvions actuelles à anciennes de la vallée de la Seine aval,,"1",,"2","1","1","1","4"
"3516",924AA,Alluvions actuelles à anciennes de la Seine moyenne et aval,,"2","924","2","3","1","1","4"
"3517",924AA01,Alluvions actuelles à anciennes de la Seine moyenne et aval,"2","3",924AA,"2","5","1","1","1"
"3518",924AC,Alluvions actuelles à anciennes des affluents de la Seine aval,,"2","924","2","3","1","1","4"
"3519",924AC01,Alluvions actuelles à anciennes de la Risle,"2","3",924AC,"2","5","1","1","1"
"3520",924AC03,Alluvions actuelles à récentes du Cailly,"2","3",924AC,"2","5","1","1","1"
"3521",924AC05,Alluvions actuelles à anciennes de l'Andelle,"2","3",924AC,"2","5","1","1","1"
"3522",924AC07,Alluvions actuelles à anciennes de l'Eure et de l'Iton,"2","3",924AC,"2","5","1","1","1"
"3523",924AC09,Alluvions actuelles à anciennes de l'Epte,"2","3",924AC,"2","5","1","1","1"
"3524",924AE,Alluvions actuelles à anciennes des vallées de l'Oise et de l'Aisne,,"2","924","2","3","1","1","4"
"3525",924AE01,Alluvions actuelles à anciennes de l'Oise,"2","3",924AE,"2","5","1","1","1"
"3526",924AE03,Alluvions actuelles à anciennes du Thérain,"2","3",924AE,"2","5","1","1","1"
"3527",924AE05,Alluvions actuelles à récentes de la Serre,"2","3",924AE,"2","5","1","1","1"
"3528",924AE07,Alluvions actuelles à anciennes de l'Aisne,"2","3",924AE,"2","5","1","1","1"
"3529",924AE09,Alluvions actuelles à anciennes de la Vesle,"2","3",924AE,"2","5","1","1","1"
"3530",924AE11,Alluvions actuelles à récentes de la Suippe,"2","3",924AE,"2","5","1","1","1"
"3531","926",Alluvions actuelles à anciennes de la vallée de la Seine moyenne,,"1",,"2","1","1","1","4"
"3532",926AA,Alluvions actuelles à anciennes de la Seine moyenne en aval de la Bassée,,"2","926","2","3","1","1","4"
"3533",926AA01,Alluvions actuelles à anciennes de la Seine en aval de la Bassée,"2","3",926AA,"2","5","1","1","1"
"3534",926AC,Alluvions actuelles à anciennes de la vallée de la Marne,,"2","926","2","3","1","1","4"
"3535",926AC01,Alluvions actuelles à anciennes de la Marne,"2","3",926AC,"2","5","1","1","1"
"3536",926AC03,Alluvions actuelles à anciennes du Grand Morin,"2","3",926AC,"2","5","1","1","1"
"3537",926AC05,Alluvions actuelles à anciennes du bassin versant de la Marne en Champagne Pouilleuse,"2","3",926AC,"2","5","1","1","1"
"3538",926AC07,Alluvions actuelles à anciennes du Perthois,"2","3",926AC,"2","5","1","1","1"
"3539",926AC09,Alluvions actuelles à anciennes du bassin versant de la Marne en amont du Perthois,"2","3",926AC,"2","5","1","1","1"
"3540",926AE,Alluvions actuelles à anciennes de la vallée de l'Essonne,,"2","926","2","3","1","1","4"
"3541",926AE01,Alluvions actuelles à anciennes de l'Essonne,"2","3",926AE,"2","5","1","1","1"
"3542","928",Alluvions actuelles à anciennes de la vallée de la Seine amont,,"1",,"2","1","1","1","4"
"3543",928AA,Alluvions actuelles à récentes de la vallée du Loing,,"2","928","2","3","1","1","4"
"3544",928AA01,Alluvions actuelles à récentes du Loing,"2","3",928AA,"2","5","1","1","1"
"3545",928AC,Alluvions actuelles à anciennes de la Seine amont,,"2","928","2","3","1","1","4"
"3546",928AC01,Alluvions actuelles à anciennes de la Bassée,"2","3",928AC,"2","5","1","1","1"
"3547",928AC03,Alluvions actuelles à anciennes de la Seine en amont de la Bassée,"2","3",928AC,"2","5","1","1","1"
"3548",928AE,Alluvions actuelles à anciennes de la vallée de l'Yonne,,"2","928","2","3","1","1","4"
"3549",928AE01,Alluvions actuelles à anciennes de l'Yonne en aval de la confluence avec la Cure,"2","3",928AE,"2","5","1","1","1"
"3550",928AE03,Alluvions actuelles à anciennes de l'Yonne en amont de la confluence avec la Cure et de la Cure,"2","3",928AE,"2","5","1","1","1"
"3551",928AE05,Alluvions actuelles à récentes de la Vanne,"2","3",928AE,"2","5","1","1","1"
"3552",928AE07,Alluvions actuelles à anciennes du Serein,"2","3",928AE,"2","5","1","1","1"
"3553",928AE09,Alluvions actuelles à récentes de l'Armançon,"2","3",928AE,"2","5","1","1","1"
"3554",928AG,Alluvions actuelles à anciennes de la vallée de l'Aube,,"2","928","2","3","1","1","4"
"3555",928AG01,Alluvions actuelles à anciennes du bassin versant de l'Aube,"2","3",928AG,"2","5","1","1","1"
"3556","930",Alluvions de la Loire (hors affluents principaux),,"1",,"2","1","1","1","4"
"3557",930AB,Alluvions de la Loire de sa source à l'Allier (Massif central),,"2","930","2","3","1","1","4"
"3558",930AB01,Alluvions de la Loire de sa source à l'Allier (Massif central),"2","3",930AB,"2","5","1","1","1"
"3559",930AB03,Alluvions de la Besbre de sa source à la Loire,"2","3",930AB,"2","5","1","1","1"
"3560",930DA,Alluvions de la Loire moyenne,,"2","930","2","3","1","1","4"
"3561",930DA01,Alluvions de la Loire moyenne avant Blois,"2","3",930DA,"2","5","1","1","1"
"3562",930DA03,Alluvions de la Loire moyenne après Blois,"2","3",930DA,"2","5","1","1","1"
"3563",930FA,Alluvions de la Loire Armoricaine,,"2","930","2","3","1","1","4"
"3564",930FA01,Alluvions de la Loire Armoricaine,"2","3",930FA,"2","5","1","1","1"
"3565","932",Alluvions de l'Allier,,"1",,"2","1","1","1","4"
"3566",932AC,"Alluvions de l'Allier, partie amont, de sa source à la Dore",,"2","932","2","3","1","1","4"
"3567",932AC01,"Alluvions de l'Allier, partie amont, de sa source à la Dore","2","3",932AC,"2","5","1","1","1"
"3568",932AR,"Alluvions de l'Allier, partie aval, de la Dore à la Loire",,"2","932","2","3","1","1","4"
"3569",932AR01,"Alluvions de l'Allier, partie aval, de la Dore à la Loire","2","3",932AR,"2","5","1","1","1"
"3570","935",Alluvions du Cher,,"1",,"2","1","1","1","4"
"3571",935AB,Alluvions du Cher,,"2","935","2","3","1","1","4"
"3572",935AB01,Alluvions du Cher,"2","3",935AB,"2","5","1","1","1"
"3573","936",Alluvions de la Vienne,,"1",,"2","1","1","1","4"
"3574",936AC,Alluvions de la Vienne,,"2","936","2","3","1","1","4"
"3575",936AC01,Alluvions de la Vienne,"2","3",936AC,"2","5","1","1","1"
"3576","937",Alluvions du Loir et de la Sarthe et de leurs affluents,,"1",,"2","1","1","1","4"
"3577",937AB,Alluvions de la Sarthe et de ses affluents,,"2","937","2","3","1","1","4"
"3578",937AB01,Alluvions de la Sarthe,"2","3",937AB,"2","5","1","1","1"
"3579",937AB03,Alluvions de l'Huisne,"2","3",937AB,"2","5","1","1","1"
"3580",937AF,Alluvions du Loir,,"2","937","2","3","1","1","4"
"3581",937AF01,Alluvions du Loir,"2","3",937AF,"2","5","1","1","1"
"3582","938",Alluvions de l'Oust et de la Vilaine (Bretagne),,"1",,"2","1","1","1","4"
"3583",938AC,Alluvions de la Vilaine,,"2","938","2","3","1","1","4"
"3584",938AC01,Alluvions de la Vilaine,"2","3",938AC,"2","5","1","1","1"
"3585",938CB,Alluvions de l'Oust,,"2","938","2","3","1","1","4"
"3586",938CB01,Alluvions de l'Oust,"2","3",938CB,"2","5","1","1","1"
"3587","940",Alluvions de la vallée de la Charente,,"1",,"3","1","1","1","4"
"3588",940AA,Alluvions de la Charente,,"2","940","3","3","1","1","4"
"3589",940AA01,Alluvions flandriennes argileuses de la Charente,"3","3",940AA,"6","7","1","1","1"
"3590",940AA03,Alluvions sablo-graveleuses de la basse plaine et des basses terrasses de la Charente,"4","3",940AA,"3","5","1","1","1"
"3591","942",Alluvions de la vallée de la Dordogne,,"1",,"3","1","1","1","4"
"3592",942AA,Alluvions de la Dordogne,,"2","942","3","3","1","1","4"
"3593",942AA01,Alluvions sablo-graveleuses des basses et moyennes terrasses de la Dordogne,"3","3",942AA,"3","5","1","1","1"
"3594",942AC,Alluvions de la Vézère,,"2","942","2","3","1","1","4"
"3595",942AC01,Alluvions récentes des terrasses würmiennes de la Vézère,"2","3",942AC,"2","5","1","1","1"
"3596",942AE,Alluvions de la vallée de l'Isle,,"2","942","3","3","1","1","4"
"3597",942AE01,Alluvions récentes des basses et moyennes terrasses de l'Isle,"3","3",942AE,"3","5","1","1","1"
"3598",942AE03,Alluvions de la basse plaine et des basses et moyennes terrasses de l'Auvézère,"2","3",942AE,"2","5","1","1","1"
"3599",942AE05,Alluvions récentes des basses et moyennes terrasses de la Dronne,"2","3",942AE,"2","5","1","1","1"
"3600","944",Alluvions de l'estuaire de la Gironde,,"1",,"3","1","1","1","4"
"3601",944AA,Alluvions de l'estuaire de la Gironde,,"2","944","3","3","1","1","4"
"3602",944AA01,Alluvions flandriennes argileuses de la Gironde,"2","3",944AA,"6","7","1","1","1"
"3603",944AA03,Alluvions sablo-graveleuses et terrasses sous-flandriennes de l'estuaire de la Gironde,"4","3",944AA,"3","5","1","1","1"
"3604","946",Alluvions de la vallée de la Garonne,,"1",,"3","1","1","1","4"
"3605",946AA,Alluvions de la Garonne,,"2","946","3","3","1","1","4"
"3606",946AA03,"Alluvions de la Garonne amont, jusqu'à la confluence avec le Salat","2","3",946AA,"2","5","1","1","1"
"3607",946AA05,"Alluvions de la Garonne moyenne, de la confluence du Salat à la confluence du Lot","2","3",946AA,"2","5","1","1","1"
"3608",946AA07,"Alluvions de la Garonne aval, depuis la confluence du Lot à la confluence de la Dordogne","3","3",946AA,"3","5","1","1","1"
"3609",946AC,Alluvions du Lot,,"2","946","2","3","1","1","4"
"3610",946AC01,Alluvions sablo-graveleuses récentes à anciennes du Lot,"2","3",946AC,"2","5","1","1","1"
"3611",946AE,Alluvions de la vallée du Tarn,,"2","946","2","3","1","1","4"
"3612",946AE01,Alluvions sablo-graveleuses de la basse plaine et des basses terrasses du Tarn,"2","3",946AE,"2","5","1","1","1"
"3613",946AE03,Alluvions sablo-graveleuses de la basse plaine du Dourdou de Camarès,"2","3",946AE,"2","5","1","1","1"
"3614",946AE05,Alluvions de la basse plaine et des basses terrasses de l'Aveyron,"2","3",946AE,"2","5","1","1","1"
"3615",946AE07,Alluvions de la basse plaine et des basses terrasses du Dadou,"2","3",946AE,"2","5","1","1","1"
"3616",946AE09,Alluvions de la basse plaine et des basses terrasses de l'Agoût,"2","3",946AE,"2","5","1","1","1"
"3617",946AE11,Alluvions de la basse plaine et des basses terrasses du Thoré,"2","3",946AE,"2","5","1","1","1"
"3618",946AE13,Alluvions sablo-graveleuses récentes de la Lère,"2","3",946AE,"2","5","1","1","1"
"3619",946AG,Alluvions de la vallée de l'Ariège,,"2","946","2","3","1","1","4"
"3620",946AG01,Alluvions de la basse plaine et des basses terrasses de l'Ariège,"2","3",946AG,"2","5","1","1","1"
"3621",946AG03,Alluvions de la basse plaine et des basses terrasses du Grand Hers,"2","3",946AG,"2","5","1","1","1"
"3622",946AI,Alluvions du Salat,,"2","946","2","3","1","1","4"
"3623",946AI01,Alluvions récentes de la basse plaine du Salat,"2","3",946AI,"2","5","1","1","1"
"3624",946AK,Alluvions de la Neste,,"2","946","2","3","1","1","4"
"3625",946AK01,Alluvions de la basse plaine et des basses terrasses de la Neste,"2","3",946AK,"2","5","1","1","1"
"3626","948",Alluvions de la vallée de l'Adour,,"1",,"3","1","1","1","4"
"3627",948AA,Alluvions de l'Adour,,"2","948","3","3","1","1","4"
"3628",948AA01,Alluvions flandriennes argileuses de l’Adour,"3","3",948AA,"6","7","1","1","1"
"3629",948AA03,Alluvions de la basse plaine et des basses et moyennes terrasses de l'Adour,"4","3",948AA,"3","5","1","1","1"
"3630",948AC,Alluvions de la Nive,,"2","948","3","3","1","1","4"
"3631",948AC01,Alluvions sablo-graveleuses récentes de la Nive,"5","3",948AC,"3","5","1","1","1"
"3632",948AE,Alluvions des Gaves réunis (confluence des Gave de Pau et Gave d'Oloron),,"2","948","3","3","1","1","4"
"3633",948AE01,Alluvions récentes et des basses terrasses des Gaves réunis (Gave de Pau et Gave d'Oloron),"4","3",948AE,"3","5","1","1","1"
"3634",948AG,Alluvions du Gave de Pau,,"2","948","2","3","1","1","4"
"3635",948AG01,Alluvions des basses et moyennes terrasses du Gave de Pau,"2","3",948AG,"2","5","1","1","1"
"3636",948AI,Alluvions de la vallée du Gave d'Oloron,,"2","948","2","3","1","1","4"
"3637",948AI01,Alluvions des basses et moyennes terrasses du Gave d'Oloron,"2","3",948AI,"2","5","1","1","1"
"3638",948AI03,Alluvions de la basse vallée du Saison (ou Gave de Mauléon),"2","3",948AI,"2","5","1","1","1"
"3639",948AI05,Alluvions de la basse vallée du Vert,"2","3",948AI,"2","5","1","1","1"
"3640",948AI07,Alluvions de la basse vallée du Gave d'Aspe,"2","3",948AI,"2","5","1","1","1"
"3641",948AI09,Alluvions de la basse vallée du Gave d'Ossau,"2","3",948AI,"2","5","1","1","1"
"3642","949",Alluvions de la Bidassoa,,"1",,"2","1","1","1","4"
"3643",949AA,Alluvions de la Bidassoa,,"2","949","2","3","1","1","4"
"3644",949AA01,Alluvions grossières de la Bidassoa,"2","3",949AA,"2","5","1","1","1"
"3645","950",Alluvions actuelles et anciennes de la Meuse et de ses affluents,,"1",,"2","1","1","1","4"
"3646",950AA,Alluvions actuelles à anciennes de la Meuse sur le socle du massif ardennais et formations du Lias,,"2","950","2","3","1","1","4"
"3647",950AA13,Alluvions fluviatiles actuelles et récentes (Holocène) de la Meuse ardennaise sur substratum schisto-gréseux du Primaire ou du socle,"2","3",950AA,"2","5","1","1","1"
"3648",950AA15,Alluvions fluviatiles actuelles à anciennes de la Meuse ardennaise sur Formations sédimentaires du Lias,"2","3",950AA,"2","5","1","1","1"
"3649",950AA17,Limons des plateaux (Quaternaire) de la Meuse ardennaise sur Formations sédimentaires du Lias,"1","3",950AA,"2","5","1","1","1"
"3650",950AE,Alluvions actuelles à anciennes de la Meuse sur formations Dogger et Malm,,"2","950","2","3","1","1","4"
"3651",950AE01,Alluvions actuelles et récentes de la Meuse et de ses affluents sur les calcaires du Dogger,"2","3",950AE,"2","5","1","1","1"
"3652",950AE03,Alluvions actuelles et récentes de la Meuse sur les argiles du Callovo-Oxfordien,"2","3",950AE,"2","5","1","1","1"
"3653",950AE09,Alluvions actuelles à anciennes de la Meuse sur les calcaires de l'Oxfordien et du Kimméridgien,"2","3",950AE,"2","5","1","1","1"
"3654",950AG,Alluvions actuelles et récentes de l'Aroffe,,"2","950","2","3","1","1","4"
"3655",950AG01,Alluvions actuelles et récentes de l'Aroffe sur les argiles du Callovo-Oxfordien,"2","3",950AG,"2","5","1","1","1"
"3656",950AG03,Alluvions actuelles et récentes de l'Aroffe sur les calcaires de l'Oxfordien et du Kimméridgien,"2","3",950AG,"2","5","1","1","1"
"3657",950AI,Alluvions actuelles à anciennes de la Chiers,,"2","950","2","3","1","1","4"
"3658",950AI03,Alluvions actuelles et récentes de la Chiers sur les calcaires du Dogger,"2","3",950AI,"2","5","1","1","1"
"3659",950AI09,Alluvions actuelles à anciennes de la Chiers sur les formations (gréseuses et argileuses) du Lias et du Keuper,"2","3",950AI,"2","5","1","1","1"
"3660",950AK,Alluvions actuelles et récentes de la Bar,,"2","950","2","3","1","1","4"
"3661",950AK05,Alluvions actuelles à anciennes de la Bar sur les formations (gréseuses et argileuses) du Lias et du Keuper,"2","3",950AK,"2","5","1","1","1"
"3662",950AK07,Alluvions actuelles et récentes de la Bar sur les calcaires du Dogger,"2","3",950AK,"2","5","1","1","1"
"3663",950AK09,Alluvions actuelles et récentes de la Bar sur les argiles du Callovo-Oxfordien,"2","3",950AK,"2","5","1","1","1"
"3664",950AK11,Alluvions actuelles et récentes de la Bar sur les calcaires de l'Oxfordien et du Kimméridgien,"2","3",950AK,"2","5","1","1","1"
"3665",950AM,Alluvions actuelles et récentes de la Semoy,,"2","950","2","3","1","1","4"
"3666",950AM01,Alluvions actuelles et récentes de la Semoy sur le socle du massif ardennais,"2","3",950AM,"2","5","1","1","1"
"3667","952",Alluvions actuelles à anciennes de la Moselle et de ses affluents,,"1",,"2","1","1","1","4"
"3668",952AC,Alluvions actuelles à anciennes de la Moselle,,"2","952","2","3","1","1","4"
"3669",952AC07,Alluvions actuelles à anciennes de la Moselle sur les formations du Muschelkalk,"2","3",952AC,"2","5","1","1","1"
"3670",952AC09,Limons des plateaux sur alluvions de la Moselle en amont de la confluence avec la Meurthe,"1","3",952AC,"2","5","1","1","1"
"3671",952AC15,Alluvions actuelles à anciennes de la Moselle sur le socle du massif vosgien,"2","3",952AC,"2","5","1","1","1"
"3672",952AC17,Alluvions actuelles à anciennes de la Moselle sur calcaire du Dogger,"2","3",952AC,"2","5","1","1","1"
"3673",952AC19,Alluvions actuelles à anciennes de la Moselle sur les grès du Trias,"2","3",952AC,"2","5","1","1","1"
"3674",952AC21,Alluvions actuelles à anciennes de la Moselle sur le domaine du Lias et du Keuper du plateau lorrain,"2","3",952AC,"2","5","1","1","1"
"3675",952AD,Alluvions actuelles à anciennes de la Seille,,"2","952","2","3","1","1","4"
"3676",952AD01,Alluvions actuelles à anciennes de la Seille sur le domaine du Lias et du Keuper du plateau lorrain,"2","3",952AD,"2","5","1","1","1"
"3677",952AE,Alluvions actuelles à anciennes de l'Orne,,"2","952","2","3","1","1","4"
"3678",952AE01,Alluvions actuelles à anciennes de l'Orne sur le domaine du Lias et du Keuper du plateau lorrain,"2","3",952AE,"2","5","1","1","1"
"3679",952AF,Alluvions actuelles à anciennes du Madon,,"2","952","2","3","1","1","4"
"3680",952AF01,Alluvions fluviatiles récentes à actuelles (Holocène) du Madon (affluent de la Moselle),"2","3",952AF,"2","5","1","1","1"
"3681",952AG,Alluvions actuelles à anciennes de la Moselotte,,"2","952","2","3","1","1","4"
"3682",952AG05,Alluvions actuelles à anciennes de la Moselotte sur le socle du massif vosgien,"2","3",952AG,"2","5","1","1","1"
"3683",952AI,Alluvions actuelles à récentes de la Vologne,,"2","952","2","3","1","1","4"
"3684",952AI07,Alluvions actuelles à anciennes de la Vologne sur les grès du Trias inférieur,"2","3",952AI,"2","5","1","1","1"
"3685",952AI09,Alluvions actuelles à récentes de la Vologne sur le socle du massif vosgien,"2","3",952AI,"2","5","1","1","1"
"3686",952AK,Alluvions actuelles à récentes du Neuné,,"2","952","2","3","1","1","4"
"3687",952AK01,Alluvions actuelles à récentes du Neuné sur le socle du massif vosgien,"2","3",952AK,"2","5","1","1","1"
"3688",952AK03,Alluvions actuelles à récentes du Neuné sur les grès du Trias inférieur,"2","3",952AK,"2","5","1","1","1"
"3689",952AM,Alluvions actuelles à anciennes de la Fensch,,"2","952","2","3","1","1","4"
"3690",952AM01,Alluvions actuelles à anciennes de la Fensch sur le domaine du Lias et du Keuper du plateau lorrain,"2","3",952AM,"2","5","1","1","1"
"3691","954",Alluvions actuelles à anciennes de la Meurthe et de ses affluents,,"1",,"2","1","1","1","4"
"3692",954AA,Alluvions actuelles à anciennes de la Meurthe,,"2","954","2","3","1","1","4"
"3693",954AA01,Alluvions actuelles à anciennes de la Meurthe sur le domaine du Lias et du Keuper du plateau lorrain,"2","3",954AA,"2","5","1","1","1"
"3694",954AA03,Alluvions actuelles à anciennes de la Meurthe sur les formations du Muschelkalk,"2","3",954AA,"2","5","1","1","1"
"3695",954AA11,Limons des plateaux sur alluvions actuelles à anciennes de la Meurthe,"1","3",954AA,"2","5","1","1","1"
"3696",954AA15,Alluvions actuelles à anciennes de la Meurthe sur le socle du massif vosgien,"2","3",954AA,"2","5","1","1","1"
"3697",954AA17,Alluvions actuelles à anciennes de la Meurthe sur les grès du Trias inférieur,"2","3",954AA,"2","5","1","1","1"
"3698",954AC,Alluvions actuelles à anciennes de la Mortagne,,"2","954","2","3","1","1","4"
"3699",954AC05,Limons des plateaux sur alluvions de la Mortagne,"1","3",954AC,"2","5","1","1","1"
"3700",954AC07,Alluvions actuelles à anciennes de la Mortagne sur les grès du Trias inférieur,"2","3",954AC,"2","5","1","1","1"
"3701",954AC09,Alluvions actuelles à anciennes de la Mortagne sur les formations du Muschelkalk,"2","3",954AC,"2","5","1","1","1"
"3702",954AC11,Alluvions actuelles à anciennes de la Mortagne sur le domaine du Lias et du Keuper du plateau lorrain,"2","3",954AC,"2","5","1","1","1"
"3703",954AE,Alluvions actuelles à anciennes de la Plaine,,"2","954","2","3","1","1","4"
"3704",954AE05,Limons des plateaux sur alluvions de la Plaine,"1","3",954AE,"2","5","1","1","1"
"3705",954AE07,Alluvions actuelles à anciennes de la Plaine sur les grès du Trias inférieur,"2","3",954AE,"2","5","1","1","1"
"3706",954AE09,Alluvions actuelles à anciennes de la Plaine sur le socle du massif vosgien,"2","3",954AE,"2","5","1","1","1"
"3707",954AG,Alluvions actuelles à anciennes de la Fave,,"2","954","2","3","1","1","4"
"3708",954AG05,Alluvions actuelles à anciennes de la Fave sur le socle du massif vosgien,"2","3",954AG,"2","5","1","1","1"
"3709",954AG07,Alluvions actuelles à anciennes de la Fave sur les grès du Trias inférieur,"2","3",954AG,"2","5","1","1","1"
"3710",954AI,Alluvions actuelles à anciennes de la Vezouze,,"2","954","2","3","1","1","4"
"3711",954AI05,Alluvions actuelles à anciennes de la Vezouze sur les formations du Muschelkalk et du grès du Trias inférieur,"2","3",954AI,"2","5","1","1","1"
"3712",954AI07,Alluvions actuelles à anciennes de la Vezouze sur le domaine du Lias et du Keuper du plateau lorrain,"2","3",954AI,"2","5","1","1","1"
"3713",954AM,Alluvions actuelles à anciennes du Sanon,,"2","954","2","3","1","1","4"
"3714",954AM01,Alluvions actuelles à anciennes du Sanon sur le domaine du Lias et du Keuper du plateau lorrain,"2","3",954AM,"2","5","1","1","1"
"3715",901AL00,Socle des bassins versants de l'Approuague et la Sapokaï jusqu'à l'Arataï,"10","3",901AL,"1","5","2","3","1"
"3716",901AM00,Socle du bassin versant de l'Arataï,"10","3",901AM,"1","5","2","3","1"
"3717",901AN00,Socle du bassin versant de l'Approuague depuis l'Arataï,"20","3",901AN,"1","5","2","3","1"
"3718",901AO00,Socle du bassin versant de la Kourouaï,"20","3",901AO,"1","5","2","3","1"
"3719",901AP00,Socle du bassin versant de Kaw,"20","3",901AP,"1","5","2","3","1"
"3720",901AQ00,Socle du bassin versant de Pointe Behague,"20","3",901AQ,"1","5","2","3","1"
"3721",901AR00,Socle du bassin versant de l'Orapu,"20","3",901AR,"1","5","2","3","1"
"3722",901AS00,Socle du bassin versant de la Comté,"20","3",901AS,"1","5","2","3","1"
"3723",901AT00,Socle du bassin versant du Mahury,"20","3",901AT,"1","5","2","3","1"
"3724",901AU00,"Socle des bassins versants des Cascades, de la Tonnegrande et du Montsinery","20","3",901AU,"1","5","2","3","1"
"3725",901AV00,Socle du bassin versant du Sinnamary,"20","3",901AV,"1","5","2","3","1"
"3726",901AW00,Socle du bassin versant du Kourou,"20","3",901AW,"1","5","2","3","1"
"3727",901AX00,Socle des bassins versants de Crique Leblond et Koursibo,"10","3",901AX,"1","5","2","3","1"
"3728",901AY00,Socle du bassin versant de la Mana jusqu'à l'Arouani,"10","3",901AY,"1","5","2","3","1"
"3729",901AZ00,Socle du bassin versant de la Counamama,"20","3",901AZ,"1","5","2","3","1"
"3730",901BA00,Socle du bassin versant de l'Iracoubo,"20","3",901BA,"1","5","2","3","1"
"3731",901BB00,Socle du bassin versant de Crique Kokioko,"10","3",901BB,"1","5","2","3","1"
"3732",901BC00,Socle du bassin versant de l'Arouani,"10","3",901BC,"1","5","2","3","1"
"3733",901BD00,Socle du bassin versant de la Portal et la Mana jusqu'à son embouchure,"20","3",901BD,"1","5","2","3","1"
"3734",901BE00,Socle du bassin versant de Crique Lézard,"10","3",901BE,"1","5","2","3","1"
"3735",901BF00,Socle du bassin versant de l'Abounami,"10","3",901BF,"1","5","2","3","1"
"3736",901BG00,Socle du bassin versant de Crique Béïman,"10","3",901BG,"1","5","2","3","1"
"3737",901BH00,Socle du bassin versant de Crique Sparouine,"20","3",901BH,"1","5","2","3","1"
"3738",901BI00,Socle du bassin versant du Maroni jusqu'à son embouchure,"20","3",901BI,"1","5","2","3","1"
"3739",902AA01,Série pleistocène de Coswine du Maroni à Iracoubo,"10","3",902AA,"2","5","1","2","1"
"3740",902AA03,Série holocène de Démérara du Maroni à Iracoubo,"10","3",902AA,"3","6","1","2","1"
"3741",902AA05,Série des Sables Blancs du Maroni à Iracoubo,"10","3",902AA,"2","5","1","2","1"
"3742",902AB01,Série pléistocène de Coswine d'Iracoubo à Cayenne,"10","3",902AB,"5","5","1","2","1"
"3743",902AB03,Série holocène de Démérara d'Iracoubo à Cayenne,"10","3",902AB,"3","6","1","2","1"
"3744",902AB05,Série des Sables Blancs d'Iracoubo à Cayenne,"10","3",902AB,"2","5","1","2","1"
"3745",902AC01,Série pleistocène de Coswine de Cayenne à l'Oyapock,"10","3",902AC,"3","6","1","2","1"
"3746",902AC03,Série holocène de Démérara de Cayenne à l'Oyapock,"10","3",902AC,"3","6","1","2","1"
"3747",901AQ,Socle du bassin versant de Pointe Behague,,"2","901","1","3","2","3","4"
"3748",901AR,Socle du bassin versant de l'Orapu,,"2","901","1","3","2","3","4"
"3749",901AS,Socle du bassin versant de la Comté,,"2","901","1","3","2","3","4"
"3750",901AT,Socle du bassin versant du Mahury,,"2","901","1","3","2","3","4"
"3751",901AU,"Socle des bassins versants des Cascades, la Tonnegrande et le Montsinery",,"2","901","1","3","2","3","4"
"3752",901AV,Socle du bassin versant du Sinnamary,,"2","901","1","3","2","3","4"
"3753",901AW,Socle du bassin versant du Kourou,,"2","901","1","3","2","3","4"
"3754",901AX,Socle des bassins versants de Crique Leblond et Koursibo,,"2","901","1","3","2","3","4"
"3755",901AY,Socle du bassin versant de la Mana jusqu'à l'Arouani,,"2","901","1","3","2","3","4"
"3756",901AZ,Socle du bassin versant de la Counamama,,"2","901","1","3","2","3","4"
"3757",901BA,Socle du bassin versant de l'Iracoubo,,"2","901","1","3","2","3","4"
"3758",901BB,Socle du bassin versant de Crique Kokioko,,"2","901","1","3","2","3","4"
"3759",901BC,Socle du bassin versant de l'Arouani,,"2","901","1","3","2","3","4"
"3760",901BD,Socle du bassin versant de la Portal et la Mana jusqu'à son embouchure,,"2","901","1","3","2","3","4"
"3761",901BE,Socle du bassin versant de Crique Lézard,,"2","901","1","3","2","3","4"
"3762",901BF,Socle du bassin versant de l'Abounami,,"2","901","1","3","2","3","4"
"3763",901BG,Socle du bassin versant de Crique Béïman,,"2","901","1","3","2","3","4"
"3764",901BH,Socle du bassin versant de Crique Sparouine,,"2","901","1","3","2","3","4"
"3765",901BI,Socle du bassin versant de le Maroni jusqu'à son embouchure,,"2","901","1","3","2","3","4"
"3766",902AA,Sables et argiles des plaines côtières du littoral du Maroni à Iracoubo,,"2","902","3","4","1","2","4"
"3767",902AB,Sables et argiles des dépôts du littoral d'Iracoubo à Cayenne,,"2","902","3","4","1","2","4"
"3768",902AC,Sables et argiles des plaines côtières du littoral de Cayenne à l'Oyapock,,"2","902","3","4","1","2","4"
"3769","901",Grand domaine hydrogéologique de socle de Guyane,,"1",,X,"1",X,"3","4"
"3770","902",Grand domaine hydrogéologique sédimentaire du littoral guyanais,,"1",,X,"2",X,"2","4"
"3771",901AA,Socle des bassins versants de l'Alitani et du Malani,,"2","901","1","3","2","3","4"
"3772",901AB,Socle du bassin versant du Tampok,,"2","901","1","3","2","3","4"
"3773",901AC,Socle du bassin versant de l'Inini,,"2","901","1","3","2","3","4"
"3774",901AD,Socle du bassin versant de la Waki,,"2","901","1","3","2","3","4"
"3775",901AE,Socle du bassin versant de la Camopi,,"2","901","1","3","2","3","4"
"3776",901AF,Socle du bassin versant de l'Oyapock de Trois Sauts à Camopi,,"2","901","1","3","2","3","4"
"3777",901AG,Socle du bassin versant de la Sikini,,"2","901","1","3","2","3","4"
"3778",901AH,Socle du bassin versant de la Noussiri,,"2","901","1","3","2","3","4"
"3779",901AI,Socle du bassin versant de l'Armontabo,,"2","901","1","3","2","3","4"
"3780",901AJ,Socle du bassin versant de la Gabaret,,"2","901","1","3","2","3","4"
"3781",901AK,Socle du bassin versant de la Ouanari,,"2","901","1","3","2","3","4"
"3782",901AL,Socle des bassins versants de l'Approuague et la Sapokaï jusqu'à l'Arataï,,"2","901","1","3","2","3","4"
"3783",901AM,Socle du bassin versant de l'Arataï,,"2","901","1","3","2","3","4"
"3784",901AN,Socle du bassin versant de l'Approuague depuis l'Arataï,,"2","901","1","3","2","3","4"
"3785",901AO,Socle du bassin versant de la Kourouaï,,"2","901","1","3","2","3","4"
"3786",901AP,Socle du bassin versant de Kaw,,"2","901","1","3","2","3","4"
"3787",901AA00,Socle des bassins versants de l'Alitani et du Malani,"10","3",901AA,"1","5","2","3","1"
"3788",901AB00,Socle du bassin versant du Tampok,"10","3",901AB,"1","5","2","3","1"
"3789",901AC00,Socle du bassin versant de l'Inini,"10","3",901AC,"1","5","2","3","1"
"3790",901AD00,Socle du bassin versant de la Waki,"10","3",901AD,"1","5","2","3","1"
"3791",901AE00,Socle du bassin versant de la Camopi,"10","3",901AE,"1","5","2","3","1"
"3792",901AF00,Socle du bassin versant de l'Oyapock de Trois Sauts à Camopi,"10","3",901AF,"1","5","2","3","1"
"3793",901AG00,Socle du bassin versant de la Sikini,"10","3",901AG,"1","5","2","3","1"
"3794",901AH00,Socle du bassin versant de la Noussiri,"10","3",901AH,"1","5","2","3","1"
"3795",901AI00,Socle du bassin versant de l'Armontabo,"10","3",901AI,"1","5","2","3","1"
"3796",901AJ00,Socle du bassin versant de la Gabaret,"20","3",901AJ,"1","5","2","3","1"
"3797",901AK00,Socle du bassin versant de la Ouanari,"20","3",901AK,"1","5","2","3","1"
"3798",972AA01,Formations des nuées ardentes récentes,"10","3",972AA,"2","5","1","5","1"
"3799",972AA03,Formations des dômes de laves massives,"20","3",972AA,"3","5","6","5","1"
"3800",972AA05,Formations des nuées ardentes de type Saint Vincent,"30","3",972AA,"2","5","1","5","1"
"3801",972AA07,Argiles varvées du paléo-lac de Champflore,"40","3",972AA,"1","6","1","2","1"
"3802",972AA09,Formations des premières nuées ardentes de l'édifice intermédiaire,"50","3",972AA,"2","5","1","5","1"
"3803",972AB01,Grès argileux et lahars de l'édifice ancien,"60","3",972AB,"3","6","1","2","1"
"3804",972AB03,Coulées autoclastiques d'andésites de l'édifice ancien,"70","3",972AB,"3","5","6","5","1"
"3805",972AC01,Laves et brèches du Mont Conil,"80","3",972AC,"3","5","6","5","1"
"3806",972AC03,Conglomérats de l'édifice initial du Mont Conil,"90","3",972AC,"3","6","1","2","1"
"3807",972AC05,Andésites de l'édifice initial du Mont Conil,"100","3",972AC,"3","5","6","5","1"
"3808",972AD01,Conglomérats des pitons du Carbet,"110","3",972AD,"3","6","1","2","1"
"3809",972AD03,Dômes et coulées d'andésites et dacites des pitons du Carbet,"120","3",972AD,"3","5","6","5","1"
"3810",972AD05,Conglomérats et lahars de la première phase des pitons du Carbet,"130","3",972AD,"3","6","1","2","1"
"3811",972AD07,Formations des pyroclastites de la première phase des pitons du Carbet,"140","3",972AD,"2","5","1","5","1"
"3812",972AD09,Formations des laves de fort de France et du Carbet ancien,"150","3",972AD,"3","5","6","5","1"
"3813",972AD11,Formations des conglomérats et lahars de l'édifice peléen du Carbet Ancien et de la seconde phase du Morne Jacob,"160","3",972AD,"3","6","1","2","1"
"3814",972AD13,Formations des pyroclastites de l'édifice peléen du Carbet Ancien,"170","3",972AD,"2","5","1","5","1"
"3815",972AE01,Formations des laves du Morne Larcher et du cycle éruptif des Roches Genty,"180","3",972AE,"3","5","6","5","1"
"3816",972AE03,Formations des Brèches du cycle éruptif des Roches Genty,"190","3",972AE,"3","5","7","5","1"
"3817",972AF01,Formations des andésites,"200","3",972AF,"3","5","6","5","1"
"3818",972AF03,Formations des conglomérats et lahars du Morne Jacob,"210","3",972AF,"3","6","1","2","1"
"3821",972AF09,Formations volcano-sédimentaires de Sainte Marie et de Fort de France,"240","3",972AF,"3","6","7","2","1"
"3822",972AG01,Laves du Morne Pavillon,"250","3",972AG,"3","5","6","5","1"
"3823",972AG03,Brèches et tufs du volcanisme fissural du Sud Martiniquais,"260","3",972AG,"3","5","7","5","1"
"3824",972AG05,Laves de l'axe Rivière Salée - Ste Luce et de l'épisode final de la Montagne du Vauclin,"270","3",972AG,"3","5","6","5","1"
"3825",972AG07,"Tuffites, hyaloclastites et conglomérats du Vauclin et de Sainte Luce","280","3",972AG,"3","5","7","5","1"
"3826",972AG09,Laves de Rivière Pilote,"290","3",972AG,"3","5","6","5","1"
"3827",972AG11,Brèches et conglomérats de Rivière Pilote,"300","3",972AG,"3","5","7","5","1"
"3828",972AG13,Laves de Rivière Pilote et du Vauclin,"310","3",972AG,"3","5","6","5","1"
"3829",972AG15,Hyaloclastites et tuffites calcaires de Vauclin-Pitault,"320","3",972AG,"3","5","7","5","1"
"3830",972AG17,Laves de Vert Pré et du François,"330","3",972AG,"3","5","6","5","1"
"3831",972AG19,"Hyaloclastites, conglomérats et calcaires du François","340","3",972AG,"3","5","7","5","1"
"3832",972AH01,Calcaires de Sainte Anne,"350","3",972AH,"2","5","3","2","1"
"3833",972AH03,Laves de Sainte Anne,"360","3",972AH,"3","5","6","5","1"
"3834",972AH05,Tufs de Fond Moustique,"370","3",972AH,"3","5","7","5","1"
"3835",972AH07,Andésites du complexe de base,"380","3",972AH,"3","5","6","5","1"
"3836",972AH09,Hyaloclastites du complexe de base,"390","3",972AH,"3","5","7","5","1"
"3837",972AA,Formations volcaniques de la Montagne Pelée,,"2","972",X,"3","7","5","4"
"3838",972AB,Formations volcaniques de l'édifice ancien de la Montagne Pelée,,"2","972","3","3","7","5","4"
"3839",972AC,Formations volcaniques du Mont Conil,,"2","972","3","3","7","5","4"
"3840",972AD,Formations volcaniques des pitons du Carbets,,"2","972",X,"3","7","5","4"
"3841",972AE,Formations volcaniques du Morne Larcher et des Roches Genty,,"2","972","3","3","7","5","4"
"3842",972AF,Formations volcaniques  du Morne Jacob,,"2","972","3","3","7","5","4"
"3843",972AG,Formations volcaniques du Sud ,,"2","972","3","3","7","5","4"
"3844",972AH,Formations volcaniques de Sainte-Anne et du complexe de base,,"2","972",X,"3",X,"5","4"
"3845","976",Grand système aquifère de Mayotte,,"1",,X,"1",X,"5","4"
"3846",976AA,Laves basaltiques et intrusions phonolithiques pliocènes du Complexe volcanique nord-ouest de Mayotte,,"2","976","3","3","6","5","4"
"3847",976AA01,Laves basaltiques et intrusions phonolitiques pliocènes associées aux édifices volcaniques des secteurs Chiconi-Sohoa et Tsingoni,"3","3",976AA,"0","5","6","5","1"
"3848",976AA03,"Laves basaltiques pliocènes des massifs du Mlima Dziani Bolé, du Maeva Ranou, d’Hachiroungou et des secteurs de Dzoumonyé et de Mtsangamouji","10","3",976AA,"3","5","6","5","1"
"3849",976AC,"Laves basaltiques, pyroclastites et intrusions phonolithiques plio-pléistocènes des Complexes volcaniques du Digo et de Mtsapere",,"2","976","3","3","10","5","4"
"3850",976AC01,Pyroclastites pléistocènes de Kaweni,"1","3",976AC,"2","5","1","5","1"
"3851",976AC03,Laves basaltiques plio-pléistocènes du Mlima Tsapéré,"1","3",976AC,"2","5","6","5","1"
"3852",976AC05,Laves basaltiques ankaramitiques et intrusions phonolithiques plio-pléistocènes des crêtes des Mlima Combani et Maévadoani,"1","3",976AC,"2","5","6","5","1"
"3853",976AC07,"Laves basaltiques et formations volcano-sédimentaires plio-pléistocènes des Planèzes de Gomeni, Hachike, Kahani, Mrereni et Ouangani-Barakani","1","3",976AC,"0","6","7","5","1"
"3854",976AC09,Laves basaltiques plio-pléistocènes du Mlima Digo et des secteurs de Mtsangamouji et Bandrazia,"1","3",976AC,"3","5","7","5","1"
"3855",976AC11,Laves basaltiques pléistocènes du secteur de Mlima Mahojani,"1","3",976AC,"0","6","7","5","1"
"3856",976AE,Formations volcano-sédimentaires plio-pléistocènes du nord-ouest de Mayotte jusqu'au secteur des Monts Bénéra,,"2","976","0","4","7","5","4"
"3857",976AE01,"Formations volcano-sédimentaires plio-pléistocènes au potentiel aquifère variable (Nord-Ouest de Mayotte, Mlima Digo, Mlima Mtsapéré, Monts Bénara)","5","3",976AE,"0","6","7","5","1"
"3858",976AE03,Formations volcano-sédimentaires pliocènes imperméables des secteurs de Mtsangamouji et Dzoumonyé,"5","3",976AE,"6","7",X,"5","1"
"3859",976AG,Laves basaltiques et intrusions phonolitiques pliocènes du secteur des Monts Bénara,,"2","976","2","4","6","5","4"
"3860",976AG01,Laves basaltiques et intrusions phonolitiques pliocènes des crêtes Nord et Est des Monts Bénara,"1","3",976AG,"2","6","6","5","1"
"3861",976AG03,Laves basaltiques et intrusions phonolitiques pliocènes des crêtes Sud-Ouest des Monts Bénara,"1","3",976AG,"2","5","6","5","1"
"3862",976AG05,Massifs de phonolithes des secteurs de Hajangoua et de Gogorakanza,"1","3",976AG,"2","6","6","5","1"
"3863",976AI,Laves basaltiques et intrusions phonolitiques pliocènes du Complexe volcanique sud de Mayotte,,"2","976","2","3","7","5","4"
"3864",976AI01,"Laves basaltiques et intrusions phonolitiques pliocènes des crêtes de Ngoujou, Bougoundravani et du Mlima Kani Kéli","1","3",976AI,"2","6","7","5","1"
"3865",976AI03,"Laves basaltiques et intrusions phonolitiques pliocènes des crêtes des Mlima Chirongui, Choungi, Choungui Kéli et du Vatounkaridi","1","3",976AI,"2","5","7","5","1"
"3866",976AI05,Laves basaltiques pliocènes remplissant la paléovallée du secteur de Mronabéja,"1","3",976AI,"2","5","7","5","1"
"3867",976AK,Laves et pyroclastites pléistocènes de Petite Terre et des îles périphériques de Mayotte,,"2","976","2","5","1","5","4"
"3868",976AK01,Laves et pyroclastites pléistocènes de Petite Terre,"1","3",976AK,"2","5","1","5","1"
"3869",976AK03,Laves et pyroclastites pléistocènes à miocènes des îles périphériques de Mayotte (dont Chissioua Mtsamboro),"1","3",976AK,"0","0","0","5","1"
"3870",976AM,Laves basaltiques altérées du substratum d'âge Anté-Miocène à Miocène,,"2","976","6","4",X,"5","4"
"3871",976AM01,Laves basaltiques altérées du substratum d'âge Anté-Miocène à Miocène,"20","3",976AM,"6","7",X,"5","1"
"3872",971AA01,"Calcaires blancs à polypiers dits ""supérieurs""","10","3",971AA,"2","5","4","2","1"
"3873",971AA02,Niveau volcano-sédimentaire supérieur,"20","3",971AA,"1","6","4","2","1"
"3874",971AA03,"Calcaires biodétritiques à nodules algaires (rhodolites) dits ""inférieurs""","30","3",971AA,"3","5","4","2","1"
"3875",971AB01,Calcaires blancs à polypiers,"10","3",971AB,"2","5","4","2","1"
"3876",971AB02,Calcaires biodétritiques à nodules algaires (rhodolites),"20","3",971AB,"2","5","4","2","1"
"3877",971AB03,Substratum volcano-sédimentaire,"30","3",971AB,"1","6","7","2","1"
"3878",971AC01,Volcanisme quaternaire,"10","3",971AC,"3","5","6","5","1"
"3879",971AC02,Volcanisme pliocène,"20","3",971AC,"3","5","6","5","1"
"3880",971AC03,Volcanisme miocène,"30","3",971AC,"3","5","6","5","1"
"3881",971AC04,Formations carbonatées de la Plaine Nord Orientale,"40","3",971AC,"3","5","4","2","1"
"3882",971AC05,Complexe volcanique antémiocène,"50","3",971AC,"3","5","6","5","1"
"3883",971AD01,Calcaires pararécifaux et des sables de plage,"10","3",971AD,"2","5","1","2","1"
"3884",971AD02,Formation de la table calcaire,"10","3",971AD,"2","5","4","2","1"
"3885",971AD03,Substratum éruptif épimétamorphique,"10","3",971AD,"3","5","2","5","1"
"3886",971AE01,Formations volcaniques imperméables de Terre-de-Bas,"10","3",971AE,"1","7","0","5","1"
"3887",971AE02,Formations volcaniques imperméables de Terre-de-Haut,"10","3",971AE,"1","7","0","5","1"
"3888",971AF01,Formations récifales du Miocène,"10","3",971AF,"3","5","1","2","1"
"3889",971AF02,Volcanisme de l'Oligocène,"10","3",971AF,"3","5","2","5","1"
"3890",971AF03,Volcano-sédimentaire de l'Eocène,"10","3",971AF,"3","5","4","2","1"
"3891",971AG02,Formations sédimentaires de l'Eocène moyen,"20","3",971AG,"3","5","4","2","1"
"3892",971AG03,Formation volcanique de l'Eocène moyen,"30","3",971AG,"3","5","6","5","1"
"3893",971AG01,Formation volcanique de l'Oligocène,"10","3",971AG,"3","5","6","5","1"
"3894",971AA,Calcaires plio-pléistocènes de Grande-Terre,,"2","971","3","3","1","2","4"
"3895",971AB,Calcaires plio-pléistocènes de Marie-Galante,,"2","971","2","3","1","2","4"
"3896",971AC,Formations volcaniques de la Basse-Terre,,"2","971","3","3","6","5","4"
"3897",971AD,Formations volcaniques et sédimentaires de la Désirade,,"2","971","3","3","7","2","4"
"3898",971AE,Formations volcaniques des Saintes,,"2","971","1","4","2","5","4"
"3899",971AF,Formations volcaniques et sédimentaires de Saint-Martin,,"2","971","3","3","7","5","4"
"3900",971AG,Formations volcaniques et sédimentaires de Saint-Barthélemy,,"2","971","3","3","7","5","4"
"3901","971",Grand système aquifère de Guadeloupe,,"1",,X,"1",X,"2","4"
"3902",971AF04,Alluvions récentes quaternaires,"5","3",971AF,"2","5","1","1","1"
"3903","972",Grand système aquifère volcanique de Martinique,,"1",,X,"1",X,"5","4"
